filename,width,height,class,xmin,ymin,xmax,ymax
b--48-_jpg.rf.9zgsjySGcll7t5ilnKRI.jpg,563,537,Microplastic,164,0,192,8
b--48-_jpg.rf.9zgsjySGcll7t5ilnKRI.jpg,563,537,Microplastic,453,100,478,120
b--48-_jpg.rf.9zgsjySGcll7t5ilnKRI.jpg,563,537,Microplastic,232,141,269,161
b--48-_jpg.rf.9zgsjySGcll7t5ilnKRI.jpg,563,537,Microplastic,301,158,315,177
b--48-_jpg.rf.9zgsjySGcll7t5ilnKRI.jpg,563,537,Microplastic,467,216,511,298
b--48-_jpg.rf.9zgsjySGcll7t5ilnKRI.jpg,563,537,Microplastic,302,281,317,312
b--48-_jpg.rf.9zgsjySGcll7t5ilnKRI.jpg,563,537,Microplastic,70,389,122,467
b--48-_jpg.rf.9zgsjySGcll7t5ilnKRI.jpg,563,537,Microplastic,243,476,255,501
b--48-_jpg.rf.9zgsjySGcll7t5ilnKRI.jpg,563,537,Microplastic,197,475,222,505
b--48-_jpg.rf.9zgsjySGcll7t5ilnKRI.jpg,563,537,Microplastic,107,503,129,527
b--194-_jpg.rf.3gd9OjstEiITCQnd5ZwF.jpg,563,537,Microplastic,355,64,390,98
b--194-_jpg.rf.3gd9OjstEiITCQnd5ZwF.jpg,563,537,Microplastic,270,150,326,194
b--194-_jpg.rf.3gd9OjstEiITCQnd5ZwF.jpg,563,537,Microplastic,354,205,369,228
b--194-_jpg.rf.3gd9OjstEiITCQnd5ZwF.jpg,563,537,Microplastic,29,285,59,321
b--194-_jpg.rf.3gd9OjstEiITCQnd5ZwF.jpg,563,537,Microplastic,212,319,251,366
b--194-_jpg.rf.3gd9OjstEiITCQnd5ZwF.jpg,563,537,Microplastic,20,385,42,421
b--194-_jpg.rf.3gd9OjstEiITCQnd5ZwF.jpg,563,537,Microplastic,195,441,219,479
b--194-_jpg.rf.3gd9OjstEiITCQnd5ZwF.jpg,563,537,Microplastic,0,523,13,536
111_jpg.rf.vazMApMbxkKVbRrAdls8.jpg,563,537,Microplastic,174,0,193,7
111_jpg.rf.vazMApMbxkKVbRrAdls8.jpg,563,537,Microplastic,282,0,306,25
111_jpg.rf.vazMApMbxkKVbRrAdls8.jpg,563,537,Microplastic,279,64,305,83
111_jpg.rf.vazMApMbxkKVbRrAdls8.jpg,563,537,Microplastic,430,82,462,104
111_jpg.rf.vazMApMbxkKVbRrAdls8.jpg,563,537,Microplastic,460,102,487,123
111_jpg.rf.vazMApMbxkKVbRrAdls8.jpg,563,537,Microplastic,422,107,448,129
111_jpg.rf.vazMApMbxkKVbRrAdls8.jpg,563,537,Microplastic,0,165,9,189
111_jpg.rf.vazMApMbxkKVbRrAdls8.jpg,563,537,Microplastic,482,194,529,228
111_jpg.rf.vazMApMbxkKVbRrAdls8.jpg,563,537,Microplastic,260,234,282,263
111_jpg.rf.vazMApMbxkKVbRrAdls8.jpg,563,537,Microplastic,112,237,148,274
111_jpg.rf.vazMApMbxkKVbRrAdls8.jpg,563,537,Microplastic,100,302,130,332
111_jpg.rf.vazMApMbxkKVbRrAdls8.jpg,563,537,Microplastic,375,340,403,364
111_jpg.rf.vazMApMbxkKVbRrAdls8.jpg,563,537,Microplastic,457,352,477,396
111_jpg.rf.vazMApMbxkKVbRrAdls8.jpg,563,537,Microplastic,42,397,80,432
111_jpg.rf.vazMApMbxkKVbRrAdls8.jpg,563,537,Microplastic,262,490,296,521
Screenshot 2026-04-19 at 4-32-32 PM_png.rf.JcDbpbAW3GHSUS5gvzmz.png,1514,846,Microplastic,1011,91,1076,148
Screenshot 2026-04-19 at 4-32-32 PM_png.rf.JcDbpbAW3GHSUS5gvzmz.png,1514,846,Microplastic,108,59,172,122
Screenshot 2026-04-19 at 4-32-32 PM_png.rf.JcDbpbAW3GHSUS5gvzmz.png,1514,846,Microplastic,445,318,508,379
Screenshot 2026-04-19 at 4-32-32 PM_png.rf.JcDbpbAW3GHSUS5gvzmz.png,1514,846,Microplastic,993,640,1089,693
Screenshot 2026-04-19 at 4-32-32 PM_png.rf.JcDbpbAW3GHSUS5gvzmz.png,1514,846,Microplastic,1277,345,1326,393
Screenshot 2026-04-19 at 4-32-32 PM_png.rf.JcDbpbAW3GHSUS5gvzmz.png,1514,846,Microplastic,1086,379,1129,417
Screenshot 2026-04-19 at 4-32-32 PM_png.rf.JcDbpbAW3GHSUS5gvzmz.png,1514,846,Microplastic,435,433,549,523
Screenshot 2026-04-19 at 4-32-32 PM_png.rf.JcDbpbAW3GHSUS5gvzmz.png,1514,846,Microplastic,971,370,1018,411
a--46-_jpg.rf.pzRWSIaYPkK0vOCrhx83.jpg,563,537,Microplastic,322,246,394,311
a--46-_jpg.rf.pzRWSIaYPkK0vOCrhx83.jpg,563,537,Microplastic,231,374,314,448
a--46-_jpg.rf.pzRWSIaYPkK0vOCrhx83.jpg,563,537,Microplastic,139,330,217,414
a--46-_jpg.rf.pzRWSIaYPkK0vOCrhx83.jpg,563,537,Microplastic,2,397,85,468
a--46-_jpg.rf.pzRWSIaYPkK0vOCrhx83.jpg,563,537,Microplastic,30,107,100,178
c--102-_jpg.rf.7FiReZw3J9o4dD8Mo2Oz.jpg,563,537,Microplastic,427,9,464,51
c--102-_jpg.rf.7FiReZw3J9o4dD8Mo2Oz.jpg,563,537,Microplastic,271,157,302,196
c--102-_jpg.rf.7FiReZw3J9o4dD8Mo2Oz.jpg,563,537,Microplastic,152,238,182,267
c--102-_jpg.rf.7FiReZw3J9o4dD8Mo2Oz.jpg,563,537,Microplastic,511,257,559,307
c--102-_jpg.rf.7FiReZw3J9o4dD8Mo2Oz.jpg,563,537,Microplastic,106,524,135,536
c--111-_jpg.rf.BCFfqgXJLzkM9MpKgsH4.jpg,563,537,Microplastic,161,173,182,200
c--111-_jpg.rf.BCFfqgXJLzkM9MpKgsH4.jpg,563,537,Microplastic,0,205,20,228
c--111-_jpg.rf.BCFfqgXJLzkM9MpKgsH4.jpg,563,537,Microplastic,62,214,93,257
c--111-_jpg.rf.BCFfqgXJLzkM9MpKgsH4.jpg,563,537,Microplastic,172,324,265,383
c--111-_jpg.rf.BCFfqgXJLzkM9MpKgsH4.jpg,563,537,Microplastic,0,465,25,505
c--111-_jpg.rf.BCFfqgXJLzkM9MpKgsH4.jpg,563,537,Microplastic,68,502,115,536
b--74-_jpg.rf.A1auRdB0MthTAbUgayMb.jpg,563,537,Microplastic,21,19,46,45
b--74-_jpg.rf.A1auRdB0MthTAbUgayMb.jpg,563,537,Microplastic,65,0,86,8
b--74-_jpg.rf.A1auRdB0MthTAbUgayMb.jpg,563,537,Microplastic,378,39,400,73
b--74-_jpg.rf.A1auRdB0MthTAbUgayMb.jpg,563,537,Microplastic,405,91,445,115
b--74-_jpg.rf.A1auRdB0MthTAbUgayMb.jpg,563,537,Microplastic,231,193,249,206
b--74-_jpg.rf.A1auRdB0MthTAbUgayMb.jpg,563,537,Microplastic,296,187,308,206
b--74-_jpg.rf.A1auRdB0MthTAbUgayMb.jpg,563,537,Microplastic,281,273,306,292
b--74-_jpg.rf.A1auRdB0MthTAbUgayMb.jpg,563,537,Microplastic,204,235,215,250
b--74-_jpg.rf.A1auRdB0MthTAbUgayMb.jpg,563,537,Microplastic,196,269,209,287
b--74-_jpg.rf.A1auRdB0MthTAbUgayMb.jpg,563,537,Microplastic,457,430,485,466
b--74-_jpg.rf.A1auRdB0MthTAbUgayMb.jpg,563,537,Microplastic,297,495,343,530
b--74-_jpg.rf.A1auRdB0MthTAbUgayMb.jpg,563,537,Microplastic,24,476,47,511
b--74-_jpg.rf.A1auRdB0MthTAbUgayMb.jpg,563,537,Microplastic,49,510,69,526
b--74-_jpg.rf.A1auRdB0MthTAbUgayMb.jpg,563,537,Microplastic,22,521,43,536
b--74-_jpg.rf.A1auRdB0MthTAbUgayMb.jpg,563,537,Microplastic,391,469,409,493
b--74-_jpg.rf.A1auRdB0MthTAbUgayMb.jpg,563,537,Microplastic,525,368,542,392
b--74-_jpg.rf.A1auRdB0MthTAbUgayMb.jpg,563,537,Microplastic,227,368,239,384
b--74-_jpg.rf.A1auRdB0MthTAbUgayMb.jpg,563,537,Microplastic,328,320,341,357
b--74-_jpg.rf.A1auRdB0MthTAbUgayMb.jpg,563,537,Microplastic,241,294,253,310
b--74-_jpg.rf.A1auRdB0MthTAbUgayMb.jpg,563,537,Microplastic,255,287,268,306
b--74-_jpg.rf.A1auRdB0MthTAbUgayMb.jpg,563,537,Microplastic,280,297,289,316
b--74-_jpg.rf.A1auRdB0MthTAbUgayMb.jpg,563,537,Microplastic,281,368,292,387
b--74-_jpg.rf.A1auRdB0MthTAbUgayMb.jpg,563,537,Microplastic,446,179,461,190
b--74-_jpg.rf.A1auRdB0MthTAbUgayMb.jpg,563,537,Microplastic,186,108,210,120
a--75-_jpg.rf.yyOpLvnNtcrDhcyWM29S.jpg,563,537,Microplastic,306,77,378,151
a--75-_jpg.rf.yyOpLvnNtcrDhcyWM29S.jpg,563,537,Microplastic,331,208,414,280
a--75-_jpg.rf.yyOpLvnNtcrDhcyWM29S.jpg,563,537,Microplastic,393,294,448,357
a--75-_jpg.rf.yyOpLvnNtcrDhcyWM29S.jpg,563,537,Microplastic,285,322,376,387
a--75-_jpg.rf.yyOpLvnNtcrDhcyWM29S.jpg,563,537,Microplastic,224,504,292,536
d--35-_jpg.rf.1Bn3eWv9mU0YXJfGGMuA.jpg,563,537,Microplastic,0,112,172,266
d--35-_jpg.rf.1Bn3eWv9mU0YXJfGGMuA.jpg,563,537,Microplastic,0,220,54,420
d--35-_jpg.rf.1Bn3eWv9mU0YXJfGGMuA.jpg,563,537,Microplastic,405,184,562,319
b--198-_jpg.rf.Ak7ReauUnPMhnS2Xokkc.jpg,563,537,Microplastic,0,97,27,148
b--198-_jpg.rf.Ak7ReauUnPMhnS2Xokkc.jpg,563,537,Microplastic,187,194,223,235
b--198-_jpg.rf.Ak7ReauUnPMhnS2Xokkc.jpg,563,537,Microplastic,255,260,288,301
b--198-_jpg.rf.Ak7ReauUnPMhnS2Xokkc.jpg,563,537,Microplastic,348,263,377,325
b--198-_jpg.rf.Ak7ReauUnPMhnS2Xokkc.jpg,563,537,Microplastic,124,290,143,319
b--198-_jpg.rf.Ak7ReauUnPMhnS2Xokkc.jpg,563,537,Microplastic,495,327,525,371
b--198-_jpg.rf.Ak7ReauUnPMhnS2Xokkc.jpg,563,537,Microplastic,294,399,373,451
b--198-_jpg.rf.Ak7ReauUnPMhnS2Xokkc.jpg,563,537,Microplastic,107,427,132,455
b--198-_jpg.rf.Ak7ReauUnPMhnS2Xokkc.jpg,563,537,Microplastic,454,454,476,491
b--198-_jpg.rf.Ak7ReauUnPMhnS2Xokkc.jpg,563,537,Microplastic,0,440,13,511
b--198-_jpg.rf.Ak7ReauUnPMhnS2Xokkc.jpg,563,537,Microplastic,330,520,375,536
c--101-_jpg.rf.uuHVjQ3NHVlnUfxyjkJt.jpg,563,537,Microplastic,0,118,34,150
c--101-_jpg.rf.uuHVjQ3NHVlnUfxyjkJt.jpg,563,537,Microplastic,502,117,545,151
c--101-_jpg.rf.uuHVjQ3NHVlnUfxyjkJt.jpg,563,537,Microplastic,286,130,319,165
c--101-_jpg.rf.uuHVjQ3NHVlnUfxyjkJt.jpg,563,537,Microplastic,517,325,562,359
c--101-_jpg.rf.uuHVjQ3NHVlnUfxyjkJt.jpg,563,537,Microplastic,86,530,115,536
b--191-_jpg.rf.uVB4niouasOkPo9lYUzZ.jpg,563,537,Microplastic,74,13,92,33
b--191-_jpg.rf.uVB4niouasOkPo9lYUzZ.jpg,563,537,Microplastic,14,47,40,67
b--191-_jpg.rf.uVB4niouasOkPo9lYUzZ.jpg,563,537,Microplastic,214,132,242,157
b--191-_jpg.rf.uVB4niouasOkPo9lYUzZ.jpg,563,537,Microplastic,72,290,115,311
b--191-_jpg.rf.uVB4niouasOkPo9lYUzZ.jpg,563,537,Microplastic,249,317,287,355
b--191-_jpg.rf.uVB4niouasOkPo9lYUzZ.jpg,563,537,Microplastic,410,340,441,377
b--191-_jpg.rf.uVB4niouasOkPo9lYUzZ.jpg,563,537,Microplastic,92,344,119,387
b--191-_jpg.rf.uVB4niouasOkPo9lYUzZ.jpg,563,537,Microplastic,207,467,244,488
c--66-_jpg.rf.q3qqZKByXMkrVmzqjhYv.jpg,563,537,Microplastic,6,0,43,33
c--66-_jpg.rf.q3qqZKByXMkrVmzqjhYv.jpg,563,537,Microplastic,378,0,405,45
c--66-_jpg.rf.q3qqZKByXMkrVmzqjhYv.jpg,563,537,Microplastic,468,95,513,144
c--66-_jpg.rf.q3qqZKByXMkrVmzqjhYv.jpg,563,537,Microplastic,426,78,457,162
c--66-_jpg.rf.q3qqZKByXMkrVmzqjhYv.jpg,563,537,Microplastic,523,185,552,216
c--66-_jpg.rf.q3qqZKByXMkrVmzqjhYv.jpg,563,537,Microplastic,513,242,546,289
c--66-_jpg.rf.q3qqZKByXMkrVmzqjhYv.jpg,563,537,Microplastic,42,260,103,307
c--66-_jpg.rf.q3qqZKByXMkrVmzqjhYv.jpg,563,537,Microplastic,321,283,355,310
c--66-_jpg.rf.q3qqZKByXMkrVmzqjhYv.jpg,563,537,Microplastic,0,300,15,345
c--66-_jpg.rf.q3qqZKByXMkrVmzqjhYv.jpg,563,537,Microplastic,151,419,185,443
c--66-_jpg.rf.q3qqZKByXMkrVmzqjhYv.jpg,563,537,Microplastic,477,434,510,474
c--66-_jpg.rf.q3qqZKByXMkrVmzqjhYv.jpg,563,537,Microplastic,410,485,444,521
c--66-_jpg.rf.q3qqZKByXMkrVmzqjhYv.jpg,563,537,Microplastic,30,488,103,536
c--103-_jpg.rf.acyb394E5V0oSmVoTY4V.jpg,563,537,Microplastic,232,117,290,160
c--103-_jpg.rf.acyb394E5V0oSmVoTY4V.jpg,563,537,Microplastic,332,135,366,178
c--103-_jpg.rf.acyb394E5V0oSmVoTY4V.jpg,563,537,Microplastic,489,145,530,170
c--103-_jpg.rf.acyb394E5V0oSmVoTY4V.jpg,563,537,Microplastic,490,219,517,250
c--103-_jpg.rf.acyb394E5V0oSmVoTY4V.jpg,563,537,Microplastic,196,347,224,372
c--103-_jpg.rf.acyb394E5V0oSmVoTY4V.jpg,563,537,Microplastic,53,505,92,536
c--103-_jpg.rf.acyb394E5V0oSmVoTY4V.jpg,563,537,Microplastic,125,507,160,536
128_jpg.rf.xhk5FuZaU1IscgZTc04x.jpg,563,537,Microplastic,220,41,244,67
128_jpg.rf.xhk5FuZaU1IscgZTc04x.jpg,563,537,Microplastic,96,66,120,93
128_jpg.rf.xhk5FuZaU1IscgZTc04x.jpg,563,537,Microplastic,475,95,499,122
128_jpg.rf.xhk5FuZaU1IscgZTc04x.jpg,563,537,Microplastic,150,99,189,135
128_jpg.rf.xhk5FuZaU1IscgZTc04x.jpg,563,537,Microplastic,91,109,116,127
128_jpg.rf.xhk5FuZaU1IscgZTc04x.jpg,563,537,Microplastic,280,124,309,163
128_jpg.rf.xhk5FuZaU1IscgZTc04x.jpg,563,537,Microplastic,327,150,348,182
128_jpg.rf.xhk5FuZaU1IscgZTc04x.jpg,563,537,Microplastic,405,159,441,179
128_jpg.rf.xhk5FuZaU1IscgZTc04x.jpg,563,537,Microplastic,98,183,114,203
128_jpg.rf.xhk5FuZaU1IscgZTc04x.jpg,563,537,Microplastic,0,195,8,239
128_jpg.rf.xhk5FuZaU1IscgZTc04x.jpg,563,537,Microplastic,442,214,462,239
128_jpg.rf.xhk5FuZaU1IscgZTc04x.jpg,563,537,Microplastic,212,215,248,246
128_jpg.rf.xhk5FuZaU1IscgZTc04x.jpg,563,537,Microplastic,192,236,207,251
128_jpg.rf.xhk5FuZaU1IscgZTc04x.jpg,563,537,Microplastic,382,230,416,261
128_jpg.rf.xhk5FuZaU1IscgZTc04x.jpg,563,537,Microplastic,158,249,170,266
128_jpg.rf.xhk5FuZaU1IscgZTc04x.jpg,563,537,Microplastic,24,277,52,295
128_jpg.rf.xhk5FuZaU1IscgZTc04x.jpg,563,537,Microplastic,430,272,487,312
128_jpg.rf.xhk5FuZaU1IscgZTc04x.jpg,563,537,Microplastic,154,322,187,350
128_jpg.rf.xhk5FuZaU1IscgZTc04x.jpg,563,537,Microplastic,237,334,257,370
128_jpg.rf.xhk5FuZaU1IscgZTc04x.jpg,563,537,Microplastic,459,429,481,466
128_jpg.rf.xhk5FuZaU1IscgZTc04x.jpg,563,537,Microplastic,385,479,429,515
c--8-_jpg.rf.19c0zGRWdf6LHxNoanYA.jpg,563,537,Microplastic,421,124,457,151
c--8-_jpg.rf.19c0zGRWdf6LHxNoanYA.jpg,563,537,Microplastic,176,148,218,182
c--8-_jpg.rf.19c0zGRWdf6LHxNoanYA.jpg,563,537,Microplastic,502,208,524,224
c--8-_jpg.rf.19c0zGRWdf6LHxNoanYA.jpg,563,537,Microplastic,162,217,176,241
c--8-_jpg.rf.19c0zGRWdf6LHxNoanYA.jpg,563,537,Microplastic,148,277,166,298
c--8-_jpg.rf.19c0zGRWdf6LHxNoanYA.jpg,563,537,Microplastic,171,307,192,334
c--8-_jpg.rf.19c0zGRWdf6LHxNoanYA.jpg,563,537,Microplastic,442,353,473,378
c--8-_jpg.rf.19c0zGRWdf6LHxNoanYA.jpg,563,537,Microplastic,363,433,428,499
c--8-_jpg.rf.19c0zGRWdf6LHxNoanYA.jpg,563,537,Microplastic,108,443,155,528
c--8-_jpg.rf.19c0zGRWdf6LHxNoanYA.jpg,563,537,Microplastic,292,0,334,13
a--5-_jpg.rf.fYB6Z1BQK1jYvFxRlqmx.jpg,563,537,Microplastic,261,79,340,159
a--5-_jpg.rf.fYB6Z1BQK1jYvFxRlqmx.jpg,563,537,Microplastic,225,267,309,333
a--5-_jpg.rf.fYB6Z1BQK1jYvFxRlqmx.jpg,563,537,Microplastic,88,504,169,536
a--5-_jpg.rf.fYB6Z1BQK1jYvFxRlqmx.jpg,563,537,Microplastic,0,455,76,515
Screenshot 2026-04-19 at 4-34-26 PM_png.rf.Z7Y9y9X1JhCRXXTBAGnz.png,1500,806,Microplastic,115,474,160,516
Screenshot 2026-04-19 at 4-34-26 PM_png.rf.Z7Y9y9X1JhCRXXTBAGnz.png,1500,806,Microplastic,639,282,664,305
Screenshot 2026-04-19 at 4-34-26 PM_png.rf.Z7Y9y9X1JhCRXXTBAGnz.png,1500,806,Microplastic,214,30,241,55
Screenshot 2026-04-19 at 4-34-26 PM_png.rf.Z7Y9y9X1JhCRXXTBAGnz.png,1500,806,Microplastic,831,525,858,550
Screenshot 2026-04-19 at 4-34-26 PM_png.rf.Z7Y9y9X1JhCRXXTBAGnz.png,1500,806,Microplastic,258,209,286,234
Screenshot 2026-04-19 at 4-34-26 PM_png.rf.Z7Y9y9X1JhCRXXTBAGnz.png,1500,806,Microplastic,343,613,369,639
Screenshot 2026-04-19 at 4-34-26 PM_png.rf.Z7Y9y9X1JhCRXXTBAGnz.png,1500,806,Microplastic,691,428,716,452
Screenshot 2026-04-19 at 4-34-26 PM_png.rf.Z7Y9y9X1JhCRXXTBAGnz.png,1500,806,Microplastic,525,251,548,273
Screenshot 2026-04-19 at 4-34-26 PM_png.rf.Z7Y9y9X1JhCRXXTBAGnz.png,1500,806,Microplastic,1443,553,1469,578
Screenshot 2026-04-19 at 4-34-26 PM_png.rf.Z7Y9y9X1JhCRXXTBAGnz.png,1500,806,Microplastic,1382,544,1410,571
Screenshot 2026-04-19 at 4-34-26 PM_png.rf.Z7Y9y9X1JhCRXXTBAGnz.png,1500,806,Microplastic,1453,354,1476,375
Screenshot 2026-04-19 at 4-34-26 PM_png.rf.Z7Y9y9X1JhCRXXTBAGnz.png,1500,806,Microplastic,1120,544,1139,566
Screenshot 2026-04-19 at 4-34-26 PM_png.rf.Z7Y9y9X1JhCRXXTBAGnz.png,1500,806,Microplastic,1338,265,1383,306
Screenshot 2026-04-19 at 4-34-26 PM_png.rf.Z7Y9y9X1JhCRXXTBAGnz.png,1500,806,Microplastic,422,432,454,466
Screenshot 2026-04-19 at 4-34-26 PM_png.rf.Z7Y9y9X1JhCRXXTBAGnz.png,1500,806,Microplastic,748,452,769,473
Screenshot 2026-04-19 at 4-34-26 PM_png.rf.Z7Y9y9X1JhCRXXTBAGnz.png,1500,806,Microplastic,292,529,310,556
Screenshot 2026-04-19 at 4-34-26 PM_png.rf.Z7Y9y9X1JhCRXXTBAGnz.png,1500,806,Microplastic,1087,401,1108,420
Screenshot 2026-04-19 at 4-34-26 PM_png.rf.Z7Y9y9X1JhCRXXTBAGnz.png,1500,806,Microplastic,653,320,717,390
Screenshot 2026-04-19 at 4-34-26 PM_png.rf.Z7Y9y9X1JhCRXXTBAGnz.png,1500,806,Microplastic,64,359,84,380
Screenshot 2026-04-19 at 4-34-26 PM_png.rf.Z7Y9y9X1JhCRXXTBAGnz.png,1500,806,Microplastic,842,477,864,499
Screenshot 2026-04-19 at 4-34-26 PM_png.rf.Z7Y9y9X1JhCRXXTBAGnz.png,1500,806,Microplastic,284,595,306,624
Screenshot 2026-04-19 at 4-34-26 PM_png.rf.Z7Y9y9X1JhCRXXTBAGnz.png,1500,806,Microplastic,1029,208,1049,228
Screenshot 2026-04-19 at 4-34-26 PM_png.rf.Z7Y9y9X1JhCRXXTBAGnz.png,1500,806,Microplastic,1485,294,1500,317
Screenshot 2026-04-19 at 4-34-26 PM_png.rf.Z7Y9y9X1JhCRXXTBAGnz.png,1500,806,Microplastic,1022,65,1049,90
Screenshot 2026-04-19 at 4-34-26 PM_png.rf.Z7Y9y9X1JhCRXXTBAGnz.png,1500,806,Microplastic,38,149,60,175
Screenshot 2026-04-19 at 4-34-26 PM_png.rf.Z7Y9y9X1JhCRXXTBAGnz.png,1500,806,Microplastic,942,609,962,632
Screenshot 2026-04-19 at 4-34-26 PM_png.rf.Z7Y9y9X1JhCRXXTBAGnz.png,1500,806,Microplastic,427,20,448,44
Screenshot 2026-04-19 at 4-34-26 PM_png.rf.Z7Y9y9X1JhCRXXTBAGnz.png,1500,806,Microplastic,36,604,54,628
Screenshot 2026-04-19 at 4-34-26 PM_png.rf.Z7Y9y9X1JhCRXXTBAGnz.png,1500,806,Microplastic,1125,605,1262,714
Screenshot 2026-04-19 at 4-34-26 PM_png.rf.Z7Y9y9X1JhCRXXTBAGnz.png,1500,806,Microplastic,1,317,21,335
Screenshot 2026-04-19 at 4-34-26 PM_png.rf.Z7Y9y9X1JhCRXXTBAGnz.png,1500,806,Microplastic,1069,291,1089,311
Screenshot 2026-04-19 at 4-34-26 PM_png.rf.Z7Y9y9X1JhCRXXTBAGnz.png,1500,806,Microplastic,1471,242,1498,274
c--81-_jpg.rf.5uN89d7WAwBOrLNG7cq0.jpg,563,537,Microplastic,393,0,433,26
c--81-_jpg.rf.5uN89d7WAwBOrLNG7cq0.jpg,563,537,Microplastic,236,2,259,21
c--81-_jpg.rf.5uN89d7WAwBOrLNG7cq0.jpg,563,537,Microplastic,58,52,59,53
c--81-_jpg.rf.5uN89d7WAwBOrLNG7cq0.jpg,563,537,Microplastic,142,175,162,192
c--81-_jpg.rf.5uN89d7WAwBOrLNG7cq0.jpg,563,537,Microplastic,502,245,535,274
c--81-_jpg.rf.5uN89d7WAwBOrLNG7cq0.jpg,563,537,Microplastic,52,268,74,288
c--81-_jpg.rf.5uN89d7WAwBOrLNG7cq0.jpg,563,537,Microplastic,128,275,162,299
c--81-_jpg.rf.5uN89d7WAwBOrLNG7cq0.jpg,563,537,Microplastic,468,328,502,366
c--81-_jpg.rf.5uN89d7WAwBOrLNG7cq0.jpg,563,537,Microplastic,66,378,83,397
c--81-_jpg.rf.5uN89d7WAwBOrLNG7cq0.jpg,563,537,Microplastic,421,409,440,434
c--1-_jpg.rf.JkyPPNkj5acbU2Mb8Cn5.jpg,563,537,Microplastic,361,19,398,52
c--1-_jpg.rf.JkyPPNkj5acbU2Mb8Cn5.jpg,563,537,Microplastic,296,35,332,67
c--1-_jpg.rf.JkyPPNkj5acbU2Mb8Cn5.jpg,563,537,Microplastic,146,140,190,180
c--1-_jpg.rf.JkyPPNkj5acbU2Mb8Cn5.jpg,563,537,Microplastic,496,233,520,263
c--1-_jpg.rf.JkyPPNkj5acbU2Mb8Cn5.jpg,563,537,Microplastic,211,244,237,273
c--1-_jpg.rf.JkyPPNkj5acbU2Mb8Cn5.jpg,563,537,Microplastic,475,309,517,349
c--1-_jpg.rf.JkyPPNkj5acbU2Mb8Cn5.jpg,563,537,Microplastic,121,405,171,450
c--1-_jpg.rf.JkyPPNkj5acbU2Mb8Cn5.jpg,563,537,Microplastic,31,437,111,536
c--60-_jpg.rf.5LuxP8ivJt82wzhuTxdr.jpg,563,537,Microplastic,360,0,398,12
c--60-_jpg.rf.5LuxP8ivJt82wzhuTxdr.jpg,563,537,Microplastic,0,0,26,45
c--60-_jpg.rf.5LuxP8ivJt82wzhuTxdr.jpg,563,537,Microplastic,457,88,481,120
c--60-_jpg.rf.5LuxP8ivJt82wzhuTxdr.jpg,563,537,Microplastic,338,137,347,157
c--60-_jpg.rf.5LuxP8ivJt82wzhuTxdr.jpg,563,537,Microplastic,380,127,422,167
c--60-_jpg.rf.5LuxP8ivJt82wzhuTxdr.jpg,563,537,Microplastic,468,137,494,166
c--60-_jpg.rf.5LuxP8ivJt82wzhuTxdr.jpg,563,537,Microplastic,352,196,371,228
c--60-_jpg.rf.5LuxP8ivJt82wzhuTxdr.jpg,563,537,Microplastic,150,315,237,416
c--60-_jpg.rf.5LuxP8ivJt82wzhuTxdr.jpg,563,537,Microplastic,10,348,58,388
c--60-_jpg.rf.5LuxP8ivJt82wzhuTxdr.jpg,563,537,Microplastic,291,437,362,487
b--70-_jpg.rf.Rvg5qqeKPQz6lgqV8S11.jpg,563,537,Microplastic,320,13,356,38
b--70-_jpg.rf.Rvg5qqeKPQz6lgqV8S11.jpg,563,537,Microplastic,14,0,44,43
b--70-_jpg.rf.Rvg5qqeKPQz6lgqV8S11.jpg,563,537,Microplastic,26,0,61,28
b--70-_jpg.rf.Rvg5qqeKPQz6lgqV8S11.jpg,563,537,Microplastic,330,233,347,255
b--70-_jpg.rf.Rvg5qqeKPQz6lgqV8S11.jpg,563,537,Microplastic,332,200,352,219
b--70-_jpg.rf.Rvg5qqeKPQz6lgqV8S11.jpg,563,537,Microplastic,199,121,218,142
b--70-_jpg.rf.Rvg5qqeKPQz6lgqV8S11.jpg,563,537,Microplastic,134,312,145,330
b--70-_jpg.rf.Rvg5qqeKPQz6lgqV8S11.jpg,563,537,Microplastic,54,353,85,370
b--70-_jpg.rf.Rvg5qqeKPQz6lgqV8S11.jpg,563,537,Microplastic,369,512,396,536
b--70-_jpg.rf.Rvg5qqeKPQz6lgqV8S11.jpg,563,537,Microplastic,239,442,261,465
b--70-_jpg.rf.Rvg5qqeKPQz6lgqV8S11.jpg,563,537,Microplastic,173,468,191,490
b--70-_jpg.rf.Rvg5qqeKPQz6lgqV8S11.jpg,563,537,Microplastic,439,459,456,479
b--70-_jpg.rf.Rvg5qqeKPQz6lgqV8S11.jpg,563,537,Microplastic,484,267,504,290
d--13-_jpg.rf.6D0aacNOVXK3WMS8cB9c.jpg,563,537,Microplastic,119,0,250,60
d--13-_jpg.rf.6D0aacNOVXK3WMS8cB9c.jpg,563,537,Microplastic,317,0,470,70
d--13-_jpg.rf.6D0aacNOVXK3WMS8cB9c.jpg,563,537,Microplastic,494,284,562,409
a--3-_jpg.rf.n39CI3kPRoffysFlFd24.jpg,563,537,Microplastic,380,149,471,234
a--3-_jpg.rf.n39CI3kPRoffysFlFd24.jpg,563,537,Microplastic,178,0,266,51
a--3-_jpg.rf.n39CI3kPRoffysFlFd24.jpg,563,537,Microplastic,204,245,294,326
a--3-_jpg.rf.n39CI3kPRoffysFlFd24.jpg,563,537,Microplastic,187,388,261,459
d--22-_jpg.rf.7HVxqw8Y5lohKpVsnpaZ.jpg,563,537,Microplastic,99,0,235,29
d--22-_jpg.rf.7HVxqw8Y5lohKpVsnpaZ.jpg,563,537,Microplastic,0,0,62,151
d--22-_jpg.rf.7HVxqw8Y5lohKpVsnpaZ.jpg,563,537,Microplastic,264,175,354,260
d--22-_jpg.rf.7HVxqw8Y5lohKpVsnpaZ.jpg,563,537,Microplastic,465,285,562,401
d--16-_jpg.rf.B8AnsVRAjlOZJfAVPn8P.jpg,563,537,Microplastic,226,0,364,107
c--74-_jpg.rf.FVk8grho4ZTJniuIcm9r.jpg,563,537,Microplastic,363,0,436,30
c--74-_jpg.rf.FVk8grho4ZTJniuIcm9r.jpg,563,537,Microplastic,15,0,77,41
c--74-_jpg.rf.FVk8grho4ZTJniuIcm9r.jpg,563,537,Microplastic,51,172,81,212
c--74-_jpg.rf.FVk8grho4ZTJniuIcm9r.jpg,563,537,Microplastic,531,178,562,223
c--74-_jpg.rf.FVk8grho4ZTJniuIcm9r.jpg,563,537,Microplastic,341,218,373,251
c--74-_jpg.rf.FVk8grho4ZTJniuIcm9r.jpg,563,537,Microplastic,83,244,109,277
c--74-_jpg.rf.FVk8grho4ZTJniuIcm9r.jpg,563,537,Microplastic,542,309,562,337
c--74-_jpg.rf.FVk8grho4ZTJniuIcm9r.jpg,563,537,Microplastic,307,318,345,363
c--74-_jpg.rf.FVk8grho4ZTJniuIcm9r.jpg,563,537,Microplastic,513,329,547,353
c--74-_jpg.rf.FVk8grho4ZTJniuIcm9r.jpg,563,537,Microplastic,469,358,532,424
c--74-_jpg.rf.FVk8grho4ZTJniuIcm9r.jpg,563,537,Microplastic,529,407,555,426
c--74-_jpg.rf.FVk8grho4ZTJniuIcm9r.jpg,563,537,Microplastic,318,495,336,522
c--74-_jpg.rf.FVk8grho4ZTJniuIcm9r.jpg,563,537,Microplastic,65,502,87,524
c--74-_jpg.rf.FVk8grho4ZTJniuIcm9r.jpg,563,537,Microplastic,351,502,400,536
c--74-_jpg.rf.FVk8grho4ZTJniuIcm9r.jpg,563,537,Microplastic,321,524,358,536
a--8-_jpg.rf.rhw4AQ9NKMxxbsYQaJMh.jpg,563,537,Microplastic,105,113,192,192
a--8-_jpg.rf.rhw4AQ9NKMxxbsYQaJMh.jpg,563,537,Microplastic,242,151,340,243
a--8-_jpg.rf.rhw4AQ9NKMxxbsYQaJMh.jpg,563,537,Microplastic,113,263,198,340
a--8-_jpg.rf.rhw4AQ9NKMxxbsYQaJMh.jpg,563,537,Microplastic,232,291,307,362

b--49-_jpg.rf.RDIA6Jta9hnKJqUBusaL.jpg,563,537,Microplastic,376,44,427,78
b--49-_jpg.rf.RDIA6Jta9hnKJqUBusaL.jpg,563,537,Microplastic,444,79,463,105
b--49-_jpg.rf.RDIA6Jta9hnKJqUBusaL.jpg,563,537,Microplastic,174,294,232,341
b--49-_jpg.rf.RDIA6Jta9hnKJqUBusaL.jpg,563,537,Microplastic,117,197,167,228
b--49-_jpg.rf.RDIA6Jta9hnKJqUBusaL.jpg,563,537,Microplastic,154,246,181,263
b--49-_jpg.rf.RDIA6Jta9hnKJqUBusaL.jpg,563,537,Microplastic,466,379,494,406
b--49-_jpg.rf.RDIA6Jta9hnKJqUBusaL.jpg,563,537,Microplastic,477,510,490,532
b--49-_jpg.rf.RDIA6Jta9hnKJqUBusaL.jpg,563,537,Microplastic,178,440,213,462
b--49-_jpg.rf.RDIA6Jta9hnKJqUBusaL.jpg,563,537,Microplastic,148,390,190,429
b--49-_jpg.rf.RDIA6Jta9hnKJqUBusaL.jpg,563,537,Microplastic,37,411,77,434
b--49-_jpg.rf.RDIA6Jta9hnKJqUBusaL.jpg,563,537,Microplastic,8,303,35,325
b--49-_jpg.rf.RDIA6Jta9hnKJqUBusaL.jpg,563,537,Microplastic,45,319,69,331
b--49-_jpg.rf.RDIA6Jta9hnKJqUBusaL.jpg,563,537,Microplastic,72,283,92,299
b--49-_jpg.rf.RDIA6Jta9hnKJqUBusaL.jpg,563,537,Microplastic,0,41,11,68
b--49-_jpg.rf.RDIA6Jta9hnKJqUBusaL.jpg,563,537,Microplastic,97,108,134,141
b--49-_jpg.rf.RDIA6Jta9hnKJqUBusaL.jpg,563,537,Microplastic,205,99,220,116
Screenshot 2026-04-16 at 4-33-25 PM_png.rf.NWiXtewXaXopqXOgAnmg.png,1540,864,Microplastic,465,103,587,207
Screenshot 2026-04-16 at 4-33-25 PM_png.rf.NWiXtewXaXopqXOgAnmg.png,1540,864,Microplastic,1166,490,1281,584
Screenshot 2026-04-16 at 4-33-25 PM_png.rf.NWiXtewXaXopqXOgAnmg.png,1540,864,Microplastic,263,25,322,84
Screenshot 2026-04-16 at 4-33-25 PM_png.rf.NWiXtewXaXopqXOgAnmg.png,1540,864,Microplastic,318,322,366,368
Screenshot 2026-04-16 at 4-33-25 PM_png.rf.NWiXtewXaXopqXOgAnmg.png,1540,864,Microplastic,364,793,400,827
Screenshot 2026-04-16 at 4-33-25 PM_png.rf.NWiXtewXaXopqXOgAnmg.png,1540,864,Microplastic,9,639,42,674
Screenshot 2026-04-16 at 4-33-25 PM_png.rf.NWiXtewXaXopqXOgAnmg.png,1540,864,Microplastic,120,330,154,367
Screenshot 2026-04-16 at 4-31-17 PM_png.rf.MqMfdKlibY9TETKkd4Ss.png,1528,814,Microplastic,713,16,1064,239
Screenshot 2026-04-16 at 4-31-17 PM_png.rf.MqMfdKlibY9TETKkd4Ss.png,1528,814,Microplastic,144,20,173,46
Screenshot 2026-04-16 at 4-31-17 PM_png.rf.MqMfdKlibY9TETKkd4Ss.png,1528,814,Microplastic,508,0,544,23
Screenshot 2026-04-16 at 4-31-17 PM_png.rf.MqMfdKlibY9TETKkd4Ss.png,1528,814,Microplastic,761,152,801,188
Screenshot 2026-04-16 at 4-31-17 PM_png.rf.MqMfdKlibY9TETKkd4Ss.png,1528,814,Microplastic,1070,0,1228,65
Screenshot 2026-04-16 at 4-31-17 PM_png.rf.MqMfdKlibY9TETKkd4Ss.png,1528,814,Microplastic,650,245,683,269
Screenshot 2026-04-16 at 4-31-17 PM_png.rf.MqMfdKlibY9TETKkd4Ss.png,1528,814,Microplastic,1438,402,1468,423
Screenshot 2026-04-16 at 4-31-17 PM_png.rf.MqMfdKlibY9TETKkd4Ss.png,1528,814,Microplastic,1303,465,1339,487
Screenshot 2026-04-16 at 4-31-17 PM_png.rf.MqMfdKlibY9TETKkd4Ss.png,1528,814,Microplastic,694,524,743,563
Screenshot 2026-04-16 at 4-31-17 PM_png.rf.MqMfdKlibY9TETKkd4Ss.png,1528,814,Microplastic,245,455,286,483
Screenshot 2026-04-16 at 4-31-17 PM_png.rf.MqMfdKlibY9TETKkd4Ss.png,1528,814,Microplastic,1312,272,1340,293
Screenshot 2026-04-16 at 4-31-17 PM_png.rf.MqMfdKlibY9TETKkd4Ss.png,1528,814,Microplastic,360,774,409,800
Screenshot 2026-04-16 at 4-31-17 PM_png.rf.MqMfdKlibY9TETKkd4Ss.png,1528,814,Microplastic,1309,214,1336,237
Screenshot 2026-04-16 at 4-31-17 PM_png.rf.MqMfdKlibY9TETKkd4Ss.png,1528,814,Microplastic,1444,66,1468,88
Screenshot 2026-04-16 at 4-31-17 PM_png.rf.MqMfdKlibY9TETKkd4Ss.png,1528,814,Microplastic,751,55,782,80
Screenshot 2026-04-16 at 4-31-17 PM_png.rf.MqMfdKlibY9TETKkd4Ss.png,1528,814,Microplastic,872,614,920,640
Screenshot 2026-04-16 at 4-31-17 PM_png.rf.MqMfdKlibY9TETKkd4Ss.png,1528,814,Microplastic,0,314,27,333
Screenshot 2026-04-16 at 4-31-17 PM_png.rf.MqMfdKlibY9TETKkd4Ss.png,1528,814,Microplastic,1405,588,1458,651
Screenshot 2026-04-16 at 4-31-17 PM_png.rf.MqMfdKlibY9TETKkd4Ss.png,1528,814,Microplastic,44,432,81,453
Screenshot 2026-04-16 at 4-31-17 PM_png.rf.MqMfdKlibY9TETKkd4Ss.png,1528,814,Microplastic,524,707,564,730
Screenshot 2026-04-16 at 4-31-17 PM_png.rf.MqMfdKlibY9TETKkd4Ss.png,1528,814,Microplastic,462,350,493,370
Screenshot 2026-04-16 at 4-31-17 PM_png.rf.MqMfdKlibY9TETKkd4Ss.png,1528,814,Microplastic,1415,515,1447,538
Screenshot 2026-04-16 at 4-31-17 PM_png.rf.MqMfdKlibY9TETKkd4Ss.png,1528,814,Microplastic,281,283,310,305
Screenshot 2026-04-16 at 4-31-17 PM_png.rf.MqMfdKlibY9TETKkd4Ss.png,1528,814,Microplastic,243,283,319,361
Screenshot 2026-04-16 at 4-31-17 PM_png.rf.MqMfdKlibY9TETKkd4Ss.png,1528,814,Microplastic,1227,741,1259,764
Screenshot 2026-04-16 at 4-31-17 PM_png.rf.MqMfdKlibY9TETKkd4Ss.png,1528,814,Microplastic,88,11,117,38
Screenshot 2026-04-16 at 4-31-17 PM_png.rf.MqMfdKlibY9TETKkd4Ss.png,1528,814,Microplastic,153,665,187,687
Screenshot 2026-04-16 at 4-31-17 PM_png.rf.MqMfdKlibY9TETKkd4Ss.png,1528,814,Microplastic,1015,693,1052,716
Screenshot 2026-04-16 at 4-31-17 PM_png.rf.MqMfdKlibY9TETKkd4Ss.png,1528,814,Microplastic,1273,98,1301,123
Screenshot 2026-04-16 at 4-31-17 PM_png.rf.MqMfdKlibY9TETKkd4Ss.png,1528,814,Microplastic,577,24,604,50
Screenshot 2026-04-16 at 4-31-17 PM_png.rf.MqMfdKlibY9TETKkd4Ss.png,1528,814,Microplastic,550,264,586,290
Screenshot 2026-04-16 at 4-31-17 PM_png.rf.MqMfdKlibY9TETKkd4Ss.png,1528,814,Microplastic,1480,350,1527,383
Screenshot 2026-04-16 at 4-31-17 PM_png.rf.MqMfdKlibY9TETKkd4Ss.png,1528,814,Microplastic,232,220,259,241
Screenshot 2026-04-16 at 4-31-17 PM_png.rf.MqMfdKlibY9TETKkd4Ss.png,1528,814,Microplastic,709,372,740,393
Screenshot 2026-04-16 at 4-31-17 PM_png.rf.MqMfdKlibY9TETKkd4Ss.png,1528,814,Microplastic,811,134,852,161
c--82-_jpg.rf.qI5FyOYiOeVgiVmwh25J.jpg,563,537,Microplastic,0,205,15,253
c--82-_jpg.rf.qI5FyOYiOeVgiVmwh25J.jpg,563,537,Microplastic,387,292,411,328
c--82-_jpg.rf.qI5FyOYiOeVgiVmwh25J.jpg,563,537,Microplastic,118,333,135,354
c--82-_jpg.rf.qI5FyOYiOeVgiVmwh25J.jpg,563,537,Microplastic,220,345,247,372
c--82-_jpg.rf.qI5FyOYiOeVgiVmwh25J.jpg,563,537,Microplastic,515,345,535,378
c--82-_jpg.rf.qI5FyOYiOeVgiVmwh25J.jpg,563,537,Microplastic,492,387,530,416
c--82-_jpg.rf.qI5FyOYiOeVgiVmwh25J.jpg,563,537,Microplastic,430,425,475,463
c--82-_jpg.rf.qI5FyOYiOeVgiVmwh25J.jpg,563,537,Microplastic,273,462,306,496
a--7-_jpg.rf.k2gwTP94dS5shuChUpoM.jpg,563,537,Microplastic,165,143,249,226
a--7-_jpg.rf.k2gwTP94dS5shuChUpoM.jpg,563,537,Microplastic,389,192,465,261
a--7-_jpg.rf.k2gwTP94dS5shuChUpoM.jpg,563,537,Microplastic,0,237,50,315
a--7-_jpg.rf.k2gwTP94dS5shuChUpoM.jpg,563,537,Microplastic,133,287,228,368
d--20-_jpg.rf.Ee9VBgcGvxON1unrD3aj.jpg,563,537,Microplastic,410,162,562,345
d--20-_jpg.rf.Ee9VBgcGvxON1unrD3aj.jpg,563,537,Microplastic,84,355,171,459
d--20-_jpg.rf.Ee9VBgcGvxON1unrD3aj.jpg,563,537,Microplastic,445,445,562,530
b--97-_jpg.rf.xV0sUspwd6gX5rQz5ftD.jpg,563,537,Microplastic,236,197,258,222
b--97-_jpg.rf.xV0sUspwd6gX5rQz5ftD.jpg,563,537,Microplastic,291,275,310,289
b--97-_jpg.rf.xV0sUspwd6gX5rQz5ftD.jpg,563,537,Microplastic,160,289,170,310
b--97-_jpg.rf.xV0sUspwd6gX5rQz5ftD.jpg,563,537,Microplastic,280,390,300,413
b--97-_jpg.rf.xV0sUspwd6gX5rQz5ftD.jpg,563,537,Microplastic,247,400,265,416
b--97-_jpg.rf.xV0sUspwd6gX5rQz5ftD.jpg,563,537,Microplastic,225,384,241,402
b--97-_jpg.rf.xV0sUspwd6gX5rQz5ftD.jpg,563,537,Microplastic,213,352,224,369
b--97-_jpg.rf.xV0sUspwd6gX5rQz5ftD.jpg,563,537,Microplastic,220,349,232,365
b--97-_jpg.rf.xV0sUspwd6gX5rQz5ftD.jpg,563,537,Microplastic,248,469,257,490
b--97-_jpg.rf.xV0sUspwd6gX5rQz5ftD.jpg,563,537,Microplastic,386,288,400,305
b--97-_jpg.rf.xV0sUspwd6gX5rQz5ftD.jpg,563,537,Microplastic,346,251,358,267
b--97-_jpg.rf.xV0sUspwd6gX5rQz5ftD.jpg,563,537,Microplastic,341,319,349,334
b--97-_jpg.rf.xV0sUspwd6gX5rQz5ftD.jpg,563,537,Microplastic,282,0,318,12
b--97-_jpg.rf.xV0sUspwd6gX5rQz5ftD.jpg,563,537,Microplastic,375,19,404,45
b--97-_jpg.rf.xV0sUspwd6gX5rQz5ftD.jpg,563,537,Microplastic,412,134,431,155
b--97-_jpg.rf.xV0sUspwd6gX5rQz5ftD.jpg,563,537,Microplastic,448,208,455,231
b--97-_jpg.rf.xV0sUspwd6gX5rQz5ftD.jpg,563,537,Microplastic,445,245,455,254
b--97-_jpg.rf.xV0sUspwd6gX5rQz5ftD.jpg,563,537,Microplastic,135,217,142,231
b--97-_jpg.rf.xV0sUspwd6gX5rQz5ftD.jpg,563,537,Microplastic,29,281,49,301
b--97-_jpg.rf.xV0sUspwd6gX5rQz5ftD.jpg,563,537,Microplastic,26,239,38,251
b--97-_jpg.rf.xV0sUspwd6gX5rQz5ftD.jpg,563,537,Microplastic,131,305,147,321
b--97-_jpg.rf.xV0sUspwd6gX5rQz5ftD.jpg,563,537,Microplastic,341,370,359,389
b--97-_jpg.rf.xV0sUspwd6gX5rQz5ftD.jpg,563,537,Microplastic,205,168,222,192
b--97-_jpg.rf.xV0sUspwd6gX5rQz5ftD.jpg,563,537,Microplastic,194,7,205,21
b--97-_jpg.rf.xV0sUspwd6gX5rQz5ftD.jpg,563,537,Microplastic,131,20,147,42
b--97-_jpg.rf.xV0sUspwd6gX5rQz5ftD.jpg,563,537,Microplastic,77,468,98,490
b--97-_jpg.rf.xV0sUspwd6gX5rQz5ftD.jpg,563,537,Microplastic,142,116,151,133
b--97-_jpg.rf.xV0sUspwd6gX5rQz5ftD.jpg,563,537,Microplastic,330,0,344,9
a--79-_jpg.rf.XukJNdsjCH4iVUl2KAus.jpg,563,537,Microplastic,269,214,339,301
a--79-_jpg.rf.XukJNdsjCH4iVUl2KAus.jpg,563,537,Microplastic,351,236,420,303
a--79-_jpg.rf.XukJNdsjCH4iVUl2KAus.jpg,563,537,Microplastic,400,386,485,459
a--79-_jpg.rf.XukJNdsjCH4iVUl2KAus.jpg,563,537,Microplastic,217,433,291,502
a--79-_jpg.rf.XukJNdsjCH4iVUl2KAus.jpg,563,537,Microplastic,95,337,159,389
c--90-_jpg.rf.Gdrx9zowqjJ1lvEfQYi7.jpg,563,537,Microplastic,100,139,125,164
c--90-_jpg.rf.Gdrx9zowqjJ1lvEfQYi7.jpg,563,537,Microplastic,316,298,341,323
c--90-_jpg.rf.Gdrx9zowqjJ1lvEfQYi7.jpg,563,537,Microplastic,56,513,99,536
a--67-_jpg.rf.jWWdrhQZKcKvPEzqs0Mk.jpg,563,537,Microplastic,334,141,428,219
a--67-_jpg.rf.jWWdrhQZKcKvPEzqs0Mk.jpg,563,537,Microplastic,194,207,288,297
a--67-_jpg.rf.jWWdrhQZKcKvPEzqs0Mk.jpg,563,537,Microplastic,67,285,126,333
a--67-_jpg.rf.jWWdrhQZKcKvPEzqs0Mk.jpg,563,537,Microplastic,95,479,171,536
c--76-_jpg.rf.8M7oHOar2dfv9J52EvxF.jpg,563,537,Microplastic,375,15,422,52
c--76-_jpg.rf.8M7oHOar2dfv9J52EvxF.jpg,563,537,Microplastic,135,37,149,58
c--76-_jpg.rf.8M7oHOar2dfv9J52EvxF.jpg,563,537,Microplastic,136,59,167,84
c--76-_jpg.rf.8M7oHOar2dfv9J52EvxF.jpg,563,537,Microplastic,338,135,358,155
c--76-_jpg.rf.8M7oHOar2dfv9J52EvxF.jpg,563,537,Microplastic,406,145,481,201
c--76-_jpg.rf.8M7oHOar2dfv9J52EvxF.jpg,563,537,Microplastic,306,264,365,311
c--76-_jpg.rf.8M7oHOar2dfv9J52EvxF.jpg,563,537,Microplastic,18,318,73,363
c--76-_jpg.rf.8M7oHOar2dfv9J52EvxF.jpg,563,537,Microplastic,251,428,294,473
c--76-_jpg.rf.8M7oHOar2dfv9J52EvxF.jpg,563,537,Microplastic,72,457,94,483
c--76-_jpg.rf.8M7oHOar2dfv9J52EvxF.jpg,563,537,Microplastic,142,514,164,536
c--76-_jpg.rf.8M7oHOar2dfv9J52EvxF.jpg,563,537,Microplastic,350,514,379,536
c--83-_jpg.rf.uevO8unho3veGZXhGHhx.jpg,563,537,Microplastic,280,77,298,94
c--83-_jpg.rf.uevO8unho3veGZXhGHhx.jpg,563,537,Microplastic,136,169,152,190
c--83-_jpg.rf.uevO8unho3veGZXhGHhx.jpg,563,537,Microplastic,289,230,303,241
c--83-_jpg.rf.uevO8unho3veGZXhGHhx.jpg,563,537,Microplastic,222,263,232,274
c--83-_jpg.rf.uevO8unho3veGZXhGHhx.jpg,563,537,Microplastic,61,319,113,365
c--83-_jpg.rf.uevO8unho3veGZXhGHhx.jpg,563,537,Microplastic,33,336,62,360
c--83-_jpg.rf.uevO8unho3veGZXhGHhx.jpg,563,537,Microplastic,86,480,137,536
c--83-_jpg.rf.uevO8unho3veGZXhGHhx.jpg,563,537,Microplastic,147,506,188,536
c--69-_jpg.rf.yaHdLIO2fyEITACwCUd7.jpg,563,537,Microplastic,0,3,23,57
c--69-_jpg.rf.yaHdLIO2fyEITACwCUd7.jpg,563,537,Microplastic,420,24,458,59
c--69-_jpg.rf.yaHdLIO2fyEITACwCUd7.jpg,563,537,Microplastic,479,98,523,135
c--69-_jpg.rf.yaHdLIO2fyEITACwCUd7.jpg,563,537,Microplastic,181,102,220,156
c--69-_jpg.rf.yaHdLIO2fyEITACwCUd7.jpg,563,537,Microplastic,486,161,549,233
c--69-_jpg.rf.yaHdLIO2fyEITACwCUd7.jpg,563,537,Microplastic,70,184,118,231
c--69-_jpg.rf.yaHdLIO2fyEITACwCUd7.jpg,563,537,Microplastic,273,226,318,285
c--69-_jpg.rf.yaHdLIO2fyEITACwCUd7.jpg,563,537,Microplastic,510,287,550,318
c--69-_jpg.rf.yaHdLIO2fyEITACwCUd7.jpg,563,537,Microplastic,242,342,294,410
c--69-_jpg.rf.yaHdLIO2fyEITACwCUd7.jpg,563,537,Microplastic,412,344,500,436
c--69-_jpg.rf.yaHdLIO2fyEITACwCUd7.jpg,563,537,Microplastic,0,361,38,426
c--69-_jpg.rf.yaHdLIO2fyEITACwCUd7.jpg,563,537,Microplastic,332,491,369,536
c--69-_jpg.rf.yaHdLIO2fyEITACwCUd7.jpg,563,537,Microplastic,104,519,161,536
d--38-_jpg.rf.6rlkFrs1OvOggyA1AjmS.jpg,563,537,Microplastic,367,10,557,229
d--38-_jpg.rf.6rlkFrs1OvOggyA1AjmS.jpg,563,537,Microplastic,287,155,484,350
c--79-_jpg.rf.DMhUZqv9oTWWDQ1h5uFe.jpg,563,537,Microplastic,321,0,365,26
c--79-_jpg.rf.DMhUZqv9oTWWDQ1h5uFe.jpg,563,537,Microplastic,56,0,136,40
c--79-_jpg.rf.DMhUZqv9oTWWDQ1h5uFe.jpg,563,537,Microplastic,453,107,519,170
c--79-_jpg.rf.DMhUZqv9oTWWDQ1h5uFe.jpg,563,537,Microplastic,476,223,544,289
c--79-_jpg.rf.DMhUZqv9oTWWDQ1h5uFe.jpg,563,537,Microplastic,265,323,287,348
c--79-_jpg.rf.DMhUZqv9oTWWDQ1h5uFe.jpg,563,537,Microplastic,505,353,530,392
c--79-_jpg.rf.DMhUZqv9oTWWDQ1h5uFe.jpg,563,537,Microplastic,226,364,253,404
c--79-_jpg.rf.DMhUZqv9oTWWDQ1h5uFe.jpg,563,537,Microplastic,426,483,455,505
c--79-_jpg.rf.DMhUZqv9oTWWDQ1h5uFe.jpg,563,537,Microplastic,210,493,255,519
c--79-_jpg.rf.DMhUZqv9oTWWDQ1h5uFe.jpg,563,537,Microplastic,136,503,178,519
c--80-_jpg.rf.tDhTynPaegIVpXYQb8tk.jpg,563,537,Microplastic,25,7,59,48
c--80-_jpg.rf.tDhTynPaegIVpXYQb8tk.jpg,563,537,Microplastic,512,135,529,156
c--80-_jpg.rf.tDhTynPaegIVpXYQb8tk.jpg,563,537,Microplastic,188,145,223,172
c--80-_jpg.rf.tDhTynPaegIVpXYQb8tk.jpg,563,537,Microplastic,425,149,491,204
c--80-_jpg.rf.tDhTynPaegIVpXYQb8tk.jpg,563,537,Microplastic,15,192,57,242
c--80-_jpg.rf.tDhTynPaegIVpXYQb8tk.jpg,563,537,Microplastic,540,212,549,230
c--80-_jpg.rf.tDhTynPaegIVpXYQb8tk.jpg,563,537,Microplastic,536,240,555,260
c--80-_jpg.rf.tDhTynPaegIVpXYQb8tk.jpg,563,537,Microplastic,502,367,531,394
c--80-_jpg.rf.tDhTynPaegIVpXYQb8tk.jpg,563,537,Microplastic,142,452,176,484
c--80-_jpg.rf.tDhTynPaegIVpXYQb8tk.jpg,563,537,Microplastic,407,493,444,527
d--12-_jpg.rf.Iq4RURPgeTnPJa9q05yc.jpg,563,537,Microplastic,332,0,479,73
d--11-_jpg.rf.RZDRG4OzJkYfb6D79H2q.jpg,563,537,Microplastic,341,0,515,149
c--68-_jpg.rf.IIhDz4qJGqCb2vQQgHww.jpg,563,537,Microplastic,400,0,419,14
c--68-_jpg.rf.IIhDz4qJGqCb2vQQgHww.jpg,563,537,Microplastic,302,0,323,10
c--68-_jpg.rf.IIhDz4qJGqCb2vQQgHww.jpg,563,537,Microplastic,355,0,379,13
c--68-_jpg.rf.IIhDz4qJGqCb2vQQgHww.jpg,563,537,Microplastic,396,33,416,63
c--68-_jpg.rf.IIhDz4qJGqCb2vQQgHww.jpg,563,537,Microplastic,397,53,437,95
c--68-_jpg.rf.IIhDz4qJGqCb2vQQgHww.jpg,563,537,Microplastic,82,75,111,93
c--68-_jpg.rf.IIhDz4qJGqCb2vQQgHww.jpg,563,537,Microplastic,213,133,229,152
c--68-_jpg.rf.IIhDz4qJGqCb2vQQgHww.jpg,563,537,Microplastic,333,141,344,158
c--68-_jpg.rf.IIhDz4qJGqCb2vQQgHww.jpg,563,537,Microplastic,94,191,143,247
c--68-_jpg.rf.IIhDz4qJGqCb2vQQgHww.jpg,563,537,Microplastic,230,227,245,248
c--68-_jpg.rf.IIhDz4qJGqCb2vQQgHww.jpg,563,537,Microplastic,339,253,355,274
c--68-_jpg.rf.IIhDz4qJGqCb2vQQgHww.jpg,563,537,Microplastic,462,307,520,356
c--68-_jpg.rf.IIhDz4qJGqCb2vQQgHww.jpg,563,537,Microplastic,165,376,184,410
c--68-_jpg.rf.IIhDz4qJGqCb2vQQgHww.jpg,563,537,Microplastic,275,359,380,448
c--68-_jpg.rf.IIhDz4qJGqCb2vQQgHww.jpg,563,537,Microplastic,0,422,4,444
c--68-_jpg.rf.IIhDz4qJGqCb2vQQgHww.jpg,563,537,Microplastic,405,424,446,453
c--68-_jpg.rf.IIhDz4qJGqCb2vQQgHww.jpg,563,537,Microplastic,143,509,160,527
c--68-_jpg.rf.IIhDz4qJGqCb2vQQgHww.jpg,563,537,Microplastic,13,504,75,536
c--106-_jpg.rf.YRFdvTEWuxiMHep3EcjY.jpg,563,537,Microplastic,0,0,17,32
c--106-_jpg.rf.YRFdvTEWuxiMHep3EcjY.jpg,563,537,Microplastic,385,60,410,77
c--106-_jpg.rf.YRFdvTEWuxiMHep3EcjY.jpg,563,537,Microplastic,38,94,62,116
c--106-_jpg.rf.YRFdvTEWuxiMHep3EcjY.jpg,563,537,Microplastic,368,129,385,149
c--106-_jpg.rf.YRFdvTEWuxiMHep3EcjY.jpg,563,537,Microplastic,0,173,40,219
c--106-_jpg.rf.YRFdvTEWuxiMHep3EcjY.jpg,563,537,Microplastic,295,200,307,216
c--106-_jpg.rf.YRFdvTEWuxiMHep3EcjY.jpg,563,537,Microplastic,481,199,496,221
c--106-_jpg.rf.YRFdvTEWuxiMHep3EcjY.jpg,563,537,Microplastic,537,201,554,221
c--106-_jpg.rf.YRFdvTEWuxiMHep3EcjY.jpg,563,537,Microplastic,452,222,467,245
c--106-_jpg.rf.YRFdvTEWuxiMHep3EcjY.jpg,563,537,Microplastic,365,228,408,272
c--106-_jpg.rf.YRFdvTEWuxiMHep3EcjY.jpg,563,537,Microplastic,510,245,554,282
c--106-_jpg.rf.YRFdvTEWuxiMHep3EcjY.jpg,563,537,Microplastic,290,345,341,422
c--106-_jpg.rf.YRFdvTEWuxiMHep3EcjY.jpg,563,537,Microplastic,450,398,507,436
c--106-_jpg.rf.YRFdvTEWuxiMHep3EcjY.jpg,563,537,Microplastic,367,475,412,517
c--106-_jpg.rf.YRFdvTEWuxiMHep3EcjY.jpg,563,537,Microplastic,91,505,140,536
c--10-_jpg.rf.vS8ANRtU6VD6VFlfMEnI.jpg,563,537,Microplastic,191,99,229,142
c--10-_jpg.rf.vS8ANRtU6VD6VFlfMEnI.jpg,563,537,Microplastic,427,105,462,158
c--10-_jpg.rf.vS8ANRtU6VD6VFlfMEnI.jpg,563,537,Microplastic,305,127,320,154
c--10-_jpg.rf.vS8ANRtU6VD6VFlfMEnI.jpg,563,537,Microplastic,76,205,105,236
c--10-_jpg.rf.vS8ANRtU6VD6VFlfMEnI.jpg,563,537,Microplastic,456,263,494,293
c--10-_jpg.rf.vS8ANRtU6VD6VFlfMEnI.jpg,563,537,Microplastic,27,327,51,354
c--10-_jpg.rf.vS8ANRtU6VD6VFlfMEnI.jpg,563,537,Microplastic,277,325,322,356
c--10-_jpg.rf.vS8ANRtU6VD6VFlfMEnI.jpg,563,537,Microplastic,427,378,470,419
c--10-_jpg.rf.vS8ANRtU6VD6VFlfMEnI.jpg,563,537,Microplastic,336,475,387,522
c--10-_jpg.rf.vS8ANRtU6VD6VFlfMEnI.jpg,563,537,Microplastic,275,513,346,536
c--71-_jpg.rf.vxi2CTcgBLIsyxLx4jvp.jpg,563,537,Microplastic,381,1,406,24
c--71-_jpg.rf.vxi2CTcgBLIsyxLx4jvp.jpg,563,537,Microplastic,373,8,428,48
c--71-_jpg.rf.vxi2CTcgBLIsyxLx4jvp.jpg,563,537,Microplastic,136,88,158,99
c--71-_jpg.rf.vxi2CTcgBLIsyxLx4jvp.jpg,563,537,Microplastic,114,80,140,111
c--71-_jpg.rf.vxi2CTcgBLIsyxLx4jvp.jpg,563,537,Microplastic,325,113,344,134
c--71-_jpg.rf.vxi2CTcgBLIsyxLx4jvp.jpg,563,537,Microplastic,247,168,261,183
c--71-_jpg.rf.vxi2CTcgBLIsyxLx4jvp.jpg,563,537,Microplastic,336,201,360,220
c--71-_jpg.rf.vxi2CTcgBLIsyxLx4jvp.jpg,563,537,Microplastic,221,233,288,275
c--71-_jpg.rf.vxi2CTcgBLIsyxLx4jvp.jpg,563,537,Microplastic,297,250,342,298
c--71-_jpg.rf.vxi2CTcgBLIsyxLx4jvp.jpg,563,537,Microplastic,11,278,27,297
c--71-_jpg.rf.vxi2CTcgBLIsyxLx4jvp.jpg,563,537,Microplastic,471,263,526,319
c--71-_jpg.rf.vxi2CTcgBLIsyxLx4jvp.jpg,563,537,Microplastic,449,397,480,426
c--71-_jpg.rf.vxi2CTcgBLIsyxLx4jvp.jpg,563,537,Microplastic,91,405,119,445
c--71-_jpg.rf.vxi2CTcgBLIsyxLx4jvp.jpg,563,537,Microplastic,199,429,216,447
c--71-_jpg.rf.vxi2CTcgBLIsyxLx4jvp.jpg,563,537,Microplastic,371,417,437,480
c--71-_jpg.rf.vxi2CTcgBLIsyxLx4jvp.jpg,563,537,Microplastic,30,490,87,536
b--20-_jpg.rf.lRcQ2w4t6OYMki7ySQHN.jpg,563,537,Microplastic,116,0,156,35
b--20-_jpg.rf.lRcQ2w4t6OYMki7ySQHN.jpg,563,537,Microplastic,259,29,271,43
b--20-_jpg.rf.lRcQ2w4t6OYMki7ySQHN.jpg,563,537,Microplastic,55,34,79,59
b--20-_jpg.rf.lRcQ2w4t6OYMki7ySQHN.jpg,563,537,Microplastic,270,86,288,100
b--20-_jpg.rf.lRcQ2w4t6OYMki7ySQHN.jpg,563,537,Microplastic,31,141,62,163
b--20-_jpg.rf.lRcQ2w4t6OYMki7ySQHN.jpg,563,537,Microplastic,148,192,167,210
b--20-_jpg.rf.lRcQ2w4t6OYMki7ySQHN.jpg,563,537,Microplastic,461,221,528,271
b--20-_jpg.rf.lRcQ2w4t6OYMki7ySQHN.jpg,563,537,Microplastic,110,241,128,257
b--20-_jpg.rf.lRcQ2w4t6OYMki7ySQHN.jpg,563,537,Microplastic,223,250,239,265
b--20-_jpg.rf.lRcQ2w4t6OYMki7ySQHN.jpg,563,537,Microplastic,296,258,307,269
b--20-_jpg.rf.lRcQ2w4t6OYMki7ySQHN.jpg,563,537,Microplastic,265,276,292,299
b--20-_jpg.rf.lRcQ2w4t6OYMki7ySQHN.jpg,563,537,Microplastic,67,280,80,296
b--20-_jpg.rf.lRcQ2w4t6OYMki7ySQHN.jpg,563,537,Microplastic,418,281,437,300
b--20-_jpg.rf.lRcQ2w4t6OYMki7ySQHN.jpg,563,537,Microplastic,332,277,367,309
b--20-_jpg.rf.lRcQ2w4t6OYMki7ySQHN.jpg,563,537,Microplastic,219,328,233,340
b--20-_jpg.rf.lRcQ2w4t6OYMki7ySQHN.jpg,563,537,Microplastic,369,317,390,353
b--20-_jpg.rf.lRcQ2w4t6OYMki7ySQHN.jpg,563,537,Microplastic,131,325,152,355
b--20-_jpg.rf.lRcQ2w4t6OYMki7ySQHN.jpg,563,537,Microplastic,255,365,287,398
b--20-_jpg.rf.lRcQ2w4t6OYMki7ySQHN.jpg,563,537,Microplastic,142,375,162,395
b--20-_jpg.rf.lRcQ2w4t6OYMki7ySQHN.jpg,563,537,Microplastic,203,388,217,401
b--20-_jpg.rf.lRcQ2w4t6OYMki7ySQHN.jpg,563,537,Microplastic,39,386,79,424
b--20-_jpg.rf.lRcQ2w4t6OYMki7ySQHN.jpg,563,537,Microplastic,116,411,131,427
b--20-_jpg.rf.lRcQ2w4t6OYMki7ySQHN.jpg,563,537,Microplastic,234,448,292,489
b--20-_jpg.rf.lRcQ2w4t6OYMki7ySQHN.jpg,563,537,Microplastic,420,515,447,536
c--77-_jpg.rf.zU2Gxn9Xd8TuE7FpCsrx.jpg,563,537,Microplastic,396,52,481,141
c--77-_jpg.rf.zU2Gxn9Xd8TuE7FpCsrx.jpg,563,537,Microplastic,227,138,267,185
c--77-_jpg.rf.zU2Gxn9Xd8TuE7FpCsrx.jpg,563,537,Microplastic,35,167,56,193
c--77-_jpg.rf.zU2Gxn9Xd8TuE7FpCsrx.jpg,563,537,Microplastic,497,228,530,260
c--77-_jpg.rf.zU2Gxn9Xd8TuE7FpCsrx.jpg,563,537,Microplastic,140,249,152,265
c--77-_jpg.rf.zU2Gxn9Xd8TuE7FpCsrx.jpg,563,537,Microplastic,496,287,530,305
c--77-_jpg.rf.zU2Gxn9Xd8TuE7FpCsrx.jpg,563,537,Microplastic,391,278,447,339
c--77-_jpg.rf.zU2Gxn9Xd8TuE7FpCsrx.jpg,563,537,Microplastic,407,472,425,491
c--77-_jpg.rf.zU2Gxn9Xd8TuE7FpCsrx.jpg,563,537,Microplastic,406,502,431,521
c--77-_jpg.rf.zU2Gxn9Xd8TuE7FpCsrx.jpg,563,537,Microplastic,45,475,103,536
d--34-_jpg.rf.RrdS6vbynb1wyGplbdWd.jpg,563,537,Microplastic,51,0,173,74
d--34-_jpg.rf.RrdS6vbynb1wyGplbdWd.jpg,563,537,Microplastic,67,226,277,367
d--26-_jpg.rf.UZoGuSM3rZYd7oqtz0rA.jpg,563,537,Microplastic,204,268,304,359
d--26-_jpg.rf.UZoGuSM3rZYd7oqtz0rA.jpg,563,537,Microplastic,454,250,562,369
Screenshot 2026-03-24 at 7-28-39 PM_png.rf.PX6mEj7hwMXf6YctPOob.png,546,462,Microplastic,195,390,257,446
Screenshot 2026-03-24 at 7-28-39 PM_png.rf.PX6mEj7hwMXf6YctPOob.png,546,462,Microplastic,384,158,418,192
Screenshot 2026-03-24 at 7-28-39 PM_png.rf.PX6mEj7hwMXf6YctPOob.png,546,462,Microplastic,309,181,345,215
Screenshot 2026-03-24 at 7-28-39 PM_png.rf.PX6mEj7hwMXf6YctPOob.png,546,462,Microplastic,476,14,496,38
Screenshot 2026-03-24 at 7-28-39 PM_png.rf.PX6mEj7hwMXf6YctPOob.png,546,462,Microplastic,68,264,97,302
Screenshot 2026-03-24 at 7-28-39 PM_png.rf.PX6mEj7hwMXf6YctPOob.png,546,462,Microplastic,476,14,496,38
Screenshot 2026-03-24 at 7-28-39 PM_png.rf.PX6mEj7hwMXf6YctPOob.png,546,462,Microplastic,323,332,376,370
Screenshot 2026-03-24 at 7-28-39 PM_png.rf.PX6mEj7hwMXf6YctPOob.png,546,462,Microplastic,51,323,87,347
Screenshot 2026-03-24 at 7-28-39 PM_png.rf.PX6mEj7hwMXf6YctPOob.png,546,462,Microplastic,476,15,497,38
Screenshot 2026-03-24 at 7-28-39 PM_png.rf.PX6mEj7hwMXf6YctPOob.png,546,462,Microplastic,340,247,375,283
Screenshot 2026-03-24 at 7-28-39 PM_png.rf.PX6mEj7hwMXf6YctPOob.png,546,462,Microplastic,495,58,530,105
c--86-_jpg.rf.7y2kdibU1Ds6pm0xdhDC.jpg,563,537,Microplastic,20,78,59,114
c--86-_jpg.rf.7y2kdibU1Ds6pm0xdhDC.jpg,563,537,Microplastic,357,144,381,158
c--86-_jpg.rf.7y2kdibU1Ds6pm0xdhDC.jpg,563,537,Microplastic,111,282,135,310
c--86-_jpg.rf.7y2kdibU1Ds6pm0xdhDC.jpg,563,537,Microplastic,38,355,57,378
c--86-_jpg.rf.7y2kdibU1Ds6pm0xdhDC.jpg,563,537,Microplastic,447,430,479,458
c--86-_jpg.rf.7y2kdibU1Ds6pm0xdhDC.jpg,563,537,Microplastic,370,487,407,514
d--24-_jpg.rf.G29rna7tsxa5zfnJThJi.jpg,563,537,Microplastic,131,256,234,371
d--24-_jpg.rf.G29rna7tsxa5zfnJThJi.jpg,563,537,Microplastic,0,326,89,449
d--24-_jpg.rf.G29rna7tsxa5zfnJThJi.jpg,563,537,Microplastic,273,316,391,490
d--41-_jpg.rf.RLK2ouEsZ5z1sjeowhHg.jpg,563,537,Microplastic,259,78,395,295
d--41-_jpg.rf.RLK2ouEsZ5z1sjeowhHg.jpg,563,537,Microplastic,30,143,256,339
d--41-_jpg.rf.RLK2ouEsZ5z1sjeowhHg.jpg,563,537,Microplastic,197,407,432,536
f--5-_jpg.rf.E5T7qrP1rgHFvsF8XgOI.jpg,563,537,Microplastic,43,109,80,133
f--5-_jpg.rf.E5T7qrP1rgHFvsF8XgOI.jpg,563,537,Microplastic,307,169,340,218
f--5-_jpg.rf.E5T7qrP1rgHFvsF8XgOI.jpg,563,537,Microplastic,216,190,227,201
f--5-_jpg.rf.E5T7qrP1rgHFvsF8XgOI.jpg,563,537,Microplastic,133,193,180,233
f--5-_jpg.rf.E5T7qrP1rgHFvsF8XgOI.jpg,563,537,Microplastic,219,233,232,249
f--5-_jpg.rf.E5T7qrP1rgHFvsF8XgOI.jpg,563,537,Microplastic,440,236,449,250
f--5-_jpg.rf.E5T7qrP1rgHFvsF8XgOI.jpg,563,537,Microplastic,526,231,562,265
f--5-_jpg.rf.E5T7qrP1rgHFvsF8XgOI.jpg,563,537,Microplastic,299,249,312,267
f--5-_jpg.rf.E5T7qrP1rgHFvsF8XgOI.jpg,563,537,Microplastic,516,315,562,407
f--5-_jpg.rf.E5T7qrP1rgHFvsF8XgOI.jpg,563,537,Microplastic,490,446,517,470
f--5-_jpg.rf.E5T7qrP1rgHFvsF8XgOI.jpg,563,537,Microplastic,178,511,194,525
f--5-_jpg.rf.E5T7qrP1rgHFvsF8XgOI.jpg,563,537,Microplastic,197,508,238,536
c--65-_jpg.rf.HE1GIJMdcteT4BUKyJah.jpg,563,537,Microplastic,0,0,38,95
c--65-_jpg.rf.HE1GIJMdcteT4BUKyJah.jpg,563,537,Microplastic,386,32,419,64
c--65-_jpg.rf.HE1GIJMdcteT4BUKyJah.jpg,563,537,Microplastic,437,125,473,156
c--65-_jpg.rf.HE1GIJMdcteT4BUKyJah.jpg,563,537,Microplastic,58,105,111,196
c--65-_jpg.rf.HE1GIJMdcteT4BUKyJah.jpg,563,537,Microplastic,240,119,294,182
c--65-_jpg.rf.HE1GIJMdcteT4BUKyJah.jpg,563,537,Microplastic,327,144,351,164
c--65-_jpg.rf.HE1GIJMdcteT4BUKyJah.jpg,563,537,Microplastic,306,167,331,193
c--65-_jpg.rf.HE1GIJMdcteT4BUKyJah.jpg,563,537,Microplastic,266,250,312,293
c--65-_jpg.rf.HE1GIJMdcteT4BUKyJah.jpg,563,537,Microplastic,46,402,62,420
c--65-_jpg.rf.HE1GIJMdcteT4BUKyJah.jpg,563,537,Microplastic,446,412,482,447
c--65-_jpg.rf.HE1GIJMdcteT4BUKyJah.jpg,563,537,Microplastic,360,532,390,536
f--144-_jpg.rf.PlGkSyaQ1AnXLWvsJJQq.jpg,563,537,Microplastic,37,0,86,34
f--144-_jpg.rf.PlGkSyaQ1AnXLWvsJJQq.jpg,563,537,Microplastic,436,197,483,239
f--144-_jpg.rf.PlGkSyaQ1AnXLWvsJJQq.jpg,563,537,Microplastic,418,292,480,349
f--144-_jpg.rf.PlGkSyaQ1AnXLWvsJJQq.jpg,563,537,Microplastic,488,387,508,416
f--144-_jpg.rf.PlGkSyaQ1AnXLWvsJJQq.jpg,563,537,Microplastic,152,394,171,413
f--144-_jpg.rf.PlGkSyaQ1AnXLWvsJJQq.jpg,563,537,Microplastic,343,446,415,500
f--133-_jpg.rf.0oC8WwGbx9LY9kACtGDQ.jpg,563,537,Microplastic,215,0,281,29
f--133-_jpg.rf.0oC8WwGbx9LY9kACtGDQ.jpg,563,537,Microplastic,304,0,381,73
f--133-_jpg.rf.0oC8WwGbx9LY9kACtGDQ.jpg,563,537,Microplastic,235,152,298,215
f--133-_jpg.rf.0oC8WwGbx9LY9kACtGDQ.jpg,563,537,Microplastic,110,160,166,221
f--133-_jpg.rf.0oC8WwGbx9LY9kACtGDQ.jpg,563,537,Microplastic,445,249,506,337
f--133-_jpg.rf.0oC8WwGbx9LY9kACtGDQ.jpg,563,537,Microplastic,74,390,107,408
f--133-_jpg.rf.0oC8WwGbx9LY9kACtGDQ.jpg,563,537,Microplastic,315,504,371,536
Screenshot 2026-04-16 at 4-29-53 PM_png.rf.KlXYln3reqi6FVmfLzdN.png,1508,866,Microplastic,780,346,876,430
Screenshot 2026-04-16 at 4-29-53 PM_png.rf.KlXYln3reqi6FVmfLzdN.png,1508,866,Microplastic,162,550,246,623
Screenshot 2026-04-16 at 4-29-53 PM_png.rf.KlXYln3reqi6FVmfLzdN.png,1508,866,Microplastic,286,49,426,177
Screenshot 2026-04-16 at 4-29-53 PM_png.rf.KlXYln3reqi6FVmfLzdN.png,1508,866,Microplastic,100,393,172,499
Screenshot 2026-04-16 at 4-29-53 PM_png.rf.KlXYln3reqi6FVmfLzdN.png,1508,866,Microplastic,985,145,1035,195
Screenshot 2026-04-16 at 4-29-53 PM_png.rf.KlXYln3reqi6FVmfLzdN.png,1508,866,Microplastic,986,146,1034,195
Screenshot 2026-04-16 at 4-29-53 PM_png.rf.KlXYln3reqi6FVmfLzdN.png,1508,866,Microplastic,986,145,1035,195
Screenshot 2026-04-16 at 4-29-53 PM_png.rf.KlXYln3reqi6FVmfLzdN.png,1508,866,Microplastic,204,126,599,383
Screenshot 2026-04-16 at 4-29-53 PM_png.rf.KlXYln3reqi6FVmfLzdN.png,1508,866,Microplastic,1231,136,1507,339
Screenshot 2026-04-16 at 4-29-53 PM_png.rf.KlXYln3reqi6FVmfLzdN.png,1508,866,Microplastic,986,146,1035,195
Screenshot 2026-04-16 at 4-29-53 PM_png.rf.KlXYln3reqi6FVmfLzdN.png,1508,866,Microplastic,985,145,1035,195
Screenshot 2026-04-16 at 4-29-53 PM_png.rf.KlXYln3reqi6FVmfLzdN.png,1508,866,Microplastic,1273,12,1308,56
Screenshot 2026-04-16 at 4-29-53 PM_png.rf.KlXYln3reqi6FVmfLzdN.png,1508,866,Microplastic,1058,456,1121,516
Screenshot 2026-04-16 at 4-29-53 PM_png.rf.KlXYln3reqi6FVmfLzdN.png,1508,866,Microplastic,73,35,531,731
Screenshot 2026-04-16 at 4-29-53 PM_png.rf.KlXYln3reqi6FVmfLzdN.png,1508,866,Microplastic,707,101,752,142
Screenshot 2026-04-16 at 4-29-53 PM_png.rf.KlXYln3reqi6FVmfLzdN.png,1508,866,Microplastic,875,265,932,309
Screenshot 2026-04-16 at 4-29-53 PM_png.rf.KlXYln3reqi6FVmfLzdN.png,1508,866,Microplastic,787,39,1508,629
Screenshot 2026-04-16 at 4-29-53 PM_png.rf.KlXYln3reqi6FVmfLzdN.png,1508,866,Microplastic,1256,10,1369,168
Screenshot 2026-04-16 at 4-29-53 PM_png.rf.KlXYln3reqi6FVmfLzdN.png,1508,866,Microplastic,300,255,340,295
Screenshot 2026-04-16 at 4-29-53 PM_png.rf.KlXYln3reqi6FVmfLzdN.png,1508,866,Microplastic,1289,188,1344,266
Screenshot 2026-04-16 at 4-29-53 PM_png.rf.KlXYln3reqi6FVmfLzdN.png,1508,866,Microplastic,97,693,127,722
Screenshot 2026-04-16 at 4-29-53 PM_png.rf.KlXYln3reqi6FVmfLzdN.png,1508,866,Microplastic,134,288,198,331
Screenshot 2026-04-16 at 4-29-53 PM_png.rf.KlXYln3reqi6FVmfLzdN.png,1508,866,Microplastic,908,786,937,815
Screenshot 2026-04-16 at 4-29-53 PM_png.rf.KlXYln3reqi6FVmfLzdN.png,1508,866,Microplastic,305,34,357,78
Screenshot 2026-04-16 at 4-29-53 PM_png.rf.KlXYln3reqi6FVmfLzdN.png,1508,866,Microplastic,521,780,769,857
Screenshot 2026-04-16 at 4-29-53 PM_png.rf.KlXYln3reqi6FVmfLzdN.png,1508,866,Microplastic,810,163,919,252
Screenshot 2026-04-16 at 4-29-53 PM_png.rf.KlXYln3reqi6FVmfLzdN.png,1508,866,Microplastic,1044,547,1074,575
Screenshot 2026-04-16 at 4-29-53 PM_png.rf.KlXYln3reqi6FVmfLzdN.png,1508,866,Microplastic,346,1,408,50
Screenshot 2026-04-16 at 4-29-53 PM_png.rf.KlXYln3reqi6FVmfLzdN.png,1508,866,Microplastic,916,519,963,566
Screenshot 2026-04-16 at 4-29-53 PM_png.rf.KlXYln3reqi6FVmfLzdN.png,1508,866,Microplastic,89,84,137,125
Screenshot 2026-04-16 at 4-29-53 PM_png.rf.KlXYln3reqi6FVmfLzdN.png,1508,866,Microplastic,1114,140,1198,205
Screenshot 2026-04-16 at 4-29-53 PM_png.rf.KlXYln3reqi6FVmfLzdN.png,1508,866,Microplastic,859,755,895,792
Screenshot 2026-04-16 at 4-29-53 PM_png.rf.KlXYln3reqi6FVmfLzdN.png,1508,866,Microplastic,853,2,914,57
Screenshot 2026-04-16 at 4-29-53 PM_png.rf.KlXYln3reqi6FVmfLzdN.png,1508,866,Microplastic,877,452,957,520
Screenshot 2026-04-16 at 4-29-53 PM_png.rf.KlXYln3reqi6FVmfLzdN.png,1508,866,Microplastic,1080,590,1109,617
Screenshot 2026-04-16 at 4-29-53 PM_png.rf.KlXYln3reqi6FVmfLzdN.png,1508,866,Microplastic,1390,0,1432,26
Screenshot 2026-04-16 at 4-29-53 PM_png.rf.KlXYln3reqi6FVmfLzdN.png,1508,866,Microplastic,1096,110,1150,156
Screenshot 2026-04-16 at 4-29-53 PM_png.rf.KlXYln3reqi6FVmfLzdN.png,1508,866,Microplastic,993,546,1037,592
Screenshot 2026-04-16 at 4-47-07 PM_png.rf.S1PzXzC1Gy0VK9wClsuB.png,1564,812,Microplastic,1423,585,1512,675
Screenshot 2026-04-16 at 4-47-07 PM_png.rf.S1PzXzC1Gy0VK9wClsuB.png,1564,812,Microplastic,1463,354,1488,378
Screenshot 2026-04-16 at 4-47-07 PM_png.rf.S1PzXzC1Gy0VK9wClsuB.png,1564,812,Microplastic,1360,283,1380,303
Screenshot 2026-04-16 at 4-47-07 PM_png.rf.S1PzXzC1Gy0VK9wClsuB.png,1564,812,Microplastic,526,623,554,647
Screenshot 2026-04-16 at 4-47-07 PM_png.rf.S1PzXzC1Gy0VK9wClsuB.png,1564,812,Microplastic,1332,34,1371,71
Screenshot 2026-04-16 at 4-47-07 PM_png.rf.S1PzXzC1Gy0VK9wClsuB.png,1564,812,Microplastic,759,378,781,400
Screenshot 2026-04-16 at 4-47-07 PM_png.rf.S1PzXzC1Gy0VK9wClsuB.png,1564,812,Microplastic,1036,660,1061,682
Screenshot 2026-04-16 at 4-47-07 PM_png.rf.S1PzXzC1Gy0VK9wClsuB.png,1564,812,Microplastic,1369,19,1390,40
Screenshot 2026-04-16 at 4-47-07 PM_png.rf.S1PzXzC1Gy0VK9wClsuB.png,1564,812,Microplastic,261,581,373,692
Screenshot 2026-04-16 at 4-47-07 PM_png.rf.S1PzXzC1Gy0VK9wClsuB.png,1564,812,Microplastic,123,733,143,750
Screenshot 2026-04-16 at 4-26-42 PM_png.rf.dBY0p2t3X62jPQO3lnQg.png,1466,878,Microplastic,505,70,1049,563
c--108-_jpg.rf.qmh7fSf2fMeDNwBJWdLw.jpg,563,537,Microplastic,126,35,151,64
c--108-_jpg.rf.qmh7fSf2fMeDNwBJWdLw.jpg,563,537,Microplastic,478,75,513,128
c--108-_jpg.rf.qmh7fSf2fMeDNwBJWdLw.jpg,563,537,Microplastic,303,130,334,172
c--108-_jpg.rf.qmh7fSf2fMeDNwBJWdLw.jpg,563,537,Microplastic,10,137,45,183
c--108-_jpg.rf.qmh7fSf2fMeDNwBJWdLw.jpg,563,537,Microplastic,375,208,398,235
c--108-_jpg.rf.qmh7fSf2fMeDNwBJWdLw.jpg,563,537,Microplastic,506,320,533,355
c--108-_jpg.rf.qmh7fSf2fMeDNwBJWdLw.jpg,563,537,Microplastic,229,335,274,383
c--108-_jpg.rf.qmh7fSf2fMeDNwBJWdLw.jpg,563,537,Microplastic,513,359,551,386
c--108-_jpg.rf.qmh7fSf2fMeDNwBJWdLw.jpg,563,537,Microplastic,534,388,553,407
c--108-_jpg.rf.qmh7fSf2fMeDNwBJWdLw.jpg,563,537,Microplastic,432,399,501,473
c--108-_jpg.rf.qmh7fSf2fMeDNwBJWdLw.jpg,563,537,Microplastic,3,480,27,505
c--108-_jpg.rf.qmh7fSf2fMeDNwBJWdLw.jpg,563,537,Microplastic,264,462,311,536
d--33-_jpg.rf.1c8yQ2UYORqI4WFw6bmo.jpg,563,537,Microplastic,45,0,176,38
d--33-_jpg.rf.1c8yQ2UYORqI4WFw6bmo.jpg,563,537,Microplastic,296,271,495,450
b--51-_jpg.rf.aCb6Vg7snkV0Xa1iwaec.jpg,563,537,Microplastic,38,13,78,54
b--51-_jpg.rf.aCb6Vg7snkV0Xa1iwaec.jpg,563,537,Microplastic,276,0,312,8
b--51-_jpg.rf.aCb6Vg7snkV0Xa1iwaec.jpg,563,537,Microplastic,171,92,249,146
b--51-_jpg.rf.aCb6Vg7snkV0Xa1iwaec.jpg,563,537,Microplastic,114,149,170,181
b--51-_jpg.rf.aCb6Vg7snkV0Xa1iwaec.jpg,563,537,Microplastic,43,123,65,153
b--51-_jpg.rf.aCb6Vg7snkV0Xa1iwaec.jpg,563,537,Microplastic,62,203,109,239
b--51-_jpg.rf.aCb6Vg7snkV0Xa1iwaec.jpg,563,537,Microplastic,83,260,103,279
b--51-_jpg.rf.aCb6Vg7snkV0Xa1iwaec.jpg,563,537,Microplastic,94,274,109,292
b--51-_jpg.rf.aCb6Vg7snkV0Xa1iwaec.jpg,563,537,Microplastic,145,369,157,387
b--51-_jpg.rf.aCb6Vg7snkV0Xa1iwaec.jpg,563,537,Microplastic,152,450,181,484
b--51-_jpg.rf.aCb6Vg7snkV0Xa1iwaec.jpg,563,537,Microplastic,213,402,230,418
b--51-_jpg.rf.aCb6Vg7snkV0Xa1iwaec.jpg,563,537,Microplastic,222,433,239,459
b--51-_jpg.rf.aCb6Vg7snkV0Xa1iwaec.jpg,563,537,Microplastic,449,435,489,478
b--51-_jpg.rf.aCb6Vg7snkV0Xa1iwaec.jpg,563,537,Microplastic,29,398,45,428
b--51-_jpg.rf.aCb6Vg7snkV0Xa1iwaec.jpg,563,537,Microplastic,41,425,78,471
b--51-_jpg.rf.aCb6Vg7snkV0Xa1iwaec.jpg,563,537,Microplastic,19,351,32,364
c--84-_jpg.rf.MnxXAjWZ1QsKVAaYD3kF.jpg,563,537,Microplastic,228,32,258,49
c--84-_jpg.rf.MnxXAjWZ1QsKVAaYD3kF.jpg,563,537,Microplastic,186,137,209,156
c--84-_jpg.rf.MnxXAjWZ1QsKVAaYD3kF.jpg,563,537,Microplastic,376,142,392,164
c--84-_jpg.rf.MnxXAjWZ1QsKVAaYD3kF.jpg,563,537,Microplastic,67,149,84,160
c--84-_jpg.rf.MnxXAjWZ1QsKVAaYD3kF.jpg,563,537,Microplastic,506,160,533,189
c--84-_jpg.rf.MnxXAjWZ1QsKVAaYD3kF.jpg,563,537,Microplastic,76,223,100,252
c--84-_jpg.rf.MnxXAjWZ1QsKVAaYD3kF.jpg,563,537,Microplastic,516,363,527,382
c--84-_jpg.rf.MnxXAjWZ1QsKVAaYD3kF.jpg,563,537,Microplastic,71,463,99,488
c--84-_jpg.rf.MnxXAjWZ1QsKVAaYD3kF.jpg,563,537,Microplastic,81,515,104,536
f--145-_jpg.rf.0sHfmSJmhnUle56CzPpT.jpg,563,537,Microplastic,180,0,234,24
f--145-_jpg.rf.0sHfmSJmhnUle56CzPpT.jpg,563,537,Microplastic,442,325,493,376
f--145-_jpg.rf.0sHfmSJmhnUle56CzPpT.jpg,563,537,Microplastic,229,389,294,427
f--145-_jpg.rf.0sHfmSJmhnUle56CzPpT.jpg,563,537,Microplastic,389,437,443,504
d--15-_jpg.rf.Z6AzJchb0itvK9ntunEY.jpg,563,537,Microplastic,0,328,104,432
d--15-_jpg.rf.Z6AzJchb0itvK9ntunEY.jpg,563,537,Microplastic,435,359,531,497
f--129-_jpg.rf.2GIlkyL656BDkFTrNc5z.jpg,563,537,Microplastic,122,0,188,30
f--129-_jpg.rf.2GIlkyL656BDkFTrNc5z.jpg,563,537,Microplastic,249,0,284,23
f--129-_jpg.rf.2GIlkyL656BDkFTrNc5z.jpg,563,537,Microplastic,0,50,28,131
f--129-_jpg.rf.2GIlkyL656BDkFTrNc5z.jpg,563,537,Microplastic,435,94,502,224
f--129-_jpg.rf.2GIlkyL656BDkFTrNc5z.jpg,563,537,Microplastic,299,212,367,261
f--129-_jpg.rf.2GIlkyL656BDkFTrNc5z.jpg,563,537,Microplastic,0,415,37,480
f--129-_jpg.rf.2GIlkyL656BDkFTrNc5z.jpg,563,537,Microplastic,275,519,350,536
a--26-_jpg.rf.FHZUl2c5WYwqZCdMJNIF.jpg,563,537,Microplastic,163,0,279,96
a--26-_jpg.rf.FHZUl2c5WYwqZCdMJNIF.jpg,563,537,Microplastic,0,47,17,117
a--26-_jpg.rf.FHZUl2c5WYwqZCdMJNIF.jpg,563,537,Microplastic,330,137,424,232
a--26-_jpg.rf.FHZUl2c5WYwqZCdMJNIF.jpg,563,537,Microplastic,76,156,156,258
a--26-_jpg.rf.FHZUl2c5WYwqZCdMJNIF.jpg,563,537,Microplastic,135,323,217,403
c--64-_jpg.rf.irGSaNokkDjfwswH2wc8.jpg,563,537,Microplastic,367,0,405,46
c--64-_jpg.rf.irGSaNokkDjfwswH2wc8.jpg,563,537,Microplastic,0,73,40,163
c--64-_jpg.rf.irGSaNokkDjfwswH2wc8.jpg,563,537,Microplastic,240,199,256,216
c--64-_jpg.rf.irGSaNokkDjfwswH2wc8.jpg,563,537,Microplastic,507,209,532,232
c--64-_jpg.rf.irGSaNokkDjfwswH2wc8.jpg,563,537,Microplastic,162,247,202,279
c--64-_jpg.rf.irGSaNokkDjfwswH2wc8.jpg,563,537,Microplastic,512,284,546,317
c--64-_jpg.rf.irGSaNokkDjfwswH2wc8.jpg,563,537,Microplastic,486,364,522,415
c--64-_jpg.rf.irGSaNokkDjfwswH2wc8.jpg,563,537,Microplastic,213,387,278,445
c--64-_jpg.rf.irGSaNokkDjfwswH2wc8.jpg,563,537,Microplastic,8,464,36,505
c--64-_jpg.rf.irGSaNokkDjfwswH2wc8.jpg,563,537,Microplastic,440,484,464,508
c--64-_jpg.rf.irGSaNokkDjfwswH2wc8.jpg,563,537,Microplastic,370,521,391,536
f--130-_jpg.rf.9JY4OiUOFP1T7UUv1ufS.jpg,563,537,Microplastic,162,0,252,44
f--130-_jpg.rf.9JY4OiUOFP1T7UUv1ufS.jpg,563,537,Microplastic,390,114,466,183
f--130-_jpg.rf.9JY4OiUOFP1T7UUv1ufS.jpg,563,537,Microplastic,116,149,146,168
f--130-_jpg.rf.9JY4OiUOFP1T7UUv1ufS.jpg,563,537,Microplastic,292,497,342,536
f--130-_jpg.rf.9JY4OiUOFP1T7UUv1ufS.jpg,563,537,Microplastic,130,500,211,536
d--37-_jpg.rf.S7RcRPSShhhWrtDzRqiT.jpg,563,537,Microplastic,23,0,211,91
d--37-_jpg.rf.S7RcRPSShhhWrtDzRqiT.jpg,563,537,Microplastic,31,224,170,405
d--37-_jpg.rf.S7RcRPSShhhWrtDzRqiT.jpg,563,537,Microplastic,78,392,259,502
d--23-_jpg.rf.bAh5nc1H5ipEe5gnTVmy.jpg,563,537,Microplastic,265,107,361,225
d--23-_jpg.rf.bAh5nc1H5ipEe5gnTVmy.jpg,563,537,Microplastic,87,406,196,518
Screenshot 2026-04-19 at 4-33-54 PM_png.rf.5MxMb3y5rcacP8HHlNs3.png,1518,846,Microplastic,693,289,725,318
Screenshot 2026-04-19 at 4-33-54 PM_png.rf.5MxMb3y5rcacP8HHlNs3.png,1518,846,Microplastic,742,439,770,466
Screenshot 2026-04-19 at 4-33-54 PM_png.rf.5MxMb3y5rcacP8HHlNs3.png,1518,846,Microplastic,262,27,293,52
Screenshot 2026-04-19 at 4-33-54 PM_png.rf.5MxMb3y5rcacP8HHlNs3.png,1518,846,Microplastic,884,543,915,571
Screenshot 2026-04-19 at 4-33-54 PM_png.rf.5MxMb3y5rcacP8HHlNs3.png,1518,846,Microplastic,577,260,603,283
Screenshot 2026-04-19 at 4-33-54 PM_png.rf.5MxMb3y5rcacP8HHlNs3.png,1518,846,Microplastic,384,621,413,649
Screenshot 2026-04-19 at 4-33-54 PM_png.rf.5MxMb3y5rcacP8HHlNs3.png,1518,846,Microplastic,307,209,335,235
Screenshot 2026-04-19 at 4-33-54 PM_png.rf.5MxMb3y5rcacP8HHlNs3.png,1518,846,Microplastic,1441,577,1471,604
Screenshot 2026-04-19 at 4-33-54 PM_png.rf.5MxMb3y5rcacP8HHlNs3.png,1518,846,Microplastic,333,537,354,563
Screenshot 2026-04-19 at 4-33-54 PM_png.rf.5MxMb3y5rcacP8HHlNs3.png,1518,846,Microplastic,12,517,38,541
Screenshot 2026-04-19 at 4-33-54 PM_png.rf.5MxMb3y5rcacP8HHlNs3.png,1518,846,Microplastic,1095,80,1123,107
Screenshot 2026-04-19 at 4-33-54 PM_png.rf.5MxMb3y5rcacP8HHlNs3.png,1518,846,Microplastic,1148,424,1169,444
Screenshot 2026-04-19 at 4-33-54 PM_png.rf.5MxMb3y5rcacP8HHlNs3.png,1518,846,Microplastic,1403,293,1454,337
Screenshot 2026-04-19 at 4-33-54 PM_png.rf.5MxMb3y5rcacP8HHlNs3.png,1518,846,Microplastic,1178,570,1197,590
Screenshot 2026-04-19 at 4-33-54 PM_png.rf.5MxMb3y5rcacP8HHlNs3.png,1518,846,Microplastic,729,344,753,368
Screenshot 2026-04-19 at 4-33-54 PM_png.rf.5MxMb3y5rcacP8HHlNs3.png,1518,846,Microplastic,897,498,925,525

Screenshot 2026-04-16 at 4-42-32 PM_png.rf.Q79t7lfZtBlWC6ZwsTFV.png,1478,798,Microplastic,4,415,319,638
Screenshot 2026-04-16 at 4-42-32 PM_png.rf.Q79t7lfZtBlWC6ZwsTFV.png,1478,798,Microplastic,1058,652,1100,696
Screenshot 2026-04-16 at 4-42-32 PM_png.rf.Q79t7lfZtBlWC6ZwsTFV.png,1478,798,Microplastic,30,521,56,545
Screenshot 2026-04-16 at 4-42-32 PM_png.rf.Q79t7lfZtBlWC6ZwsTFV.png,1478,798,Microplastic,65,458,102,483
Screenshot 2026-04-16 at 4-42-32 PM_png.rf.Q79t7lfZtBlWC6ZwsTFV.png,1478,798,Microplastic,994,548,1018,574
Screenshot 2026-04-16 at 4-42-32 PM_png.rf.Q79t7lfZtBlWC6ZwsTFV.png,1478,798,Microplastic,1265,536,1286,560
Screenshot 2026-04-16 at 4-42-32 PM_png.rf.Q79t7lfZtBlWC6ZwsTFV.png,1478,798,Microplastic,672,447,832,569
Screenshot 2026-04-16 at 4-42-32 PM_png.rf.Q79t7lfZtBlWC6ZwsTFV.png,1478,798,Microplastic,1027,493,1052,523
Screenshot 2026-04-16 at 4-42-32 PM_png.rf.Q79t7lfZtBlWC6ZwsTFV.png,1478,798,Microplastic,1087,359,1134,411
Screenshot 2026-04-16 at 4-42-32 PM_png.rf.Q79t7lfZtBlWC6ZwsTFV.png,1478,798,Microplastic,954,478,1315,789
f--158-_jpg.rf.LEEOYjX1HLtJeXHRzW7N.jpg,563,537,Microplastic,404,60,477,117
f--158-_jpg.rf.LEEOYjX1HLtJeXHRzW7N.jpg,563,537,Microplastic,469,127,512,157
f--158-_jpg.rf.LEEOYjX1HLtJeXHRzW7N.jpg,563,537,Microplastic,129,153,147,169
f--158-_jpg.rf.LEEOYjX1HLtJeXHRzW7N.jpg,563,537,Microplastic,477,169,486,181
f--158-_jpg.rf.LEEOYjX1HLtJeXHRzW7N.jpg,563,537,Microplastic,172,175,187,190
f--158-_jpg.rf.LEEOYjX1HLtJeXHRzW7N.jpg,563,537,Microplastic,376,180,397,202
f--158-_jpg.rf.LEEOYjX1HLtJeXHRzW7N.jpg,563,537,Microplastic,278,219,295,244
f--158-_jpg.rf.LEEOYjX1HLtJeXHRzW7N.jpg,563,537,Microplastic,489,287,515,311
f--158-_jpg.rf.LEEOYjX1HLtJeXHRzW7N.jpg,563,537,Microplastic,300,367,313,378
f--158-_jpg.rf.LEEOYjX1HLtJeXHRzW7N.jpg,563,537,Microplastic,114,347,158,407
f--158-_jpg.rf.LEEOYjX1HLtJeXHRzW7N.jpg,563,537,Microplastic,372,411,381,418
f--158-_jpg.rf.LEEOYjX1HLtJeXHRzW7N.jpg,563,537,Microplastic,169,413,188,425
f--158-_jpg.rf.LEEOYjX1HLtJeXHRzW7N.jpg,563,537,Microplastic,427,419,459,464
f--158-_jpg.rf.LEEOYjX1HLtJeXHRzW7N.jpg,563,537,Microplastic,0,444,41,510
f--158-_jpg.rf.LEEOYjX1HLtJeXHRzW7N.jpg,563,537,Microplastic,321,491,365,536
f--158-_jpg.rf.LEEOYjX1HLtJeXHRzW7N.jpg,563,537,Microplastic,134,515,176,536
f--128-_jpg.rf.5MvAd9ke3NCBfTTnWKHn.jpg,563,537,Microplastic,65,0,114,54
f--128-_jpg.rf.5MvAd9ke3NCBfTTnWKHn.jpg,563,537,Microplastic,183,80,195,95
f--128-_jpg.rf.5MvAd9ke3NCBfTTnWKHn.jpg,563,537,Microplastic,372,94,463,173
f--128-_jpg.rf.5MvAd9ke3NCBfTTnWKHn.jpg,563,537,Microplastic,285,160,319,188
f--128-_jpg.rf.5MvAd9ke3NCBfTTnWKHn.jpg,563,537,Microplastic,0,170,10,215
f--128-_jpg.rf.5MvAd9ke3NCBfTTnWKHn.jpg,563,537,Microplastic,109,257,162,299
f--128-_jpg.rf.5MvAd9ke3NCBfTTnWKHn.jpg,563,537,Microplastic,297,340,336,377
f--128-_jpg.rf.5MvAd9ke3NCBfTTnWKHn.jpg,563,537,Microplastic,422,414,464,458
f--128-_jpg.rf.5MvAd9ke3NCBfTTnWKHn.jpg,563,537,Microplastic,0,469,19,512
f--128-_jpg.rf.5MvAd9ke3NCBfTTnWKHn.jpg,563,537,Microplastic,90,507,150,536
f--128-_jpg.rf.5MvAd9ke3NCBfTTnWKHn.jpg,563,537,Microplastic,209,522,261,536
f--118-_jpg.rf.Dj7aABBG0KBeewbwwF9k.jpg,563,537,Microplastic,235,80,276,120
f--118-_jpg.rf.Dj7aABBG0KBeewbwwF9k.jpg,563,537,Microplastic,390,230,437,296
f--118-_jpg.rf.Dj7aABBG0KBeewbwwF9k.jpg,563,537,Microplastic,435,302,539,392
f--118-_jpg.rf.Dj7aABBG0KBeewbwwF9k.jpg,563,537,Microplastic,207,360,252,417
f--118-_jpg.rf.Dj7aABBG0KBeewbwwF9k.jpg,563,537,Microplastic,92,485,143,529
f--118-_jpg.rf.Dj7aABBG0KBeewbwwF9k.jpg,563,537,Microplastic,0,492,36,536
f--115-_jpg.rf.FScBBfjknbuZNAS72Hzk.jpg,563,537,Microplastic,0,32,43,110
f--115-_jpg.rf.FScBBfjknbuZNAS72Hzk.jpg,563,537,Microplastic,4,275,58,343
f--115-_jpg.rf.FScBBfjknbuZNAS72Hzk.jpg,563,537,Microplastic,437,395,488,452
c--61-_jpg.rf.IzGMLAsG9BjUZM4TtoWy.jpg,563,537,Microplastic,417,32,444,51
c--61-_jpg.rf.IzGMLAsG9BjUZM4TtoWy.jpg,563,537,Microplastic,385,60,485,140
c--61-_jpg.rf.IzGMLAsG9BjUZM4TtoWy.jpg,563,537,Microplastic,328,100,347,126
c--61-_jpg.rf.IzGMLAsG9BjUZM4TtoWy.jpg,563,537,Microplastic,27,249,117,280
c--61-_jpg.rf.IzGMLAsG9BjUZM4TtoWy.jpg,563,537,Microplastic,381,254,422,295
c--61-_jpg.rf.IzGMLAsG9BjUZM4TtoWy.jpg,563,537,Microplastic,497,254,537,295
c--61-_jpg.rf.IzGMLAsG9BjUZM4TtoWy.jpg,563,537,Microplastic,277,372,312,398
c--61-_jpg.rf.IzGMLAsG9BjUZM4TtoWy.jpg,563,537,Microplastic,405,439,421,458
c--61-_jpg.rf.IzGMLAsG9BjUZM4TtoWy.jpg,563,537,Microplastic,26,465,48,486
c--61-_jpg.rf.IzGMLAsG9BjUZM4TtoWy.jpg,563,537,Microplastic,0,474,16,510
f--112-_jpg.rf.8A0R7MJy7JjgDOgvV9Zc.jpg,563,537,Microplastic,0,29,73,119
f--112-_jpg.rf.8A0R7MJy7JjgDOgvV9Zc.jpg,563,537,Microplastic,362,115,430,161
f--112-_jpg.rf.8A0R7MJy7JjgDOgvV9Zc.jpg,563,537,Microplastic,365,442,418,536
f--112-_jpg.rf.8A0R7MJy7JjgDOgvV9Zc.jpg,563,537,Microplastic,0,514,28,536
f--127-_jpg.rf.MIhwg3EqsE6SB8Ij5tmD.jpg,563,537,Microplastic,145,0,202,33
f--127-_jpg.rf.MIhwg3EqsE6SB8Ij5tmD.jpg,563,537,Microplastic,287,7,401,111
f--127-_jpg.rf.MIhwg3EqsE6SB8Ij5tmD.jpg,563,537,Microplastic,469,207,515,235
f--127-_jpg.rf.MIhwg3EqsE6SB8Ij5tmD.jpg,563,537,Microplastic,0,240,57,277
f--127-_jpg.rf.MIhwg3EqsE6SB8Ij5tmD.jpg,563,537,Microplastic,50,322,86,362
f--127-_jpg.rf.MIhwg3EqsE6SB8Ij5tmD.jpg,563,537,Microplastic,22,492,50,536
f--127-_jpg.rf.MIhwg3EqsE6SB8Ij5tmD.jpg,563,537,Microplastic,107,518,161,536
f--14-_jpg.rf.OQwlU1h4ToT7yJGnkuXg.jpg,563,537,Microplastic,302,0,382,43
f--14-_jpg.rf.OQwlU1h4ToT7yJGnkuXg.jpg,563,537,Microplastic,282,112,338,163
f--14-_jpg.rf.OQwlU1h4ToT7yJGnkuXg.jpg,563,537,Microplastic,2,317,49,410
f--14-_jpg.rf.OQwlU1h4ToT7yJGnkuXg.jpg,563,537,Microplastic,384,442,469,492
d--3-_jpg.rf.ZVREyjJhtkm9pgdI2FBy.jpg,353,336,Microplastic,62,173,191,275
d--2-_jpg.rf.Lx0DqscSXHzZq22ZZLEC.jpg,353,336,Microplastic,245,0,350,81
d--2-_jpg.rf.Lx0DqscSXHzZq22ZZLEC.jpg,353,336,Microplastic,7,121,152,261
b--12-_jpg.rf.rCt9GRIhZvD5OjsUNew5.jpg,563,537,Microplastic,226,0,260,26
b--12-_jpg.rf.rCt9GRIhZvD5OjsUNew5.jpg,563,537,Microplastic,373,32,389,48
b--12-_jpg.rf.rCt9GRIhZvD5OjsUNew5.jpg,563,537,Microplastic,115,65,139,81
b--12-_jpg.rf.rCt9GRIhZvD5OjsUNew5.jpg,563,537,Microplastic,226,101,234,113
b--12-_jpg.rf.rCt9GRIhZvD5OjsUNew5.jpg,563,537,Microplastic,19,124,42,140
b--12-_jpg.rf.rCt9GRIhZvD5OjsUNew5.jpg,563,537,Microplastic,0,123,38,165
b--12-_jpg.rf.rCt9GRIhZvD5OjsUNew5.jpg,563,537,Microplastic,442,130,473,169
b--12-_jpg.rf.rCt9GRIhZvD5OjsUNew5.jpg,563,537,Microplastic,162,145,196,164
b--12-_jpg.rf.rCt9GRIhZvD5OjsUNew5.jpg,563,537,Microplastic,117,129,141,183
b--12-_jpg.rf.rCt9GRIhZvD5OjsUNew5.jpg,563,537,Microplastic,78,167,86,182
b--12-_jpg.rf.rCt9GRIhZvD5OjsUNew5.jpg,563,537,Microplastic,277,168,288,182
b--12-_jpg.rf.rCt9GRIhZvD5OjsUNew5.jpg,563,537,Microplastic,212,176,226,203
b--12-_jpg.rf.rCt9GRIhZvD5OjsUNew5.jpg,563,537,Microplastic,0,206,10,230
b--12-_jpg.rf.rCt9GRIhZvD5OjsUNew5.jpg,563,537,Microplastic,59,220,68,233
b--12-_jpg.rf.rCt9GRIhZvD5OjsUNew5.jpg,563,537,Microplastic,166,234,178,244
b--12-_jpg.rf.rCt9GRIhZvD5OjsUNew5.jpg,563,537,Microplastic,305,235,314,246
b--12-_jpg.rf.rCt9GRIhZvD5OjsUNew5.jpg,563,537,Microplastic,142,238,156,252
b--12-_jpg.rf.rCt9GRIhZvD5OjsUNew5.jpg,563,537,Microplastic,275,238,296,259
b--12-_jpg.rf.rCt9GRIhZvD5OjsUNew5.jpg,563,537,Microplastic,322,244,337,269
b--12-_jpg.rf.rCt9GRIhZvD5OjsUNew5.jpg,563,537,Microplastic,126,261,148,281
b--12-_jpg.rf.rCt9GRIhZvD5OjsUNew5.jpg,563,537,Microplastic,376,282,418,330
b--12-_jpg.rf.rCt9GRIhZvD5OjsUNew5.jpg,563,537,Microplastic,181,334,196,350
b--12-_jpg.rf.rCt9GRIhZvD5OjsUNew5.jpg,563,537,Microplastic,0,336,27,360
b--12-_jpg.rf.rCt9GRIhZvD5OjsUNew5.jpg,563,537,Microplastic,94,355,107,363
b--12-_jpg.rf.rCt9GRIhZvD5OjsUNew5.jpg,563,537,Microplastic,33,355,55,379
b--12-_jpg.rf.rCt9GRIhZvD5OjsUNew5.jpg,563,537,Microplastic,463,400,481,414
b--12-_jpg.rf.rCt9GRIhZvD5OjsUNew5.jpg,563,537,Microplastic,270,404,286,416
b--12-_jpg.rf.rCt9GRIhZvD5OjsUNew5.jpg,563,537,Microplastic,415,454,443,478
d--27-_jpg.rf.hPCT6NkMuUGMvSU3PZkt.jpg,563,537,Microplastic,131,87,252,233
d--27-_jpg.rf.hPCT6NkMuUGMvSU3PZkt.jpg,563,537,Microplastic,427,213,562,332
Screenshot 2026-04-16 at 4-41-27 PM_png.rf.KgujXgTkUafwv0gPiYZh.png,1574,912,Microplastic,854,615,918,682
Screenshot 2026-04-16 at 4-41-27 PM_png.rf.KgujXgTkUafwv0gPiYZh.png,1574,912,Microplastic,784,176,824,229
Screenshot 2026-04-16 at 4-41-27 PM_png.rf.KgujXgTkUafwv0gPiYZh.png,1574,912,Microplastic,213,2,380,87
Screenshot 2026-04-16 at 4-41-27 PM_png.rf.KgujXgTkUafwv0gPiYZh.png,1574,912,Microplastic,218,0,267,52
Screenshot 2026-04-16 at 4-41-27 PM_png.rf.KgujXgTkUafwv0gPiYZh.png,1574,912,Microplastic,105,714,132,738
f--163-_jpg.rf.Qwk6HQPejRbj7gyjvXNX.jpg,563,537,Microplastic,0,0,38,22
f--163-_jpg.rf.Qwk6HQPejRbj7gyjvXNX.jpg,563,537,Microplastic,151,15,162,28
f--163-_jpg.rf.Qwk6HQPejRbj7gyjvXNX.jpg,563,537,Microplastic,233,28,245,44
f--163-_jpg.rf.Qwk6HQPejRbj7gyjvXNX.jpg,563,537,Microplastic,183,46,203,63
f--163-_jpg.rf.Qwk6HQPejRbj7gyjvXNX.jpg,563,537,Microplastic,62,74,124,159
f--163-_jpg.rf.Qwk6HQPejRbj7gyjvXNX.jpg,563,537,Microplastic,143,135,167,169
f--163-_jpg.rf.Qwk6HQPejRbj7gyjvXNX.jpg,563,537,Microplastic,477,159,504,185
f--163-_jpg.rf.Qwk6HQPejRbj7gyjvXNX.jpg,563,537,Microplastic,187,168,200,183
f--163-_jpg.rf.Qwk6HQPejRbj7gyjvXNX.jpg,563,537,Microplastic,274,157,303,196
f--163-_jpg.rf.Qwk6HQPejRbj7gyjvXNX.jpg,563,537,Microplastic,66,342,96,361
f--163-_jpg.rf.Qwk6HQPejRbj7gyjvXNX.jpg,563,537,Microplastic,88,361,105,374
f--163-_jpg.rf.Qwk6HQPejRbj7gyjvXNX.jpg,563,537,Microplastic,156,375,178,397
f--163-_jpg.rf.Qwk6HQPejRbj7gyjvXNX.jpg,563,537,Microplastic,247,466,309,536
f--163-_jpg.rf.Qwk6HQPejRbj7gyjvXNX.jpg,563,537,Microplastic,430,510,449,532
f--163-_jpg.rf.Qwk6HQPejRbj7gyjvXNX.jpg,563,537,Microplastic,59,500,120,536
f--135-_jpg.rf.TR6PGRRzxnRHUfLCDW4i.jpg,563,537,Microplastic,310,0,380,48
f--135-_jpg.rf.TR6PGRRzxnRHUfLCDW4i.jpg,563,537,Microplastic,134,110,168,133
f--135-_jpg.rf.TR6PGRRzxnRHUfLCDW4i.jpg,563,537,Microplastic,399,147,464,213
f--135-_jpg.rf.TR6PGRRzxnRHUfLCDW4i.jpg,563,537,Microplastic,49,160,87,213
f--135-_jpg.rf.TR6PGRRzxnRHUfLCDW4i.jpg,563,537,Microplastic,214,222,255,272
f--135-_jpg.rf.TR6PGRRzxnRHUfLCDW4i.jpg,563,537,Microplastic,457,250,517,301
f--135-_jpg.rf.TR6PGRRzxnRHUfLCDW4i.jpg,563,537,Microplastic,332,245,392,311
f--135-_jpg.rf.TR6PGRRzxnRHUfLCDW4i.jpg,563,537,Microplastic,324,410,407,507
f--110-_jpg.rf.KHD0tuQwvPTyL3T1HHXx.jpg,563,537,Microplastic,4,9,54,59
f--110-_jpg.rf.KHD0tuQwvPTyL3T1HHXx.jpg,563,537,Microplastic,125,74,166,114
f--110-_jpg.rf.KHD0tuQwvPTyL3T1HHXx.jpg,563,537,Microplastic,430,160,482,226
f--110-_jpg.rf.KHD0tuQwvPTyL3T1HHXx.jpg,563,537,Microplastic,255,180,301,232
f--110-_jpg.rf.KHD0tuQwvPTyL3T1HHXx.jpg,563,537,Microplastic,92,197,156,252
f--110-_jpg.rf.KHD0tuQwvPTyL3T1HHXx.jpg,563,537,Microplastic,465,404,515,450
f--110-_jpg.rf.KHD0tuQwvPTyL3T1HHXx.jpg,563,537,Microplastic,127,420,184,520
a--83-_jpg.rf.PQoAoEUoAMfuU3jeNQEK.jpg,563,537,Microplastic,112,76,187,146
a--83-_jpg.rf.PQoAoEUoAMfuU3jeNQEK.jpg,563,537,Microplastic,0,179,43,245
a--83-_jpg.rf.PQoAoEUoAMfuU3jeNQEK.jpg,563,537,Microplastic,86,316,156,373
a--83-_jpg.rf.PQoAoEUoAMfuU3jeNQEK.jpg,563,537,Microplastic,242,389,320,455
d--28-_jpg.rf.kd4AyZQ5WvcLcHLStdQx.jpg,563,537,Microplastic,202,294,318,419
f--121-_jpg.rf.OI9PBuP19jz8hp8d8zIX.jpg,563,537,Microplastic,239,0,281,69
f--121-_jpg.rf.OI9PBuP19jz8hp8d8zIX.jpg,563,537,Microplastic,489,275,521,343
f--121-_jpg.rf.OI9PBuP19jz8hp8d8zIX.jpg,563,537,Microplastic,372,425,450,536
f--121-_jpg.rf.OI9PBuP19jz8hp8d8zIX.jpg,563,537,Microplastic,9,490,76,536
f--136-_jpg.rf.RdBHKHkSWCMoiIA4kMQW.jpg,563,537,Microplastic,257,0,309,103
f--136-_jpg.rf.RdBHKHkSWCMoiIA4kMQW.jpg,563,537,Microplastic,159,223,235,347
f--136-_jpg.rf.RdBHKHkSWCMoiIA4kMQW.jpg,563,537,Microplastic,225,281,267,309
f--136-_jpg.rf.RdBHKHkSWCMoiIA4kMQW.jpg,563,537,Microplastic,352,470,398,533
f--136-_jpg.rf.RdBHKHkSWCMoiIA4kMQW.jpg,563,537,Microplastic,135,492,194,536
d--31-_jpg.rf.ifH1sdWLyMhrqMOCvZZU.jpg,563,537,Microplastic,33,58,177,226
d--31-_jpg.rf.ifH1sdWLyMhrqMOCvZZU.jpg,563,537,Microplastic,135,359,256,485
d--19-_jpg.rf.ieKJZOF1VZeyacDYJ9eW.jpg,563,537,Microplastic,0,52,71,170
d--19-_jpg.rf.ieKJZOF1VZeyacDYJ9eW.jpg,563,537,Microplastic,292,0,379,20
d--19-_jpg.rf.ieKJZOF1VZeyacDYJ9eW.jpg,563,537,Microplastic,392,116,562,313
d--19-_jpg.rf.ieKJZOF1VZeyacDYJ9eW.jpg,563,537,Microplastic,62,315,177,444
c--70-_jpg.rf.MQp5djeev7IwiebNets8.jpg,563,537,Microplastic,467,97,489,114
c--70-_jpg.rf.MQp5djeev7IwiebNets8.jpg,563,537,Microplastic,226,104,251,125
c--70-_jpg.rf.MQp5djeev7IwiebNets8.jpg,563,537,Microplastic,491,115,531,143
c--70-_jpg.rf.MQp5djeev7IwiebNets8.jpg,563,537,Microplastic,511,149,542,174
c--70-_jpg.rf.MQp5djeev7IwiebNets8.jpg,563,537,Microplastic,317,155,392,223
c--70-_jpg.rf.MQp5djeev7IwiebNets8.jpg,563,537,Microplastic,433,255,494,324
c--70-_jpg.rf.MQp5djeev7IwiebNets8.jpg,563,537,Microplastic,205,273,234,314
c--70-_jpg.rf.MQp5djeev7IwiebNets8.jpg,563,537,Microplastic,173,345,249,408
c--70-_jpg.rf.MQp5djeev7IwiebNets8.jpg,563,537,Microplastic,520,358,556,401
c--70-_jpg.rf.MQp5djeev7IwiebNets8.jpg,563,537,Microplastic,446,365,524,464
c--70-_jpg.rf.MQp5djeev7IwiebNets8.jpg,563,537,Microplastic,541,403,562,430
c--70-_jpg.rf.MQp5djeev7IwiebNets8.jpg,563,537,Microplastic,373,428,403,459
c--70-_jpg.rf.MQp5djeev7IwiebNets8.jpg,563,537,Microplastic,67,485,98,536
c--70-_jpg.rf.MQp5djeev7IwiebNets8.jpg,563,537,Microplastic,135,522,167,536
c--70-_jpg.rf.MQp5djeev7IwiebNets8.jpg,563,537,Microplastic,357,508,418,536
f--141-_jpg.rf.TFBrDsR3UCoeuxYYJ9RN.jpg,563,537,Microplastic,455,177,522,254
f--141-_jpg.rf.TFBrDsR3UCoeuxYYJ9RN.jpg,563,537,Microplastic,282,215,358,275
f--141-_jpg.rf.TFBrDsR3UCoeuxYYJ9RN.jpg,563,537,Microplastic,292,495,346,536
f--141-_jpg.rf.TFBrDsR3UCoeuxYYJ9RN.jpg,563,537,Microplastic,147,482,197,536
d--36-_jpg.rf.pwdVW8H2XSXdyUpJD5NT.jpg,563,537,Microplastic,309,162,474,370
d--36-_jpg.rf.pwdVW8H2XSXdyUpJD5NT.jpg,563,537,Microplastic,34,330,211,536
d--4-_jpg.rf.eudBCM7INhTkhRBu6k0Q.jpg,353,336,Microplastic,106,0,214,69
d--4-_jpg.rf.eudBCM7INhTkhRBu6k0Q.jpg,353,336,Microplastic,75,126,245,311
f--147-_jpg.rf.aNPUfceu0cCoa0jmOiwe.jpg,563,537,Microplastic,308,0,356,37
f--147-_jpg.rf.aNPUfceu0cCoa0jmOiwe.jpg,563,537,Microplastic,126,0,220,84
f--147-_jpg.rf.aNPUfceu0cCoa0jmOiwe.jpg,563,537,Microplastic,394,167,417,200
f--147-_jpg.rf.aNPUfceu0cCoa0jmOiwe.jpg,563,537,Microplastic,326,175,345,199
f--147-_jpg.rf.aNPUfceu0cCoa0jmOiwe.jpg,563,537,Microplastic,207,303,283,376
f--147-_jpg.rf.aNPUfceu0cCoa0jmOiwe.jpg,563,537,Microplastic,127,416,146,430
f--147-_jpg.rf.aNPUfceu0cCoa0jmOiwe.jpg,563,537,Microplastic,195,488,262,536
d--21-_jpg.rf.jVgZbhIdEq0SUx7UWMMP.jpg,563,537,Microplastic,61,113,178,227
d--21-_jpg.rf.jVgZbhIdEq0SUx7UWMMP.jpg,563,537,Microplastic,256,137,329,233
d--21-_jpg.rf.jVgZbhIdEq0SUx7UWMMP.jpg,563,537,Microplastic,0,434,49,536
d--21-_jpg.rf.jVgZbhIdEq0SUx7UWMMP.jpg,563,537,Microplastic,326,392,427,490
b--76-_jpg.rf.xjU2ZEVUbcKKCe82nBXz.jpg,563,537,Microplastic,230,0,258,46
b--76-_jpg.rf.xjU2ZEVUbcKKCe82nBXz.jpg,563,537,Microplastic,177,141,211,184
b--76-_jpg.rf.xjU2ZEVUbcKKCe82nBXz.jpg,563,537,Microplastic,356,461,373,481
b--76-_jpg.rf.xjU2ZEVUbcKKCe82nBXz.jpg,563,537,Microplastic,457,517,476,536
b--76-_jpg.rf.xjU2ZEVUbcKKCe82nBXz.jpg,563,537,Microplastic,490,154,509,185
b--76-_jpg.rf.xjU2ZEVUbcKKCe82nBXz.jpg,563,537,Microplastic,350,87,361,107
b--76-_jpg.rf.xjU2ZEVUbcKKCe82nBXz.jpg,563,537,Microplastic,299,124,324,151
b--76-_jpg.rf.xjU2ZEVUbcKKCe82nBXz.jpg,563,537,Microplastic,63,317,94,339
b--76-_jpg.rf.xjU2ZEVUbcKKCe82nBXz.jpg,563,537,Microplastic,40,271,52,290
b--76-_jpg.rf.xjU2ZEVUbcKKCe82nBXz.jpg,563,537,Microplastic,9,461,20,483
b--76-_jpg.rf.xjU2ZEVUbcKKCe82nBXz.jpg,563,537,Microplastic,297,340,322,355
b--76-_jpg.rf.xjU2ZEVUbcKKCe82nBXz.jpg,563,537,Microplastic,223,366,240,386
b--76-_jpg.rf.xjU2ZEVUbcKKCe82nBXz.jpg,563,537,Microplastic,107,285,124,306
b--76-_jpg.rf.xjU2ZEVUbcKKCe82nBXz.jpg,563,537,Microplastic,37,220,59,243
b--76-_jpg.rf.xjU2ZEVUbcKKCe82nBXz.jpg,563,537,Microplastic,85,205,104,216
b--76-_jpg.rf.xjU2ZEVUbcKKCe82nBXz.jpg,563,537,Microplastic,167,283,181,298
Screenshot 2026-04-16 at 4-46-51 PM_png.rf.h4g3x9GciMXfnG66bPsD.png,1584,838,Microplastic,393,363,419,387
Screenshot 2026-04-16 at 4-46-51 PM_png.rf.h4g3x9GciMXfnG66bPsD.png,1584,838,Microplastic,628,166,655,189
Screenshot 2026-04-16 at 4-46-51 PM_png.rf.h4g3x9GciMXfnG66bPsD.png,1584,838,Microplastic,1491,540,1518,565
Screenshot 2026-04-16 at 4-46-51 PM_png.rf.h4g3x9GciMXfnG66bPsD.png,1584,838,Microplastic,1157,649,1190,677
Screenshot 2026-04-16 at 4-46-51 PM_png.rf.h4g3x9GciMXfnG66bPsD.png,1584,838,Microplastic,398,457,421,478
Screenshot 2026-04-16 at 4-46-51 PM_png.rf.h4g3x9GciMXfnG66bPsD.png,1584,838,Microplastic,972,459,1090,548
Screenshot 2026-04-16 at 4-46-51 PM_png.rf.h4g3x9GciMXfnG66bPsD.png,1584,838,Microplastic,805,500,825,519
Screenshot 2026-04-16 at 4-46-51 PM_png.rf.h4g3x9GciMXfnG66bPsD.png,1584,838,Microplastic,1143,738,1167,763
Screenshot 2026-04-16 at 4-46-51 PM_png.rf.h4g3x9GciMXfnG66bPsD.png,1584,838,Microplastic,221,143,242,164
Screenshot 2026-04-16 at 4-46-51 PM_png.rf.h4g3x9GciMXfnG66bPsD.png,1584,838,Microplastic,673,638,697,661
Screenshot 2026-04-16 at 4-46-51 PM_png.rf.h4g3x9GciMXfnG66bPsD.png,1584,838,Microplastic,1284,271,1304,293
Screenshot 2026-04-16 at 4-46-51 PM_png.rf.h4g3x9GciMXfnG66bPsD.png,1584,838,Microplastic,659,500,688,539
Screenshot 2026-04-16 at 4-46-51 PM_png.rf.h4g3x9GciMXfnG66bPsD.png,1584,838,Microplastic,432,791,454,811
Screenshot 2026-04-16 at 4-46-51 PM_png.rf.h4g3x9GciMXfnG66bPsD.png,1584,838,Microplastic,1483,719,1503,739
b--196-_jpg.rf.OL7kFXYJvzP5DbOYqP1J.jpg,563,537,Microplastic,175,7,197,44
b--196-_jpg.rf.OL7kFXYJvzP5DbOYqP1J.jpg,563,537,Microplastic,297,50,362,104
b--196-_jpg.rf.OL7kFXYJvzP5DbOYqP1J.jpg,563,537,Microplastic,4,217,30,238
b--196-_jpg.rf.OL7kFXYJvzP5DbOYqP1J.jpg,563,537,Microplastic,132,270,153,286
b--196-_jpg.rf.OL7kFXYJvzP5DbOYqP1J.jpg,563,537,Microplastic,170,274,178,284
b--196-_jpg.rf.OL7kFXYJvzP5DbOYqP1J.jpg,563,537,Microplastic,368,276,400,305
b--196-_jpg.rf.OL7kFXYJvzP5DbOYqP1J.jpg,563,537,Microplastic,288,285,319,314
b--196-_jpg.rf.OL7kFXYJvzP5DbOYqP1J.jpg,563,537,Microplastic,210,297,224,308
b--196-_jpg.rf.OL7kFXYJvzP5DbOYqP1J.jpg,563,537,Microplastic,265,314,277,330
b--196-_jpg.rf.OL7kFXYJvzP5DbOYqP1J.jpg,563,537,Microplastic,205,315,222,357
b--196-_jpg.rf.OL7kFXYJvzP5DbOYqP1J.jpg,563,537,Microplastic,251,330,267,343
b--196-_jpg.rf.OL7kFXYJvzP5DbOYqP1J.jpg,563,537,Microplastic,87,335,129,380
b--196-_jpg.rf.OL7kFXYJvzP5DbOYqP1J.jpg,563,537,Microplastic,267,353,283,371
b--196-_jpg.rf.OL7kFXYJvzP5DbOYqP1J.jpg,563,537,Microplastic,288,357,298,372
b--196-_jpg.rf.OL7kFXYJvzP5DbOYqP1J.jpg,563,537,Microplastic,247,385,267,412
b--196-_jpg.rf.OL7kFXYJvzP5DbOYqP1J.jpg,563,537,Microplastic,290,409,317,450
b--79-_jpg.rf.Eo4709pi2vWe7AEEvTR0.jpg,563,537,Microplastic,284,14,312,40
b--79-_jpg.rf.Eo4709pi2vWe7AEEvTR0.jpg,563,537,Microplastic,66,59,83,75
b--79-_jpg.rf.Eo4709pi2vWe7AEEvTR0.jpg,563,537,Microplastic,167,372,196,404
b--79-_jpg.rf.Eo4709pi2vWe7AEEvTR0.jpg,563,537,Microplastic,164,207,184,239
b--79-_jpg.rf.Eo4709pi2vWe7AEEvTR0.jpg,563,537,Microplastic,39,290,59,320
b--79-_jpg.rf.Eo4709pi2vWe7AEEvTR0.jpg,563,537,Microplastic,238,467,257,486
b--79-_jpg.rf.Eo4709pi2vWe7AEEvTR0.jpg,563,537,Microplastic,225,506,238,519
b--79-_jpg.rf.Eo4709pi2vWe7AEEvTR0.jpg,563,537,Microplastic,175,492,188,506
b--79-_jpg.rf.Eo4709pi2vWe7AEEvTR0.jpg,563,537,Microplastic,352,481,374,498
b--79-_jpg.rf.Eo4709pi2vWe7AEEvTR0.jpg,563,537,Microplastic,300,475,320,490
d--100-_jpg.rf.uWzILI3GIKUHO5Ya01pP.jpg,563,537,Microplastic,354,0,469,134
d--100-_jpg.rf.uWzILI3GIKUHO5Ya01pP.jpg,563,537,Microplastic,390,412,524,536
Screenshot 2026-04-19 at 4-29-15 PM_png.rf.8u7KP2qlIYdUOECFlvOT.png,1526,862,Microplastic,1379,262,1411,290
Screenshot 2026-04-19 at 4-29-15 PM_png.rf.8u7KP2qlIYdUOECFlvOT.png,1526,862,Microplastic,502,62,535,98
Screenshot 2026-04-19 at 4-29-51 PM_png.rf.AjqygBjq2UDWNHXunrQ7.png,1508,812,Microplastic,855,669,943,742
f--111-_jpg.rf.GP8TOKsxtD7wxxfNXi9E.jpg,563,537,Microplastic,122,0,258,26
f--111-_jpg.rf.GP8TOKsxtD7wxxfNXi9E.jpg,563,537,Microplastic,135,89,190,144
f--111-_jpg.rf.GP8TOKsxtD7wxxfNXi9E.jpg,563,537,Microplastic,430,212,485,267
f--111-_jpg.rf.GP8TOKsxtD7wxxfNXi9E.jpg,563,537,Microplastic,0,279,23,348
f--111-_jpg.rf.GP8TOKsxtD7wxxfNXi9E.jpg,563,537,Microplastic,20,379,65,414
f--111-_jpg.rf.GP8TOKsxtD7wxxfNXi9E.jpg,563,537,Microplastic,367,515,409,536
c--85-_jpg.rf.nGvySI52sLT5SXVP8uIA.jpg,563,537,Microplastic,361,104,400,160
c--85-_jpg.rf.nGvySI52sLT5SXVP8uIA.jpg,563,537,Microplastic,408,308,432,331
c--85-_jpg.rf.nGvySI52sLT5SXVP8uIA.jpg,563,537,Microplastic,468,424,487,443
c--85-_jpg.rf.nGvySI52sLT5SXVP8uIA.jpg,563,537,Microplastic,2,435,29,457
c--85-_jpg.rf.nGvySI52sLT5SXVP8uIA.jpg,563,537,Microplastic,228,438,249,460
c--85-_jpg.rf.nGvySI52sLT5SXVP8uIA.jpg,563,537,Microplastic,375,480,414,515
c--85-_jpg.rf.nGvySI52sLT5SXVP8uIA.jpg,563,537,Microplastic,79,516,115,536
c--85-_jpg.rf.nGvySI52sLT5SXVP8uIA.jpg,563,537,Microplastic,245,521,274,536
f--114-_jpg.rf.Y3xthTo8AMDQ3uaQJNPL.jpg,563,537,Microplastic,224,42,259,111
f--114-_jpg.rf.Y3xthTo8AMDQ3uaQJNPL.jpg,563,537,Microplastic,262,192,292,279
f--114-_jpg.rf.Y3xthTo8AMDQ3uaQJNPL.jpg,563,537,Microplastic,470,235,517,291
f--114-_jpg.rf.Y3xthTo8AMDQ3uaQJNPL.jpg,563,537,Microplastic,42,304,100,369
f--114-_jpg.rf.Y3xthTo8AMDQ3uaQJNPL.jpg,563,537,Microplastic,157,424,211,479
f--114-_jpg.rf.Y3xthTo8AMDQ3uaQJNPL.jpg,563,537,Microplastic,399,470,465,536
f--114-_jpg.rf.Y3xthTo8AMDQ3uaQJNPL.jpg,563,537,Microplastic,0,505,52,536
f--116-_jpg.rf.VJZ8zc5dL1t1gUb4U4sp.jpg,563,537,Microplastic,195,0,250,55
f--116-_jpg.rf.VJZ8zc5dL1t1gUb4U4sp.jpg,563,537,Microplastic,57,0,102,42
f--116-_jpg.rf.VJZ8zc5dL1t1gUb4U4sp.jpg,563,537,Microplastic,362,74,429,148
f--116-_jpg.rf.VJZ8zc5dL1t1gUb4U4sp.jpg,563,537,Microplastic,439,187,475,233
f--123-_jpg.rf.ZNGLK8jSf14UFfPVMVpv.jpg,563,537,Microplastic,155,0,257,129
f--123-_jpg.rf.ZNGLK8jSf14UFfPVMVpv.jpg,563,537,Microplastic,452,257,508,314
f--123-_jpg.rf.ZNGLK8jSf14UFfPVMVpv.jpg,563,537,Microplastic,382,447,437,516
f--123-_jpg.rf.ZNGLK8jSf14UFfPVMVpv.jpg,563,537,Microplastic,0,475,13,525
f--123-_jpg.rf.ZNGLK8jSf14UFfPVMVpv.jpg,563,537,Microplastic,210,504,304,536
c--107-_jpg.rf.JQKIMVS5G7SlIkjGHLIy.jpg,563,537,Microplastic,66,0,95,11
c--107-_jpg.rf.JQKIMVS5G7SlIkjGHLIy.jpg,563,537,Microplastic,396,0,448,54
c--107-_jpg.rf.JQKIMVS5G7SlIkjGHLIy.jpg,563,537,Microplastic,356,89,383,121
c--107-_jpg.rf.JQKIMVS5G7SlIkjGHLIy.jpg,563,537,Microplastic,366,133,381,152
c--107-_jpg.rf.JQKIMVS5G7SlIkjGHLIy.jpg,563,537,Microplastic,0,250,62,298
c--107-_jpg.rf.JQKIMVS5G7SlIkjGHLIy.jpg,563,537,Microplastic,160,290,194,327
c--107-_jpg.rf.JQKIMVS5G7SlIkjGHLIy.jpg,563,537,Microplastic,490,305,546,373
c--107-_jpg.rf.JQKIMVS5G7SlIkjGHLIy.jpg,563,537,Microplastic,3,370,33,412
c--107-_jpg.rf.JQKIMVS5G7SlIkjGHLIy.jpg,563,537,Microplastic,162,509,227,536
c--107-_jpg.rf.JQKIMVS5G7SlIkjGHLIy.jpg,563,537,Microplastic,322,530,355,536
a--44-_jpg.rf.QgWfEsOUNR16Yelu1Kdm.jpg,563,537,Microplastic,388,92,470,175
a--44-_jpg.rf.QgWfEsOUNR16Yelu1Kdm.jpg,563,537,Microplastic,205,155,283,217
a--44-_jpg.rf.QgWfEsOUNR16Yelu1Kdm.jpg,563,537,Microplastic,21,163,94,235
a--44-_jpg.rf.QgWfEsOUNR16Yelu1Kdm.jpg,563,537,Microplastic,196,311,296,372
a--44-_jpg.rf.QgWfEsOUNR16Yelu1Kdm.jpg,563,537,Microplastic,66,366,161,442
c--197-_jpg.rf.8OJk0pH1f8rVRukmxlqR.jpg,563,537,Microplastic,0,17,29,73
c--197-_jpg.rf.8OJk0pH1f8rVRukmxlqR.jpg,563,537,Microplastic,6,319,33,341
c--197-_jpg.rf.8OJk0pH1f8rVRukmxlqR.jpg,563,537,Microplastic,376,374,404,424
c--197-_jpg.rf.8OJk0pH1f8rVRukmxlqR.jpg,563,537,Microplastic,208,470,231,496
a--61-_jpg.rf.IVH6iuOePX3ythmNvki3.jpg,563,537,Microplastic,115,182,191,264
a--61-_jpg.rf.IVH6iuOePX3ythmNvki3.jpg,563,537,Microplastic,319,224,392,297
a--61-_jpg.rf.IVH6iuOePX3ythmNvki3.jpg,563,537,Microplastic,22,297,113,389
a--61-_jpg.rf.IVH6iuOePX3ythmNvki3.jpg,563,537,Microplastic,408,311,491,403
a--61-_jpg.rf.IVH6iuOePX3ythmNvki3.jpg,563,537,Microplastic,173,457,240,530
f--131-_jpg.rf.YqkAl6IbtkWNSg4C6uKt.jpg,563,537,Microplastic,189,0,240,27
f--131-_jpg.rf.YqkAl6IbtkWNSg4C6uKt.jpg,563,537,Microplastic,82,0,132,44
f--131-_jpg.rf.YqkAl6IbtkWNSg4C6uKt.jpg,563,537,Microplastic,259,0,301,56
f--131-_jpg.rf.YqkAl6IbtkWNSg4C6uKt.jpg,563,537,Microplastic,20,24,66,59
f--131-_jpg.rf.YqkAl6IbtkWNSg4C6uKt.jpg,563,537,Microplastic,315,12,378,92
f--131-_jpg.rf.YqkAl6IbtkWNSg4C6uKt.jpg,563,537,Microplastic,452,190,510,265
f--131-_jpg.rf.YqkAl6IbtkWNSg4C6uKt.jpg,563,537,Microplastic,282,377,368,468
f--131-_jpg.rf.YqkAl6IbtkWNSg4C6uKt.jpg,563,537,Microplastic,375,391,456,489
f--131-_jpg.rf.YqkAl6IbtkWNSg4C6uKt.jpg,563,537,Microplastic,292,503,366,536
f--107-_jpg.rf.bebJxv78X2cRwtAispr8.jpg,563,537,Microplastic,175,0,221,37
f--107-_jpg.rf.bebJxv78X2cRwtAispr8.jpg,563,537,Microplastic,435,152,511,223
f--107-_jpg.rf.bebJxv78X2cRwtAispr8.jpg,563,537,Microplastic,19,179,55,215
f--107-_jpg.rf.bebJxv78X2cRwtAispr8.jpg,563,537,Microplastic,0,300,36,354
f--107-_jpg.rf.bebJxv78X2cRwtAispr8.jpg,563,537,Microplastic,439,421,478,467
f--107-_jpg.rf.bebJxv78X2cRwtAispr8.jpg,563,537,Microplastic,395,424,431,491
f--107-_jpg.rf.bebJxv78X2cRwtAispr8.jpg,563,537,Microplastic,65,470,108,511
f--107-_jpg.rf.bebJxv78X2cRwtAispr8.jpg,563,537,Microplastic,47,514,77,536
c--39-_jpg.rf.2ZvJSJTOVTw9Qpa5Qjsv.jpg,563,537,Microplastic,415,57,470,102
c--39-_jpg.rf.2ZvJSJTOVTw9Qpa5Qjsv.jpg,563,537,Microplastic,230,185,250,209
c--39-_jpg.rf.2ZvJSJTOVTw9Qpa5Qjsv.jpg,563,537,Microplastic,517,259,542,296
c--39-_jpg.rf.2ZvJSJTOVTw9Qpa5Qjsv.jpg,563,537,Microplastic,423,297,442,334
c--39-_jpg.rf.2ZvJSJTOVTw9Qpa5Qjsv.jpg,563,537,Microplastic,170,368,194,410
c--39-_jpg.rf.2ZvJSJTOVTw9Qpa5Qjsv.jpg,563,537,Microplastic,211,397,233,424
c--39-_jpg.rf.2ZvJSJTOVTw9Qpa5Qjsv.jpg,563,537,Microplastic,50,528,80,536
f--113-_jpg.rf.TaoZLu4Sk6vLWn5iYJVL.jpg,563,537,Microplastic,363,84,421,135
f--113-_jpg.rf.TaoZLu4Sk6vLWn5iYJVL.jpg,563,537,Microplastic,225,214,286,270
f--113-_jpg.rf.TaoZLu4Sk6vLWn5iYJVL.jpg,563,537,Microplastic,197,364,241,415
f--113-_jpg.rf.TaoZLu4Sk6vLWn5iYJVL.jpg,563,537,Microplastic,367,454,414,518
c--78-_jpg.rf.iw6UVsXTI7a9jO0rEoGL.jpg,563,537,Microplastic,65,0,139,72
c--78-_jpg.rf.iw6UVsXTI7a9jO0rEoGL.jpg,563,537,Microplastic,345,97,361,118
c--78-_jpg.rf.iw6UVsXTI7a9jO0rEoGL.jpg,563,537,Microplastic,401,95,488,157
c--78-_jpg.rf.iw6UVsXTI7a9jO0rEoGL.jpg,563,537,Microplastic,327,147,343,162
c--78-_jpg.rf.iw6UVsXTI7a9jO0rEoGL.jpg,563,537,Microplastic,216,139,237,171
c--78-_jpg.rf.iw6UVsXTI7a9jO0rEoGL.jpg,563,537,Microplastic,277,205,312,235
c--78-_jpg.rf.iw6UVsXTI7a9jO0rEoGL.jpg,563,537,Microplastic,286,247,303,270
c--78-_jpg.rf.iw6UVsXTI7a9jO0rEoGL.jpg,563,537,Microplastic,438,277,452,298
c--78-_jpg.rf.iw6UVsXTI7a9jO0rEoGL.jpg,563,537,Microplastic,418,287,431,309
c--78-_jpg.rf.iw6UVsXTI7a9jO0rEoGL.jpg,563,537,Microplastic,426,322,464,368
c--78-_jpg.rf.iw6UVsXTI7a9jO0rEoGL.jpg,563,537,Microplastic,202,414,225,439
f--81-_jpg.rf.emKVhqeqehZflbDn7Sbf.jpg,563,537,Microplastic,232,0,265,30
f--81-_jpg.rf.emKVhqeqehZflbDn7Sbf.jpg,563,537,Microplastic,51,29,60,39
f--81-_jpg.rf.emKVhqeqehZflbDn7Sbf.jpg,563,537,Microplastic,34,42,80,81
f--81-_jpg.rf.emKVhqeqehZflbDn7Sbf.jpg,563,537,Microplastic,254,80,269,98
f--81-_jpg.rf.emKVhqeqehZflbDn7Sbf.jpg,563,537,Microplastic,0,101,3,113
f--81-_jpg.rf.emKVhqeqehZflbDn7Sbf.jpg,563,537,Microplastic,81,135,109,162
f--81-_jpg.rf.emKVhqeqehZflbDn7Sbf.jpg,563,537,Microplastic,0,141,6,162
f--81-_jpg.rf.emKVhqeqehZflbDn7Sbf.jpg,563,537,Microplastic,486,185,520,217
f--81-_jpg.rf.emKVhqeqehZflbDn7Sbf.jpg,563,537,Microplastic,156,181,204,229
f--81-_jpg.rf.emKVhqeqehZflbDn7Sbf.jpg,563,537,Microplastic,197,259,231,292
f--81-_jpg.rf.emKVhqeqehZflbDn7Sbf.jpg,563,537,Microplastic,432,257,458,298
f--81-_jpg.rf.emKVhqeqehZflbDn7Sbf.jpg,563,537,Microplastic,404,318,416,329
f--81-_jpg.rf.emKVhqeqehZflbDn7Sbf.jpg,563,537,Microplastic,419,341,509,400
f--81-_jpg.rf.emKVhqeqehZflbDn7Sbf.jpg,563,537,Microplastic,257,365,296,407
f--81-_jpg.rf.emKVhqeqehZflbDn7Sbf.jpg,563,537,Microplastic,416,422,429,435
f--81-_jpg.rf.emKVhqeqehZflbDn7Sbf.jpg,563,537,Microplastic,291,478,300,486
f--81-_jpg.rf.emKVhqeqehZflbDn7Sbf.jpg,563,537,Microplastic,357,481,395,522
f--132-_jpg.rf.jA4dc8g9pdFIUinvqvfn.jpg,563,537,Microplastic,154,0,215,28
f--132-_jpg.rf.jA4dc8g9pdFIUinvqvfn.jpg,563,537,Microplastic,409,15,456,81
f--132-_jpg.rf.jA4dc8g9pdFIUinvqvfn.jpg,563,537,Microplastic,220,105,252,126
f--132-_jpg.rf.jA4dc8g9pdFIUinvqvfn.jpg,563,537,Microplastic,460,165,494,213
f--132-_jpg.rf.jA4dc8g9pdFIUinvqvfn.jpg,563,537,Microplastic,120,222,190,304
f--132-_jpg.rf.jA4dc8g9pdFIUinvqvfn.jpg,563,537,Microplastic,314,334,394,383
f--132-_jpg.rf.jA4dc8g9pdFIUinvqvfn.jpg,563,537,Microplastic,184,392,222,426
f--132-_jpg.rf.jA4dc8g9pdFIUinvqvfn.jpg,563,537,Microplastic,169,419,200,457
f--132-_jpg.rf.jA4dc8g9pdFIUinvqvfn.jpg,563,537,Microplastic,22,402,92,483
f--132-_jpg.rf.jA4dc8g9pdFIUinvqvfn.jpg,563,537,Microplastic,376,464,410,513
f--132-_jpg.rf.jA4dc8g9pdFIUinvqvfn.jpg,563,537,Microplastic,189,496,236,536
f--28-_jpg.rf.hSQMu6JGMK2b5Mr3ozv3.jpg,563,537,Microplastic,279,137,337,205
f--28-_jpg.rf.hSQMu6JGMK2b5Mr3ozv3.jpg,563,537,Microplastic,0,184,18,250
f--28-_jpg.rf.hSQMu6JGMK2b5Mr3ozv3.jpg,563,537,Microplastic,453,308,536,386
f--28-_jpg.rf.hSQMu6JGMK2b5Mr3ozv3.jpg,563,537,Microplastic,192,497,282,536
Screenshot 2026-04-16 at 4-47-17 PM_png.rf.eSTy0hziPXYIaX3rWOPH.png,1568,858,Microplastic,1143,307,1170,332
Screenshot 2026-04-16 at 4-47-17 PM_png.rf.eSTy0hziPXYIaX3rWOPH.png,1568,858,Microplastic,981,0,1006,25
Screenshot 2026-04-16 at 4-47-17 PM_png.rf.eSTy0hziPXYIaX3rWOPH.png,1568,858,Microplastic,1482,116,1505,138
Screenshot 2026-04-16 at 4-47-17 PM_png.rf.eSTy0hziPXYIaX3rWOPH.png,1568,858,Microplastic,957,87,979,107
Screenshot 2026-04-16 at 4-47-17 PM_png.rf.eSTy0hziPXYIaX3rWOPH.png,1568,858,Microplastic,314,336,344,362
Screenshot 2026-04-16 at 4-47-17 PM_png.rf.eSTy0hziPXYIaX3rWOPH.png,1568,858,Microplastic,15,531,46,555
Screenshot 2026-04-16 at 4-47-17 PM_png.rf.eSTy0hziPXYIaX3rWOPH.png,1568,858,Microplastic,1554,92,1568,114
Screenshot 2026-04-16 at 4-47-17 PM_png.rf.eSTy0hziPXYIaX3rWOPH.png,1568,858,Microplastic,1293,678,1316,699
Screenshot 2026-04-16 at 4-47-17 PM_png.rf.eSTy0hziPXYIaX3rWOPH.png,1568,858,Microplastic,918,341,941,362
Screenshot 2026-04-16 at 4-47-17 PM_png.rf.eSTy0hziPXYIaX3rWOPH.png,1568,858,Microplastic,281,739,305,761
Screenshot 2026-04-16 at 4-47-17 PM_png.rf.eSTy0hziPXYIaX3rWOPH.png,1568,858,Microplastic,537,660,560,680
Screenshot 2026-04-16 at 4-47-17 PM_png.rf.eSTy0hziPXYIaX3rWOPH.png,1568,858,Microplastic,1521,117,1547,140
Screenshot 2026-04-16 at 4-47-17 PM_png.rf.eSTy0hziPXYIaX3rWOPH.png,1568,858,Microplastic,60,613,82,635
Screenshot 2026-04-16 at 4-47-17 PM_png.rf.eSTy0hziPXYIaX3rWOPH.png,1568,858,Microplastic,606,262,627,282
Screenshot 2026-04-16 at 4-47-17 PM_png.rf.eSTy0hziPXYIaX3rWOPH.png,1568,858,Microplastic,1530,598,1560,621
Screenshot 2026-04-16 at 4-47-17 PM_png.rf.eSTy0hziPXYIaX3rWOPH.png,1568,858,Microplastic,882,94,903,113
Screenshot 2026-04-16 at 4-47-17 PM_png.rf.eSTy0hziPXYIaX3rWOPH.png,1568,858,Microplastic,953,650,1050,734
Screenshot 2026-04-16 at 4-47-17 PM_png.rf.eSTy0hziPXYIaX3rWOPH.png,1568,858,Microplastic,156,798,206,840
Screenshot 2026-04-16 at 4-47-17 PM_png.rf.eSTy0hziPXYIaX3rWOPH.png,1568,858,Microplastic,1008,416,1049,446
Screenshot 2026-04-16 at 4-47-17 PM_png.rf.eSTy0hziPXYIaX3rWOPH.png,1568,858,Microplastic,683,54,705,74
c--199-_jpg.rf.4fHrsuoBeGTFffSl10Qc.jpg,563,537,Microplastic,366,162,379,185
c--199-_jpg.rf.4fHrsuoBeGTFffSl10Qc.jpg,563,537,Microplastic,0,182,77,234
c--199-_jpg.rf.4fHrsuoBeGTFffSl10Qc.jpg,563,537,Microplastic,1,278,32,308
c--199-_jpg.rf.4fHrsuoBeGTFffSl10Qc.jpg,563,537,Microplastic,444,312,482,341
c--199-_jpg.rf.4fHrsuoBeGTFffSl10Qc.jpg,563,537,Microplastic,202,344,230,370
c--199-_jpg.rf.4fHrsuoBeGTFffSl10Qc.jpg,563,537,Microplastic,502,348,525,377
c--199-_jpg.rf.4fHrsuoBeGTFffSl10Qc.jpg,563,537,Microplastic,470,345,507,386
c--199-_jpg.rf.4fHrsuoBeGTFffSl10Qc.jpg,563,537,Microplastic,386,509,406,525
c--200-_jpg.rf.5PMSPKSmcMppsmOlhdZI.jpg,563,537,Microplastic,448,82,469,108
c--200-_jpg.rf.5PMSPKSmcMppsmOlhdZI.jpg,563,537,Microplastic,499,90,521,115
c--200-_jpg.rf.5PMSPKSmcMppsmOlhdZI.jpg,563,537,Microplastic,71,151,97,194
c--200-_jpg.rf.5PMSPKSmcMppsmOlhdZI.jpg,563,537,Microplastic,269,167,289,196
c--200-_jpg.rf.5PMSPKSmcMppsmOlhdZI.jpg,563,537,Microplastic,435,207,475,261
c--200-_jpg.rf.5PMSPKSmcMppsmOlhdZI.jpg,563,537,Microplastic,29,235,71,291
c--200-_jpg.rf.5PMSPKSmcMppsmOlhdZI.jpg,563,537,Microplastic,67,496,109,536
c--200-_jpg.rf.5PMSPKSmcMppsmOlhdZI.jpg,563,537,Microplastic,343,525,372,536
Screenshot 2026-04-19 at 4-19-41 PM_png.rf.CCnt0oG86IevoZ3OWfy0.png,1560,794,Microplastic,1506,598,1560,652
Screenshot 2026-04-19 at 4-19-41 PM_png.rf.CCnt0oG86IevoZ3OWfy0.png,1560,794,Microplastic,921,251,999,296
Screenshot 2026-04-19 at 4-19-41 PM_png.rf.CCnt0oG86IevoZ3OWfy0.png,1560,794,Microplastic,1509,294,1544,330
Screenshot 2026-04-19 at 4-19-41 PM_png.rf.CCnt0oG86IevoZ3OWfy0.png,1560,794,Microplastic,642,127,726,183
Screenshot 2026-04-19 at 4-19-41 PM_png.rf.CCnt0oG86IevoZ3OWfy0.png,1560,794,Microplastic,1355,632,1397,674
Screenshot 2026-04-19 at 4-19-41 PM_png.rf.CCnt0oG86IevoZ3OWfy0.png,1560,794,Microplastic,102,361,149,406
Screenshot 2026-04-19 at 4-19-41 PM_png.rf.CCnt0oG86IevoZ3OWfy0.png,1560,794,Microplastic,792,105,865,180
Screenshot 2026-04-19 at 4-19-41 PM_png.rf.CCnt0oG86IevoZ3OWfy0.png,1560,794,Microplastic,282,1,346,45
Screenshot 2026-04-19 at 4-19-41 PM_png.rf.CCnt0oG86IevoZ3OWfy0.png,1560,794,Microplastic,562,384,598,416
Screenshot 2026-04-19 at 4-19-41 PM_png.rf.CCnt0oG86IevoZ3OWfy0.png,1560,794,Microplastic,349,117,425,181
Screenshot 2026-04-19 at 4-19-41 PM_png.rf.CCnt0oG86IevoZ3OWfy0.png,1560,794,Microplastic,482,631,514,660
Screenshot 2026-04-19 at 4-19-41 PM_png.rf.CCnt0oG86IevoZ3OWfy0.png,1560,794,Microplastic,636,730,716,791
Screenshot 2026-04-19 at 4-19-41 PM_png.rf.CCnt0oG86IevoZ3OWfy0.png,1560,794,Microplastic,772,3,838,45
Screenshot 2026-04-19 at 4-19-41 PM_png.rf.CCnt0oG86IevoZ3OWfy0.png,1560,794,Microplastic,187,738,209,761
Screenshot 2026-04-19 at 4-19-41 PM_png.rf.CCnt0oG86IevoZ3OWfy0.png,1560,794,Microplastic,1244,492,1332,606
Screenshot 2026-04-19 at 4-19-41 PM_png.rf.CCnt0oG86IevoZ3OWfy0.png,1560,794,Microplastic,176,360,207,386
Screenshot 2026-04-19 at 4-19-41 PM_png.rf.CCnt0oG86IevoZ3OWfy0.png,1560,794,Microplastic,35,573,86,638
Screenshot 2026-04-19 at 4-19-41 PM_png.rf.CCnt0oG86IevoZ3OWfy0.png,1560,794,Microplastic,1411,336,1455,379
Screenshot 2026-04-19 at 4-19-41 PM_png.rf.CCnt0oG86IevoZ3OWfy0.png,1560,794,Microplastic,350,517,419,597
f--106-_jpg.rf.ikR17CdCxXmus1Kvu4HN.jpg,563,537,Microplastic,399,10,440,81
f--106-_jpg.rf.ikR17CdCxXmus1Kvu4HN.jpg,563,537,Microplastic,460,114,521,176
f--106-_jpg.rf.ikR17CdCxXmus1Kvu4HN.jpg,563,537,Microplastic,242,213,271,248
f--106-_jpg.rf.ikR17CdCxXmus1Kvu4HN.jpg,563,537,Microplastic,410,260,465,308
f--106-_jpg.rf.ikR17CdCxXmus1Kvu4HN.jpg,563,537,Microplastic,162,334,199,395
f--106-_jpg.rf.ikR17CdCxXmus1Kvu4HN.jpg,563,537,Microplastic,430,455,470,497
f--106-_jpg.rf.ikR17CdCxXmus1Kvu4HN.jpg,563,537,Microplastic,39,499,104,536
f--106-_jpg.rf.ikR17CdCxXmus1Kvu4HN.jpg,563,537,Microplastic,130,507,190,536
f--142-_jpg.rf.h1ja5nUuuuf74AWvhAmE.jpg,563,537,Microplastic,475,184,517,243
f--142-_jpg.rf.h1ja5nUuuuf74AWvhAmE.jpg,563,537,Microplastic,492,349,537,390
f--142-_jpg.rf.h1ja5nUuuuf74AWvhAmE.jpg,563,537,Microplastic,437,389,496,509
f--142-_jpg.rf.h1ja5nUuuuf74AWvhAmE.jpg,563,537,Microplastic,345,462,434,514
f--142-_jpg.rf.h1ja5nUuuuf74AWvhAmE.jpg,563,537,Microplastic,0,485,56,536
f--142-_jpg.rf.h1ja5nUuuuf74AWvhAmE.jpg,563,537,Microplastic,58,504,95,536
c--191-_jpg.rf.MvBHFJomqMOjjVj4yHio.jpg,563,537,Microplastic,343,172,383,227
c--191-_jpg.rf.MvBHFJomqMOjjVj4yHio.jpg,563,537,Microplastic,62,210,92,257
c--191-_jpg.rf.MvBHFJomqMOjjVj4yHio.jpg,563,537,Microplastic,495,295,526,319
c--191-_jpg.rf.MvBHFJomqMOjjVj4yHio.jpg,563,537,Microplastic,276,322,302,352
c--191-_jpg.rf.MvBHFJomqMOjjVj4yHio.jpg,563,537,Microplastic,453,369,488,410
c--191-_jpg.rf.MvBHFJomqMOjjVj4yHio.jpg,563,537,Microplastic,291,364,389,434
c--191-_jpg.rf.MvBHFJomqMOjjVj4yHio.jpg,563,537,Microplastic,7,469,45,518
c--191-_jpg.rf.MvBHFJomqMOjjVj4yHio.jpg,563,537,Microplastic,338,490,408,536
f--124-_jpg.rf.geDf2L98Ose0S7Rj5QxS.jpg,563,537,Microplastic,0,60,51,162
f--124-_jpg.rf.geDf2L98Ose0S7Rj5QxS.jpg,563,537,Microplastic,174,127,234,233
f--124-_jpg.rf.geDf2L98Ose0S7Rj5QxS.jpg,563,537,Microplastic,58,160,103,244
f--124-_jpg.rf.geDf2L98Ose0S7Rj5QxS.jpg,563,537,Microplastic,0,407,35,449
f--124-_jpg.rf.geDf2L98Ose0S7Rj5QxS.jpg,563,537,Microplastic,29,474,103,521
f--124-_jpg.rf.geDf2L98Ose0S7Rj5QxS.jpg,563,537,Microplastic,358,472,405,526
d--32-_jpg.rf.krt66VOKqh4ly9CKZEdK.jpg,563,537,Microplastic,40,74,177,219
d--32-_jpg.rf.krt66VOKqh4ly9CKZEdK.jpg,563,537,Microplastic,435,37,525,170
d--32-_jpg.rf.krt66VOKqh4ly9CKZEdK.jpg,563,537,Microplastic,139,358,249,481
f--126-_jpg.rf.kG42jiUbWqf220EihYUl.jpg,563,537,Microplastic,64,0,121,57
f--126-_jpg.rf.kG42jiUbWqf220EihYUl.jpg,563,537,Microplastic,122,9,180,107
f--126-_jpg.rf.kG42jiUbWqf220EihYUl.jpg,563,537,Microplastic,284,0,354,124
f--126-_jpg.rf.kG42jiUbWqf220EihYUl.jpg,563,537,Microplastic,194,285,256,359
f--126-_jpg.rf.kG42jiUbWqf220EihYUl.jpg,563,537,Microplastic,410,337,491,442
f--126-_jpg.rf.kG42jiUbWqf220EihYUl.jpg,563,537,Microplastic,239,385,265,420
f--126-_jpg.rf.kG42jiUbWqf220EihYUl.jpg,563,537,Microplastic,9,480,63,536

f--196-_jpg.rf.XaIs0ALncV3gBjpA0NOB.jpg,563,537,Microplastic,87,0,168,27
f--196-_jpg.rf.XaIs0ALncV3gBjpA0NOB.jpg,563,537,Microplastic,382,29,418,72
f--196-_jpg.rf.XaIs0ALncV3gBjpA0NOB.jpg,563,537,Microplastic,283,79,302,99
f--196-_jpg.rf.XaIs0ALncV3gBjpA0NOB.jpg,563,537,Microplastic,440,97,483,128
f--196-_jpg.rf.XaIs0ALncV3gBjpA0NOB.jpg,563,537,Microplastic,0,122,21,168
f--196-_jpg.rf.XaIs0ALncV3gBjpA0NOB.jpg,563,537,Microplastic,56,122,108,174
f--196-_jpg.rf.XaIs0ALncV3gBjpA0NOB.jpg,563,537,Microplastic,452,221,511,263
f--196-_jpg.rf.XaIs0ALncV3gBjpA0NOB.jpg,563,537,Microplastic,250,356,319,417
f--196-_jpg.rf.XaIs0ALncV3gBjpA0NOB.jpg,563,537,Microplastic,436,377,461,405
f--196-_jpg.rf.XaIs0ALncV3gBjpA0NOB.jpg,563,537,Microplastic,444,402,466,423
f--196-_jpg.rf.XaIs0ALncV3gBjpA0NOB.jpg,563,537,Microplastic,90,470,140,536
f--196-_jpg.rf.XaIs0ALncV3gBjpA0NOB.jpg,563,537,Microplastic,232,519,259,536
f--196-_jpg.rf.XaIs0ALncV3gBjpA0NOB.jpg,563,537,Microplastic,253,525,281,536
c--75-_jpg.rf.gpyMdUQIbVt5dP2i29Wm.jpg,563,537,Microplastic,8,0,63,51
c--75-_jpg.rf.gpyMdUQIbVt5dP2i29Wm.jpg,563,537,Microplastic,426,3,464,33
c--75-_jpg.rf.gpyMdUQIbVt5dP2i29Wm.jpg,563,537,Microplastic,498,80,533,125
c--75-_jpg.rf.gpyMdUQIbVt5dP2i29Wm.jpg,563,537,Microplastic,126,112,160,151
c--75-_jpg.rf.gpyMdUQIbVt5dP2i29Wm.jpg,563,537,Microplastic,523,174,562,216
c--75-_jpg.rf.gpyMdUQIbVt5dP2i29Wm.jpg,563,537,Microplastic,428,205,463,244
c--75-_jpg.rf.gpyMdUQIbVt5dP2i29Wm.jpg,563,537,Microplastic,380,263,467,335
c--75-_jpg.rf.gpyMdUQIbVt5dP2i29Wm.jpg,563,537,Microplastic,215,312,251,345
c--75-_jpg.rf.gpyMdUQIbVt5dP2i29Wm.jpg,563,537,Microplastic,535,337,559,359
c--75-_jpg.rf.gpyMdUQIbVt5dP2i29Wm.jpg,563,537,Microplastic,416,442,479,507
c--75-_jpg.rf.gpyMdUQIbVt5dP2i29Wm.jpg,563,537,Microplastic,87,505,129,534
a--66-_jpg.rf.LNB8qZJtOX9gYQCHpLdL.jpg,563,537,Microplastic,247,169,340,261
a--66-_jpg.rf.LNB8qZJtOX9gYQCHpLdL.jpg,563,537,Microplastic,152,198,225,280
a--66-_jpg.rf.LNB8qZJtOX9gYQCHpLdL.jpg,563,537,Microplastic,104,303,162,347
a--66-_jpg.rf.LNB8qZJtOX9gYQCHpLdL.jpg,563,537,Microplastic,409,316,478,388

f--182-_jpg.rf.clf1qDxViMe4m0QRhGso.jpg,563,537,Microplastic,315,4,401,67
f--182-_jpg.rf.clf1qDxViMe4m0QRhGso.jpg,563,537,Microplastic,412,74,445,108
f--182-_jpg.rf.clf1qDxViMe4m0QRhGso.jpg,563,537,Microplastic,296,105,311,122
f--182-_jpg.rf.clf1qDxViMe4m0QRhGso.jpg,563,537,Microplastic,225,156,311,222
f--182-_jpg.rf.clf1qDxViMe4m0QRhGso.jpg,563,537,Microplastic,434,192,491,237
f--182-_jpg.rf.clf1qDxViMe4m0QRhGso.jpg,563,537,Microplastic,274,208,322,252
f--182-_jpg.rf.clf1qDxViMe4m0QRhGso.jpg,563,537,Microplastic,159,291,218,326
f--182-_jpg.rf.clf1qDxViMe4m0QRhGso.jpg,563,537,Microplastic,30,295,74,343
f--182-_jpg.rf.clf1qDxViMe4m0QRhGso.jpg,563,537,Microplastic,344,401,413,468
f--138-_jpg.rf.jOoq3yThA5RRjJbjZ63C.jpg,563,537,Microplastic,116,0,172,26
f--138-_jpg.rf.jOoq3yThA5RRjJbjZ63C.jpg,563,537,Microplastic,273,0,333,47
f--138-_jpg.rf.jOoq3yThA5RRjJbjZ63C.jpg,563,537,Microplastic,11,2,47,50
f--138-_jpg.rf.jOoq3yThA5RRjJbjZ63C.jpg,563,537,Microplastic,163,30,235,86
f--138-_jpg.rf.jOoq3yThA5RRjJbjZ63C.jpg,563,537,Microplastic,333,116,378,171
f--138-_jpg.rf.jOoq3yThA5RRjJbjZ63C.jpg,563,537,Microplastic,422,117,477,176
f--138-_jpg.rf.jOoq3yThA5RRjJbjZ63C.jpg,563,537,Microplastic,48,202,128,266
f--138-_jpg.rf.jOoq3yThA5RRjJbjZ63C.jpg,563,537,Microplastic,378,242,401,264
f--138-_jpg.rf.jOoq3yThA5RRjJbjZ63C.jpg,563,537,Microplastic,422,257,495,336
f--138-_jpg.rf.jOoq3yThA5RRjJbjZ63C.jpg,563,537,Microplastic,408,364,472,440
f--138-_jpg.rf.jOoq3yThA5RRjJbjZ63C.jpg,563,537,Microplastic,406,433,454,469
f--138-_jpg.rf.jOoq3yThA5RRjJbjZ63C.jpg,563,537,Microplastic,364,519,400,536
f--104-_jpg.rf.l0QsTeqTjTAP7Spvz1uP.jpg,563,537,Microplastic,149,0,181,7
f--104-_jpg.rf.l0QsTeqTjTAP7Spvz1uP.jpg,563,537,Microplastic,229,114,260,168
f--104-_jpg.rf.l0QsTeqTjTAP7Spvz1uP.jpg,563,537,Microplastic,410,147,445,191
f--104-_jpg.rf.l0QsTeqTjTAP7Spvz1uP.jpg,563,537,Microplastic,362,222,385,252
f--104-_jpg.rf.l0QsTeqTjTAP7Spvz1uP.jpg,563,537,Microplastic,469,224,532,281
f--104-_jpg.rf.l0QsTeqTjTAP7Spvz1uP.jpg,563,537,Microplastic,470,332,523,362
f--104-_jpg.rf.l0QsTeqTjTAP7Spvz1uP.jpg,563,537,Microplastic,0,469,16,520
f--104-_jpg.rf.l0QsTeqTjTAP7Spvz1uP.jpg,563,537,Microplastic,262,517,303,536
c--67-_jpg.rf.Z7EiwOwyXPzf1kLBUx3M.jpg,563,537,Microplastic,201,0,264,82
c--67-_jpg.rf.Z7EiwOwyXPzf1kLBUx3M.jpg,563,537,Microplastic,435,85,472,107
c--67-_jpg.rf.Z7EiwOwyXPzf1kLBUx3M.jpg,563,537,Microplastic,480,110,502,123
c--67-_jpg.rf.Z7EiwOwyXPzf1kLBUx3M.jpg,563,537,Microplastic,147,115,184,157
c--67-_jpg.rf.Z7EiwOwyXPzf1kLBUx3M.jpg,563,537,Microplastic,302,122,350,187
c--67-_jpg.rf.Z7EiwOwyXPzf1kLBUx3M.jpg,563,537,Microplastic,0,133,26,189
c--67-_jpg.rf.Z7EiwOwyXPzf1kLBUx3M.jpg,563,537,Microplastic,166,178,189,208
c--67-_jpg.rf.Z7EiwOwyXPzf1kLBUx3M.jpg,563,537,Microplastic,221,179,280,226
c--67-_jpg.rf.Z7EiwOwyXPzf1kLBUx3M.jpg,563,537,Microplastic,90,234,118,258
c--67-_jpg.rf.Z7EiwOwyXPzf1kLBUx3M.jpg,563,537,Microplastic,83,305,99,327
c--67-_jpg.rf.Z7EiwOwyXPzf1kLBUx3M.jpg,563,537,Microplastic,468,317,539,370
c--67-_jpg.rf.Z7EiwOwyXPzf1kLBUx3M.jpg,563,537,Microplastic,235,340,258,364
c--67-_jpg.rf.Z7EiwOwyXPzf1kLBUx3M.jpg,563,537,Microplastic,325,354,371,393
c--67-_jpg.rf.Z7EiwOwyXPzf1kLBUx3M.jpg,563,537,Microplastic,326,502,349,536
c--22-_jpg.rf.HfzwVJSA51VfHI4vjPrl.jpg,563,537,Microplastic,0,0,50,45
c--22-_jpg.rf.HfzwVJSA51VfHI4vjPrl.jpg,563,537,Microplastic,435,32,470,67
c--22-_jpg.rf.HfzwVJSA51VfHI4vjPrl.jpg,563,537,Microplastic,207,113,243,139
c--22-_jpg.rf.HfzwVJSA51VfHI4vjPrl.jpg,563,537,Microplastic,516,122,538,144
c--22-_jpg.rf.HfzwVJSA51VfHI4vjPrl.jpg,563,537,Microplastic,88,172,112,203
c--22-_jpg.rf.HfzwVJSA51VfHI4vjPrl.jpg,563,537,Microplastic,302,219,330,241
c--22-_jpg.rf.HfzwVJSA51VfHI4vjPrl.jpg,563,537,Microplastic,268,292,318,319
c--22-_jpg.rf.HfzwVJSA51VfHI4vjPrl.jpg,563,537,Microplastic,76,517,102,536
d--29-_jpg.rf.wB9ss8ad0Qa3nJ51pRPa.jpg,563,537,Microplastic,75,0,209,77
d--29-_jpg.rf.wB9ss8ad0Qa3nJ51pRPa.jpg,563,537,Microplastic,509,173,562,308
d--29-_jpg.rf.wB9ss8ad0Qa3nJ51pRPa.jpg,563,537,Microplastic,97,271,233,375
c--21-_jpg.rf.H5ASwTgYCa6d3pDWcxBG.jpg,563,537,Microplastic,246,55,274,76
c--21-_jpg.rf.H5ASwTgYCa6d3pDWcxBG.jpg,563,537,Microplastic,422,73,447,100
c--21-_jpg.rf.H5ASwTgYCa6d3pDWcxBG.jpg,563,537,Microplastic,108,112,163,143
c--21-_jpg.rf.H5ASwTgYCa6d3pDWcxBG.jpg,563,537,Microplastic,288,120,307,140
c--21-_jpg.rf.H5ASwTgYCa6d3pDWcxBG.jpg,563,537,Microplastic,497,174,523,203
c--21-_jpg.rf.H5ASwTgYCa6d3pDWcxBG.jpg,563,537,Microplastic,226,217,251,243
c--21-_jpg.rf.H5ASwTgYCa6d3pDWcxBG.jpg,563,537,Microplastic,488,237,517,266
c--21-_jpg.rf.H5ASwTgYCa6d3pDWcxBG.jpg,563,537,Microplastic,516,274,537,296
c--21-_jpg.rf.H5ASwTgYCa6d3pDWcxBG.jpg,563,537,Microplastic,43,383,89,424
c--21-_jpg.rf.H5ASwTgYCa6d3pDWcxBG.jpg,563,537,Microplastic,56,508,112,536
Screenshot 2026-04-19 at 4-34-08 PM_png.rf.jo38myNNANV9ysMXtIwU.png,1538,848,Microplastic,607,521,677,586
Screenshot 2026-04-19 at 4-34-08 PM_png.rf.jo38myNNANV9ysMXtIwU.png,1538,848,Microplastic,951,772,1009,826
Screenshot 2026-04-19 at 4-34-08 PM_png.rf.jo38myNNANV9ysMXtIwU.png,1538,848,Microplastic,493,164,551,217
Screenshot 2026-04-19 at 4-34-08 PM_png.rf.jo38myNNANV9ysMXtIwU.png,1538,848,Microplastic,208,92,253,134
Screenshot 2026-04-19 at 4-34-08 PM_png.rf.jo38myNNANV9ysMXtIwU.png,1538,848,Microplastic,781,627,820,659
Screenshot 2026-04-19 at 4-34-08 PM_png.rf.jo38myNNANV9ysMXtIwU.png,1538,848,Microplastic,216,263,238,288
Screenshot 2026-04-19 at 4-34-08 PM_png.rf.jo38myNNANV9ysMXtIwU.png,1538,848,Microplastic,982,661,1040,718
Screenshot 2026-04-19 at 4-34-08 PM_png.rf.jo38myNNANV9ysMXtIwU.png,1538,848,Microplastic,1452,4,1495,37
Screenshot 2026-04-19 at 4-34-08 PM_png.rf.jo38myNNANV9ysMXtIwU.png,1538,848,Microplastic,1,549,31,597
Screenshot 2026-04-19 at 4-34-08 PM_png.rf.jo38myNNANV9ysMXtIwU.png,1538,848,Microplastic,573,294,619,343
Screenshot 2026-04-19 at 4-34-08 PM_png.rf.jo38myNNANV9ysMXtIwU.png,1538,848,Microplastic,858,657,914,707
Screenshot 2026-04-19 at 4-34-08 PM_png.rf.jo38myNNANV9ysMXtIwU.png,1538,848,Microplastic,293,498,353,564
Screenshot 2026-04-19 at 4-34-08 PM_png.rf.jo38myNNANV9ysMXtIwU.png,1538,848,Microplastic,858,618,897,656
Screenshot 2026-04-19 at 4-34-08 PM_png.rf.jo38myNNANV9ysMXtIwU.png,1538,848,Microplastic,360,94,395,130
Screenshot 2026-04-19 at 4-34-08 PM_png.rf.jo38myNNANV9ysMXtIwU.png,1538,848,Microplastic,811,408,865,463
Screenshot 2026-04-19 at 4-34-08 PM_png.rf.jo38myNNANV9ysMXtIwU.png,1538,848,Microplastic,578,355,634,406
Screenshot 2026-04-19 at 4-34-08 PM_png.rf.jo38myNNANV9ysMXtIwU.png,1538,848,Microplastic,753,682,793,716
Screenshot 2026-04-19 at 4-34-08 PM_png.rf.jo38myNNANV9ysMXtIwU.png,1538,848,Microplastic,888,485,925,524
Screenshot 2026-04-19 at 4-34-08 PM_png.rf.jo38myNNANV9ysMXtIwU.png,1538,848,Microplastic,1222,210,1302,262
Screenshot 2026-04-19 at 4-34-08 PM_png.rf.jo38myNNANV9ysMXtIwU.png,1538,848,Microplastic,391,625,420,654
Screenshot 2026-04-19 at 4-34-08 PM_png.rf.jo38myNNANV9ysMXtIwU.png,1538,848,Microplastic,357,323,422,381
Screenshot 2026-04-19 at 4-34-08 PM_png.rf.jo38myNNANV9ysMXtIwU.png,1538,848,Microplastic,1123,699,1154,736
Screenshot 2026-04-19 at 4-34-08 PM_png.rf.jo38myNNANV9ysMXtIwU.png,1538,848,Microplastic,1338,455,1370,484
Screenshot 2026-04-19 at 4-34-08 PM_png.rf.jo38myNNANV9ysMXtIwU.png,1538,848,Microplastic,8,718,47,750
f--69-_jpg.rf.kzmI4Ljl1iCpYiDz6bnY.jpg,563,537,Microplastic,181,0,261,22
f--69-_jpg.rf.kzmI4Ljl1iCpYiDz6bnY.jpg,563,537,Microplastic,321,0,377,53
f--69-_jpg.rf.kzmI4Ljl1iCpYiDz6bnY.jpg,563,537,Microplastic,0,1,32,40
f--69-_jpg.rf.kzmI4Ljl1iCpYiDz6bnY.jpg,563,537,Microplastic,33,3,61,41
f--69-_jpg.rf.kzmI4Ljl1iCpYiDz6bnY.jpg,563,537,Microplastic,453,126,484,153
f--69-_jpg.rf.kzmI4Ljl1iCpYiDz6bnY.jpg,563,537,Microplastic,198,109,241,176
f--69-_jpg.rf.kzmI4Ljl1iCpYiDz6bnY.jpg,563,537,Microplastic,328,185,360,222
f--69-_jpg.rf.kzmI4Ljl1iCpYiDz6bnY.jpg,563,537,Microplastic,494,283,507,297
f--69-_jpg.rf.kzmI4Ljl1iCpYiDz6bnY.jpg,563,537,Microplastic,71,302,83,314
f--69-_jpg.rf.kzmI4Ljl1iCpYiDz6bnY.jpg,563,537,Microplastic,362,442,406,479
f--69-_jpg.rf.kzmI4Ljl1iCpYiDz6bnY.jpg,563,537,Microplastic,108,499,169,536
f--69-_jpg.rf.kzmI4Ljl1iCpYiDz6bnY.jpg,563,537,Microplastic,183,516,227,536
c--73-_jpg.rf.nDtSlXBjNny7A3KpeWEw.jpg,563,537,Microplastic,418,14,444,36
c--73-_jpg.rf.nDtSlXBjNny7A3KpeWEw.jpg,563,537,Microplastic,456,59,488,96
c--73-_jpg.rf.nDtSlXBjNny7A3KpeWEw.jpg,563,537,Microplastic,288,64,383,134
c--73-_jpg.rf.nDtSlXBjNny7A3KpeWEw.jpg,563,537,Microplastic,275,190,288,210
c--73-_jpg.rf.nDtSlXBjNny7A3KpeWEw.jpg,563,537,Microplastic,328,189,379,228
c--73-_jpg.rf.nDtSlXBjNny7A3KpeWEw.jpg,563,537,Microplastic,385,245,409,282
c--73-_jpg.rf.nDtSlXBjNny7A3KpeWEw.jpg,563,537,Microplastic,412,310,457,378
c--73-_jpg.rf.nDtSlXBjNny7A3KpeWEw.jpg,563,537,Microplastic,526,352,555,391
c--73-_jpg.rf.nDtSlXBjNny7A3KpeWEw.jpg,563,537,Microplastic,450,412,488,451
c--73-_jpg.rf.nDtSlXBjNny7A3KpeWEw.jpg,563,537,Microplastic,3,470,33,506
c--73-_jpg.rf.nDtSlXBjNny7A3KpeWEw.jpg,563,537,Microplastic,112,460,179,518
c--73-_jpg.rf.nDtSlXBjNny7A3KpeWEw.jpg,563,537,Microplastic,356,507,409,536
c--34-_jpg.rf.QYlj8uTsC79OoJyNcqWZ.jpg,563,537,Microplastic,436,115,470,148
c--34-_jpg.rf.QYlj8uTsC79OoJyNcqWZ.jpg,563,537,Microplastic,97,157,129,188
c--34-_jpg.rf.QYlj8uTsC79OoJyNcqWZ.jpg,563,537,Microplastic,477,240,509,272
c--34-_jpg.rf.QYlj8uTsC79OoJyNcqWZ.jpg,563,537,Microplastic,102,279,129,307
c--34-_jpg.rf.QYlj8uTsC79OoJyNcqWZ.jpg,563,537,Microplastic,421,439,448,465
c--34-_jpg.rf.QYlj8uTsC79OoJyNcqWZ.jpg,563,537,Microplastic,283,527,326,536
f--15-_jpg.rf.lhSpf3TbQ6pHcv5m80rv.jpg,563,537,Microplastic,327,220,388,285
f--15-_jpg.rf.lhSpf3TbQ6pHcv5m80rv.jpg,563,537,Microplastic,114,226,142,286
f--15-_jpg.rf.lhSpf3TbQ6pHcv5m80rv.jpg,563,537,Microplastic,89,252,119,295
f--15-_jpg.rf.lhSpf3TbQ6pHcv5m80rv.jpg,563,537,Microplastic,228,319,266,362
f--15-_jpg.rf.lhSpf3TbQ6pHcv5m80rv.jpg,563,537,Microplastic,504,333,547,395
f--15-_jpg.rf.lhSpf3TbQ6pHcv5m80rv.jpg,563,537,Microplastic,33,430,75,482
f--15-_jpg.rf.lhSpf3TbQ6pHcv5m80rv.jpg,563,537,Microplastic,383,445,429,490
c--31-_jpg.rf.ChhQ5UbFrT5ncC0h8D4f.jpg,563,537,Microplastic,256,0,276,10
c--31-_jpg.rf.ChhQ5UbFrT5ncC0h8D4f.jpg,563,537,Microplastic,401,0,428,29
c--31-_jpg.rf.ChhQ5UbFrT5ncC0h8D4f.jpg,563,537,Microplastic,340,59,368,86
c--31-_jpg.rf.ChhQ5UbFrT5ncC0h8D4f.jpg,563,537,Microplastic,260,263,318,310
c--31-_jpg.rf.ChhQ5UbFrT5ncC0h8D4f.jpg,563,537,Microplastic,451,423,481,466
c--31-_jpg.rf.ChhQ5UbFrT5ncC0h8D4f.jpg,563,537,Microplastic,43,522,66,536
c--31-_jpg.rf.ChhQ5UbFrT5ncC0h8D4f.jpg,563,537,Microplastic,297,529,347,536
f--169-_jpg.rf.n4IW3dCiCwje5XOGj62M.jpg,563,537,Microplastic,13,1,24,11
f--169-_jpg.rf.n4IW3dCiCwje5XOGj62M.jpg,563,537,Microplastic,400,0,426,33
f--169-_jpg.rf.n4IW3dCiCwje5XOGj62M.jpg,563,537,Microplastic,0,25,12,38
f--169-_jpg.rf.n4IW3dCiCwje5XOGj62M.jpg,563,537,Microplastic,203,70,222,89
f--169-_jpg.rf.n4IW3dCiCwje5XOGj62M.jpg,563,537,Microplastic,147,121,212,174
f--169-_jpg.rf.n4IW3dCiCwje5XOGj62M.jpg,563,537,Microplastic,221,191,232,206
f--169-_jpg.rf.n4IW3dCiCwje5XOGj62M.jpg,563,537,Microplastic,135,212,148,225
f--169-_jpg.rf.n4IW3dCiCwje5XOGj62M.jpg,563,537,Microplastic,445,228,465,250
f--169-_jpg.rf.n4IW3dCiCwje5XOGj62M.jpg,563,537,Microplastic,507,229,542,298
f--169-_jpg.rf.n4IW3dCiCwje5XOGj62M.jpg,563,537,Microplastic,189,334,267,401
f--169-_jpg.rf.n4IW3dCiCwje5XOGj62M.jpg,563,537,Microplastic,366,348,412,404
f--169-_jpg.rf.n4IW3dCiCwje5XOGj62M.jpg,563,537,Microplastic,359,403,385,421
f--200-_jpg.rf.wchQGCUK9qVj8iJcRMnV.jpg,563,537,Microplastic,171,0,233,35
f--200-_jpg.rf.wchQGCUK9qVj8iJcRMnV.jpg,563,537,Microplastic,15,8,81,74
f--200-_jpg.rf.wchQGCUK9qVj8iJcRMnV.jpg,563,537,Microplastic,403,99,430,141
f--200-_jpg.rf.wchQGCUK9qVj8iJcRMnV.jpg,563,537,Microplastic,272,115,288,133
f--200-_jpg.rf.wchQGCUK9qVj8iJcRMnV.jpg,563,537,Microplastic,321,113,358,167
f--200-_jpg.rf.wchQGCUK9qVj8iJcRMnV.jpg,563,537,Microplastic,22,152,65,189
f--200-_jpg.rf.wchQGCUK9qVj8iJcRMnV.jpg,563,537,Microplastic,428,219,496,284
f--200-_jpg.rf.wchQGCUK9qVj8iJcRMnV.jpg,563,537,Microplastic,96,273,144,322
f--200-_jpg.rf.wchQGCUK9qVj8iJcRMnV.jpg,563,537,Microplastic,127,338,143,349
f--200-_jpg.rf.wchQGCUK9qVj8iJcRMnV.jpg,563,537,Microplastic,91,375,132,419
f--200-_jpg.rf.wchQGCUK9qVj8iJcRMnV.jpg,563,537,Microplastic,407,394,455,435
f--200-_jpg.rf.wchQGCUK9qVj8iJcRMnV.jpg,563,537,Microplastic,386,441,405,485
f--200-_jpg.rf.wchQGCUK9qVj8iJcRMnV.jpg,563,537,Microplastic,0,465,62,536
f--200-_jpg.rf.wchQGCUK9qVj8iJcRMnV.jpg,563,537,Microplastic,308,517,338,536
f--200-_jpg.rf.wchQGCUK9qVj8iJcRMnV.jpg,563,537,Microplastic,335,521,357,536
c--20-_jpg.rf.OnLUNQg2hZSsn5f0Ed5i.jpg,563,537,Microplastic,346,0,372,18
c--20-_jpg.rf.OnLUNQg2hZSsn5f0Ed5i.jpg,563,537,Microplastic,40,0,91,35
c--20-_jpg.rf.OnLUNQg2hZSsn5f0Ed5i.jpg,563,537,Microplastic,381,13,414,46
c--20-_jpg.rf.OnLUNQg2hZSsn5f0Ed5i.jpg,563,537,Microplastic,106,34,142,75
c--20-_jpg.rf.OnLUNQg2hZSsn5f0Ed5i.jpg,563,537,Microplastic,406,50,445,87
c--20-_jpg.rf.OnLUNQg2hZSsn5f0Ed5i.jpg,563,537,Microplastic,487,139,515,187
c--20-_jpg.rf.OnLUNQg2hZSsn5f0Ed5i.jpg,563,537,Microplastic,51,168,80,201
c--20-_jpg.rf.OnLUNQg2hZSsn5f0Ed5i.jpg,563,537,Microplastic,38,515,76,536
c--198-_jpg.rf.MeErqb6N82Hy7MBZeROy.jpg,563,537,Microplastic,463,43,496,76
c--198-_jpg.rf.MeErqb6N82Hy7MBZeROy.jpg,563,537,Microplastic,537,65,562,96
c--198-_jpg.rf.MeErqb6N82Hy7MBZeROy.jpg,563,537,Microplastic,246,170,288,216
c--198-_jpg.rf.MeErqb6N82Hy7MBZeROy.jpg,563,537,Microplastic,86,253,113,285
c--198-_jpg.rf.MeErqb6N82Hy7MBZeROy.jpg,563,537,Microplastic,253,432,303,481
c--195-_jpg.rf.1duoGT2AP8rd8s46mbet.jpg,563,537,Microplastic,393,12,415,32
c--195-_jpg.rf.1duoGT2AP8rd8s46mbet.jpg,563,537,Microplastic,268,124,318,163
c--195-_jpg.rf.1duoGT2AP8rd8s46mbet.jpg,563,537,Microplastic,293,268,316,295
c--195-_jpg.rf.1duoGT2AP8rd8s46mbet.jpg,563,537,Microplastic,417,444,442,465
f--148-_jpg.rf.lwkHJx0bBYWHqBmW97VY.jpg,563,537,Microplastic,18,6,54,60
f--148-_jpg.rf.lwkHJx0bBYWHqBmW97VY.jpg,563,537,Microplastic,409,207,524,278
f--148-_jpg.rf.lwkHJx0bBYWHqBmW97VY.jpg,563,537,Microplastic,471,303,528,358
f--148-_jpg.rf.lwkHJx0bBYWHqBmW97VY.jpg,563,537,Microplastic,0,459,14,530
f--148-_jpg.rf.lwkHJx0bBYWHqBmW97VY.jpg,563,537,Microplastic,10,520,51,536
a--74-_jpg.rf.KbmrpuzWtcSCM6vmAKeE.jpg,563,537,Microplastic,222,175,279,239
a--74-_jpg.rf.KbmrpuzWtcSCM6vmAKeE.jpg,563,537,Microplastic,340,255,400,319
a--74-_jpg.rf.KbmrpuzWtcSCM6vmAKeE.jpg,563,537,Microplastic,398,288,458,375
a--74-_jpg.rf.KbmrpuzWtcSCM6vmAKeE.jpg,563,537,Microplastic,375,377,447,461
a--74-_jpg.rf.KbmrpuzWtcSCM6vmAKeE.jpg,563,537,Microplastic,59,384,121,444
f--63-_jpg.rf.z6VGqwqGy5dwM1JOJCCC.jpg,563,537,Microplastic,419,16,426,28
f--63-_jpg.rf.z6VGqwqGy5dwM1JOJCCC.jpg,563,537,Microplastic,148,58,169,76
f--63-_jpg.rf.z6VGqwqGy5dwM1JOJCCC.jpg,563,537,Microplastic,231,76,247,92
f--63-_jpg.rf.z6VGqwqGy5dwM1JOJCCC.jpg,563,537,Microplastic,411,59,481,124
f--63-_jpg.rf.z6VGqwqGy5dwM1JOJCCC.jpg,563,537,Microplastic,0,69,36,117
f--63-_jpg.rf.z6VGqwqGy5dwM1JOJCCC.jpg,563,537,Microplastic,134,136,146,156
f--63-_jpg.rf.z6VGqwqGy5dwM1JOJCCC.jpg,563,537,Microplastic,158,176,186,198
f--63-_jpg.rf.z6VGqwqGy5dwM1JOJCCC.jpg,563,537,Microplastic,311,159,354,220
f--63-_jpg.rf.z6VGqwqGy5dwM1JOJCCC.jpg,563,537,Microplastic,191,240,198,252
f--63-_jpg.rf.z6VGqwqGy5dwM1JOJCCC.jpg,563,537,Microplastic,272,260,280,268
f--63-_jpg.rf.z6VGqwqGy5dwM1JOJCCC.jpg,563,537,Microplastic,314,276,323,285
f--63-_jpg.rf.z6VGqwqGy5dwM1JOJCCC.jpg,563,537,Microplastic,486,252,543,324
f--63-_jpg.rf.z6VGqwqGy5dwM1JOJCCC.jpg,563,537,Microplastic,96,307,107,320
f--63-_jpg.rf.z6VGqwqGy5dwM1JOJCCC.jpg,563,537,Microplastic,289,327,359,366
f--63-_jpg.rf.z6VGqwqGy5dwM1JOJCCC.jpg,563,537,Microplastic,50,344,89,380
f--63-_jpg.rf.z6VGqwqGy5dwM1JOJCCC.jpg,563,537,Microplastic,68,406,124,444
f--63-_jpg.rf.z6VGqwqGy5dwM1JOJCCC.jpg,563,537,Microplastic,417,456,458,488
f--63-_jpg.rf.z6VGqwqGy5dwM1JOJCCC.jpg,563,537,Microplastic,373,477,386,493
f--63-_jpg.rf.z6VGqwqGy5dwM1JOJCCC.jpg,563,537,Microplastic,119,510,127,518
f--63-_jpg.rf.z6VGqwqGy5dwM1JOJCCC.jpg,563,537,Microplastic,114,515,120,523
f--63-_jpg.rf.z6VGqwqGy5dwM1JOJCCC.jpg,563,537,Microplastic,119,528,129,536
f--155-_jpg.rf.89Pxb0RvskyTTgcQMW4m.jpg,563,537,Microplastic,102,0,156,14
f--155-_jpg.rf.89Pxb0RvskyTTgcQMW4m.jpg,563,537,Microplastic,390,365,459,423
f--155-_jpg.rf.89Pxb0RvskyTTgcQMW4m.jpg,563,537,Microplastic,195,402,230,443
a--93-_jpg.rf.Wuys0yzlbzLiuspdPnDr.jpg,563,537,Microplastic,151,68,233,149
a--93-_jpg.rf.Wuys0yzlbzLiuspdPnDr.jpg,563,537,Microplastic,55,292,130,367
a--93-_jpg.rf.Wuys0yzlbzLiuspdPnDr.jpg,563,537,Microplastic,293,266,354,335
a--93-_jpg.rf.Wuys0yzlbzLiuspdPnDr.jpg,563,537,Microplastic,239,368,306,461
c--72-_jpg.rf.mn6xX46npzVCtwT4OLTN.jpg,563,537,Microplastic,437,20,481,85
c--72-_jpg.rf.mn6xX46npzVCtwT4OLTN.jpg,563,537,Microplastic,355,124,411,163
c--72-_jpg.rf.mn6xX46npzVCtwT4OLTN.jpg,563,537,Microplastic,498,150,543,206
c--72-_jpg.rf.mn6xX46npzVCtwT4OLTN.jpg,563,537,Microplastic,147,217,190,248
c--72-_jpg.rf.mn6xX46npzVCtwT4OLTN.jpg,563,537,Microplastic,292,295,314,316
c--72-_jpg.rf.mn6xX46npzVCtwT4OLTN.jpg,563,537,Microplastic,155,312,181,339
c--72-_jpg.rf.mn6xX46npzVCtwT4OLTN.jpg,563,537,Microplastic,302,350,334,385
c--72-_jpg.rf.mn6xX46npzVCtwT4OLTN.jpg,563,537,Microplastic,215,348,265,403
c--72-_jpg.rf.mn6xX46npzVCtwT4OLTN.jpg,563,537,Microplastic,430,374,489,445
c--72-_jpg.rf.mn6xX46npzVCtwT4OLTN.jpg,563,537,Microplastic,137,442,170,478
c--72-_jpg.rf.mn6xX46npzVCtwT4OLTN.jpg,563,537,Microplastic,175,525,199,536
c--72-_jpg.rf.mn6xX46npzVCtwT4OLTN.jpg,563,537,Microplastic,261,505,366,536
c--187-_jpg.rf.XRewEwI4A4wzEE1WEWwe.jpg,563,537,Microplastic,293,26,317,61
c--187-_jpg.rf.XRewEwI4A4wzEE1WEWwe.jpg,563,537,Microplastic,369,18,408,71
c--187-_jpg.rf.XRewEwI4A4wzEE1WEWwe.jpg,563,537,Microplastic,338,40,378,109
c--187-_jpg.rf.XRewEwI4A4wzEE1WEWwe.jpg,563,537,Microplastic,462,105,501,155
c--187-_jpg.rf.XRewEwI4A4wzEE1WEWwe.jpg,563,537,Microplastic,256,169,291,198
c--187-_jpg.rf.XRewEwI4A4wzEE1WEWwe.jpg,563,537,Microplastic,185,307,225,346
f--152-_jpg.rf.FVtZc36AYgaMytkQI7CP.jpg,563,537,Microplastic,0,134,32,167
f--152-_jpg.rf.FVtZc36AYgaMytkQI7CP.jpg,563,537,Microplastic,0,174,16,210
f--152-_jpg.rf.FVtZc36AYgaMytkQI7CP.jpg,563,537,Microplastic,423,342,489,411
f--152-_jpg.rf.FVtZc36AYgaMytkQI7CP.jpg,563,537,Microplastic,35,512,65,536
d--30-_jpg.rf.1Q5DoF8lVQ8Mq1I0TOzY.jpg,563,537,Microplastic,23,0,210,63
c--32-_jpg.rf.RWOHea1r0O7x0wEgIq9e.jpg,563,537,Microplastic,386,0,425,24
c--32-_jpg.rf.RWOHea1r0O7x0wEgIq9e.jpg,563,537,Microplastic,472,104,526,158
c--32-_jpg.rf.RWOHea1r0O7x0wEgIq9e.jpg,563,537,Microplastic,278,140,296,165
c--32-_jpg.rf.RWOHea1r0O7x0wEgIq9e.jpg,563,537,Microplastic,473,169,556,224
c--32-_jpg.rf.RWOHea1r0O7x0wEgIq9e.jpg,563,537,Microplastic,380,295,424,345
Screenshot 2026-04-19 at 4-28-52 PM_png.rf.Kja3eTGwrELYtSFddIe2.png,1476,794,Microplastic,1056,636,1120,702
Screenshot 2026-04-19 at 4-28-52 PM_png.rf.Kja3eTGwrELYtSFddIe2.png,1476,794,Microplastic,224,464,378,593
Screenshot 2026-04-19 at 4-28-52 PM_png.rf.Kja3eTGwrELYtSFddIe2.png,1476,794,Microplastic,116,283,224,370
Screenshot 2026-04-19 at 4-28-52 PM_png.rf.Kja3eTGwrELYtSFddIe2.png,1476,794,Microplastic,194,757,237,794
Screenshot 2026-04-19 at 4-28-52 PM_png.rf.Kja3eTGwrELYtSFddIe2.png,1476,794,Microplastic,1250,428,1295,467
Screenshot 2026-04-19 at 4-28-52 PM_png.rf.Kja3eTGwrELYtSFddIe2.png,1476,794,Microplastic,744,233,785,272
Screenshot 2026-04-19 at 4-28-52 PM_png.rf.Kja3eTGwrELYtSFddIe2.png,1476,794,Microplastic,553,418,609,470
a--27-_jpg.rf.RxBfuWyhbEVD1C0bNRnJ.jpg,563,537,Microplastic,339,30,441,129
a--27-_jpg.rf.RxBfuWyhbEVD1C0bNRnJ.jpg,563,537,Microplastic,260,205,359,285
a--27-_jpg.rf.RxBfuWyhbEVD1C0bNRnJ.jpg,563,537,Microplastic,160,244,256,342
a--27-_jpg.rf.RxBfuWyhbEVD1C0bNRnJ.jpg,563,537,Microplastic,267,411,361,514
a--27-_jpg.rf.RxBfuWyhbEVD1C0bNRnJ.jpg,563,537,Microplastic,69,449,132,511
f--180-_jpg.rf.KKvm8P4kmOjzAm8Xk5k7.jpg,563,537,Microplastic,385,30,425,77
f--180-_jpg.rf.KKvm8P4kmOjzAm8Xk5k7.jpg,563,537,Microplastic,459,144,504,190
f--180-_jpg.rf.KKvm8P4kmOjzAm8Xk5k7.jpg,563,537,Microplastic,297,149,329,186
f--180-_jpg.rf.KKvm8P4kmOjzAm8Xk5k7.jpg,563,537,Microplastic,450,257,513,291
f--180-_jpg.rf.KKvm8P4kmOjzAm8Xk5k7.jpg,563,537,Microplastic,360,267,385,303
f--180-_jpg.rf.KKvm8P4kmOjzAm8Xk5k7.jpg,563,537,Microplastic,122,275,151,309
c--26-_jpg.rf.V86Y1kZPde6GgC7eKGXL.jpg,563,537,Microplastic,389,11,422,44
c--26-_jpg.rf.V86Y1kZPde6GgC7eKGXL.jpg,563,537,Microplastic,421,79,453,108
c--26-_jpg.rf.V86Y1kZPde6GgC7eKGXL.jpg,563,537,Microplastic,247,88,285,117
c--26-_jpg.rf.V86Y1kZPde6GgC7eKGXL.jpg,563,537,Microplastic,154,96,170,118
c--26-_jpg.rf.V86Y1kZPde6GgC7eKGXL.jpg,563,537,Microplastic,437,99,472,123
c--26-_jpg.rf.V86Y1kZPde6GgC7eKGXL.jpg,563,537,Microplastic,206,113,222,130
c--26-_jpg.rf.V86Y1kZPde6GgC7eKGXL.jpg,563,537,Microplastic,444,110,493,143
c--26-_jpg.rf.V86Y1kZPde6GgC7eKGXL.jpg,563,537,Microplastic,475,147,508,182
c--26-_jpg.rf.V86Y1kZPde6GgC7eKGXL.jpg,563,537,Microplastic,360,167,374,182
c--26-_jpg.rf.V86Y1kZPde6GgC7eKGXL.jpg,563,537,Microplastic,64,165,85,186
c--26-_jpg.rf.V86Y1kZPde6GgC7eKGXL.jpg,563,537,Microplastic,412,181,427,205
c--26-_jpg.rf.V86Y1kZPde6GgC7eKGXL.jpg,563,537,Microplastic,137,246,177,295
c--26-_jpg.rf.V86Y1kZPde6GgC7eKGXL.jpg,563,537,Microplastic,506,267,524,301
c--26-_jpg.rf.V86Y1kZPde6GgC7eKGXL.jpg,563,537,Microplastic,407,279,440,310
c--26-_jpg.rf.V86Y1kZPde6GgC7eKGXL.jpg,563,537,Microplastic,342,488,402,536
Screenshot 2026-04-19 at 4-20-30 PM_png.rf.Ljg4TBQDSKgH0TrIopjm.png,1564,802,Microplastic,789,256,856,304
Screenshot 2026-04-19 at 4-20-30 PM_png.rf.Ljg4TBQDSKgH0TrIopjm.png,1564,802,Microplastic,1019,100,1053,141
Screenshot 2026-04-19 at 4-20-30 PM_png.rf.Ljg4TBQDSKgH0TrIopjm.png,1564,802,Microplastic,635,562,661,590
Screenshot 2026-04-19 at 4-20-30 PM_png.rf.Ljg4TBQDSKgH0TrIopjm.png,1564,802,Microplastic,1379,639,1421,673
Screenshot 2026-04-19 at 4-20-30 PM_png.rf.Ljg4TBQDSKgH0TrIopjm.png,1564,802,Microplastic,589,704,626,735
Screenshot 2026-04-19 at 4-20-30 PM_png.rf.Ljg4TBQDSKgH0TrIopjm.png,1564,802,Microplastic,1381,766,1405,792
Screenshot 2026-04-19 at 4-20-30 PM_png.rf.Ljg4TBQDSKgH0TrIopjm.png,1564,802,Microplastic,1091,468,1116,496
Screenshot 2026-04-19 at 4-20-30 PM_png.rf.Ljg4TBQDSKgH0TrIopjm.png,1564,802,Microplastic,70,418,95,464
Screenshot 2026-04-19 at 4-20-30 PM_png.rf.Ljg4TBQDSKgH0TrIopjm.png,1564,802,Microplastic,1048,296,1072,326
Screenshot 2026-04-19 at 4-20-30 PM_png.rf.Ljg4TBQDSKgH0TrIopjm.png,1564,802,Microplastic,319,468,344,492
Screenshot 2026-04-19 at 4-20-30 PM_png.rf.Ljg4TBQDSKgH0TrIopjm.png,1564,802,Microplastic,1536,625,1562,647
Screenshot 2026-04-19 at 4-20-30 PM_png.rf.Ljg4TBQDSKgH0TrIopjm.png,1564,802,Microplastic,1183,194,1216,245
Screenshot 2026-04-19 at 4-20-30 PM_png.rf.Ljg4TBQDSKgH0TrIopjm.png,1564,802,Microplastic,377,441,401,469
Screenshot 2026-04-19 at 4-20-30 PM_png.rf.Ljg4TBQDSKgH0TrIopjm.png,1564,802,Microplastic,1303,352,1330,383
Screenshot 2026-04-19 at 4-20-30 PM_png.rf.Ljg4TBQDSKgH0TrIopjm.png,1564,802,Microplastic,202,681,268,776
Screenshot 2026-04-19 at 4-20-30 PM_png.rf.Ljg4TBQDSKgH0TrIopjm.png,1564,802,Microplastic,331,661,351,680
Screenshot 2026-04-19 at 4-20-30 PM_png.rf.Ljg4TBQDSKgH0TrIopjm.png,1564,802,Microplastic,781,410,824,476
Screenshot 2026-04-19 at 4-20-30 PM_png.rf.Ljg4TBQDSKgH0TrIopjm.png,1564,802,Microplastic,1491,535,1515,560
Screenshot 2026-04-19 at 4-20-30 PM_png.rf.Ljg4TBQDSKgH0TrIopjm.png,1564,802,Microplastic,1202,689,1225,710
Screenshot 2026-04-19 at 4-20-30 PM_png.rf.Ljg4TBQDSKgH0TrIopjm.png,1564,802,Microplastic,58,18,81,66
Screenshot 2026-04-19 at 4-20-30 PM_png.rf.Ljg4TBQDSKgH0TrIopjm.png,1564,802,Microplastic,778,609,804,635
Screenshot 2026-04-19 at 4-20-30 PM_png.rf.Ljg4TBQDSKgH0TrIopjm.png,1564,802,Microplastic,1140,187,1166,223
Screenshot 2026-04-19 at 4-20-30 PM_png.rf.Ljg4TBQDSKgH0TrIopjm.png,1564,802,Microplastic,1,110,23,147
Screenshot 2026-04-19 at 4-20-30 PM_png.rf.Ljg4TBQDSKgH0TrIopjm.png,1564,802,Microplastic,1265,291,1290,320
Screenshot 2026-04-19 at 4-20-30 PM_png.rf.Ljg4TBQDSKgH0TrIopjm.png,1564,802,Microplastic,352,264,380,297
Screenshot 2026-04-19 at 4-20-30 PM_png.rf.Ljg4TBQDSKgH0TrIopjm.png,1564,802,Microplastic,1008,104,1068,237
Screenshot 2026-04-19 at 4-20-30 PM_png.rf.Ljg4TBQDSKgH0TrIopjm.png,1564,802,Microplastic,726,531,765,572
Screenshot 2026-04-19 at 4-20-30 PM_png.rf.Ljg4TBQDSKgH0TrIopjm.png,1564,802,Microplastic,1405,444,1439,471
Screenshot 2026-04-19 at 4-20-30 PM_png.rf.Ljg4TBQDSKgH0TrIopjm.png,1564,802,Microplastic,151,575,170,599
Screenshot 2026-04-19 at 4-20-30 PM_png.rf.Ljg4TBQDSKgH0TrIopjm.png,1564,802,Microplastic,246,485,273,516
Screenshot 2026-04-19 at 4-20-30 PM_png.rf.Ljg4TBQDSKgH0TrIopjm.png,1564,802,Microplastic,529,663,566,696
Screenshot 2026-04-19 at 4-20-30 PM_png.rf.Ljg4TBQDSKgH0TrIopjm.png,1564,802,Microplastic,247,599,265,622
Screenshot 2026-04-19 at 4-20-30 PM_png.rf.Ljg4TBQDSKgH0TrIopjm.png,1564,802,Microplastic,445,677,472,703
Screenshot 2026-04-19 at 4-20-30 PM_png.rf.Ljg4TBQDSKgH0TrIopjm.png,1564,802,Microplastic,1241,109,1281,146
Screenshot 2026-04-19 at 4-20-30 PM_png.rf.Ljg4TBQDSKgH0TrIopjm.png,1564,802,Microplastic,195,506,222,538
Screenshot 2026-04-19 at 4-20-30 PM_png.rf.Ljg4TBQDSKgH0TrIopjm.png,1564,802,Microplastic,406,176,428,208
Screenshot 2026-04-19 at 4-20-30 PM_png.rf.Ljg4TBQDSKgH0TrIopjm.png,1564,802,Microplastic,1184,411,1222,462
Screenshot 2026-04-19 at 4-20-30 PM_png.rf.Ljg4TBQDSKgH0TrIopjm.png,1564,802,Microplastic,105,388,124,419
Screenshot 2026-04-19 at 4-20-30 PM_png.rf.Ljg4TBQDSKgH0TrIopjm.png,1564,802,Microplastic,934,526,959,557
Screenshot 2026-04-19 at 4-20-30 PM_png.rf.Ljg4TBQDSKgH0TrIopjm.png,1564,802,Microplastic,3,191,29,240
Screenshot 2026-04-19 at 4-20-30 PM_png.rf.Ljg4TBQDSKgH0TrIopjm.png,1564,802,Microplastic,125,276,214,352
Screenshot 2026-04-19 at 4-20-30 PM_png.rf.Ljg4TBQDSKgH0TrIopjm.png,1564,802,Microplastic,1390,374,1411,401
Screenshot 2026-04-19 at 4-20-30 PM_png.rf.Ljg4TBQDSKgH0TrIopjm.png,1564,802,Microplastic,630,395,678,458
Screenshot 2026-04-19 at 4-20-30 PM_png.rf.Ljg4TBQDSKgH0TrIopjm.png,1564,802,Microplastic,1441,6,1468,60
Screenshot 2026-04-19 at 4-20-30 PM_png.rf.Ljg4TBQDSKgH0TrIopjm.png,1564,802,Microplastic,110,235,144,280
Screenshot 2026-04-19 at 4-20-30 PM_png.rf.Ljg4TBQDSKgH0TrIopjm.png,1564,802,Microplastic,1394,194,1416,230
Screenshot 2026-04-19 at 4-20-30 PM_png.rf.Ljg4TBQDSKgH0TrIopjm.png,1564,802,Microplastic,1028,344,1050,380
Screenshot 2026-04-19 at 4-20-30 PM_png.rf.Ljg4TBQDSKgH0TrIopjm.png,1564,802,Microplastic,82,572,100,594
Screenshot 2026-04-19 at 4-20-30 PM_png.rf.Ljg4TBQDSKgH0TrIopjm.png,1564,802,Microplastic,27,54,48,93
Screenshot 2026-04-19 at 4-20-30 PM_png.rf.Ljg4TBQDSKgH0TrIopjm.png,1564,802,Microplastic,1287,677,1331,723
Screenshot 2026-04-19 at 4-20-30 PM_png.rf.Ljg4TBQDSKgH0TrIopjm.png,1564,802,Microplastic,1304,431,1340,480
Screenshot 2026-04-19 at 4-20-30 PM_png.rf.Ljg4TBQDSKgH0TrIopjm.png,1564,802,Microplastic,447,104,471,137
Screenshot 2026-04-19 at 4-20-30 PM_png.rf.Ljg4TBQDSKgH0TrIopjm.png,1564,802,Microplastic,738,182,775,215
Screenshot 2026-04-19 at 4-20-30 PM_png.rf.Ljg4TBQDSKgH0TrIopjm.png,1564,802,Microplastic,37,713,57,737
Screenshot 2026-04-19 at 4-20-30 PM_png.rf.Ljg4TBQDSKgH0TrIopjm.png,1564,802,Microplastic,281,316,304,346
Screenshot 2026-04-19 at 4-20-30 PM_png.rf.Ljg4TBQDSKgH0TrIopjm.png,1564,802,Microplastic,534,475,579,517
Screenshot 2026-04-19 at 4-20-30 PM_png.rf.Ljg4TBQDSKgH0TrIopjm.png,1564,802,Microplastic,1406,740,1429,762
Screenshot 2026-04-19 at 4-20-30 PM_png.rf.Ljg4TBQDSKgH0TrIopjm.png,1564,802,Microplastic,494,252,526,293
Screenshot 2026-04-19 at 4-20-30 PM_png.rf.Ljg4TBQDSKgH0TrIopjm.png,1564,802,Microplastic,908,569,949,603
Screenshot 2026-04-19 at 4-20-30 PM_png.rf.Ljg4TBQDSKgH0TrIopjm.png,1564,802,Microplastic,1502,241,1527,274
Screenshot 2026-04-19 at 4-20-30 PM_png.rf.Ljg4TBQDSKgH0TrIopjm.png,1564,802,Microplastic,1332,64,1383,112
Screenshot 2026-04-19 at 4-20-30 PM_png.rf.Ljg4TBQDSKgH0TrIopjm.png,1564,802,Microplastic,772,318,792,349
Screenshot 2026-04-19 at 4-20-30 PM_png.rf.Ljg4TBQDSKgH0TrIopjm.png,1564,802,Microplastic,364,606,401,645
Screenshot 2026-04-19 at 4-20-30 PM_png.rf.Ljg4TBQDSKgH0TrIopjm.png,1564,802,Microplastic,180,618,200,639
Screenshot 2026-04-19 at 4-20-30 PM_png.rf.Ljg4TBQDSKgH0TrIopjm.png,1564,802,Microplastic,1505,321,1530,349
Screenshot 2026-04-19 at 4-20-30 PM_png.rf.Ljg4TBQDSKgH0TrIopjm.png,1564,802,Microplastic,239,226,260,255
Screenshot 2026-04-19 at 4-20-30 PM_png.rf.Ljg4TBQDSKgH0TrIopjm.png,1564,802,Microplastic,1333,611,1357,640
Screenshot 2026-04-19 at 4-23-23 PM_png.rf.IuQ7jMcOtZmHY8lPEHpF.png,1576,828,Microplastic,890,567,926,611
Screenshot 2026-04-19 at 4-23-23 PM_png.rf.IuQ7jMcOtZmHY8lPEHpF.png,1576,828,Microplastic,77,280,110,309
Screenshot 2026-04-19 at 4-23-23 PM_png.rf.IuQ7jMcOtZmHY8lPEHpF.png,1576,828,Microplastic,427,772,457,798
Screenshot 2026-04-19 at 4-23-23 PM_png.rf.IuQ7jMcOtZmHY8lPEHpF.png,1576,828,Microplastic,1456,50,1488,77
Screenshot 2026-04-19 at 4-23-23 PM_png.rf.IuQ7jMcOtZmHY8lPEHpF.png,1576,828,Microplastic,233,375,268,417
Screenshot 2026-04-19 at 4-23-23 PM_png.rf.IuQ7jMcOtZmHY8lPEHpF.png,1576,828,Microplastic,67,118,122,174
Screenshot 2026-04-19 at 4-23-23 PM_png.rf.IuQ7jMcOtZmHY8lPEHpF.png,1576,828,Microplastic,420,243,450,277
Screenshot 2026-04-19 at 4-23-23 PM_png.rf.IuQ7jMcOtZmHY8lPEHpF.png,1576,828,Microplastic,1391,548,1432,584
Screenshot 2026-04-19 at 4-23-23 PM_png.rf.IuQ7jMcOtZmHY8lPEHpF.png,1576,828,Microplastic,775,505,810,540
Screenshot 2026-04-19 at 4-23-23 PM_png.rf.IuQ7jMcOtZmHY8lPEHpF.png,1576,828,Microplastic,147,626,174,654
Screenshot 2026-04-19 at 4-23-23 PM_png.rf.IuQ7jMcOtZmHY8lPEHpF.png,1576,828,Microplastic,349,689,378,717
Screenshot 2026-04-19 at 4-23-23 PM_png.rf.IuQ7jMcOtZmHY8lPEHpF.png,1576,828,Microplastic,581,307,640,346
Screenshot 2026-04-19 at 4-23-23 PM_png.rf.IuQ7jMcOtZmHY8lPEHpF.png,1576,828,Microplastic,956,458,987,490
Screenshot 2026-04-19 at 4-23-23 PM_png.rf.IuQ7jMcOtZmHY8lPEHpF.png,1576,828,Microplastic,248,109,279,149
Screenshot 2026-04-19 at 4-23-23 PM_png.rf.IuQ7jMcOtZmHY8lPEHpF.png,1576,828,Microplastic,246,708,270,732
Screenshot 2026-04-19 at 4-23-23 PM_png.rf.IuQ7jMcOtZmHY8lPEHpF.png,1576,828,Microplastic,1372,19,1423,56
Screenshot 2026-04-19 at 4-23-23 PM_png.rf.IuQ7jMcOtZmHY8lPEHpF.png,1576,828,Microplastic,313,11,352,37
Screenshot 2026-04-19 at 4-23-23 PM_png.rf.IuQ7jMcOtZmHY8lPEHpF.png,1576,828,Microplastic,1513,447,1544,476
Screenshot 2026-04-19 at 4-23-23 PM_png.rf.IuQ7jMcOtZmHY8lPEHpF.png,1576,828,Microplastic,1324,713,1346,735
Screenshot 2026-04-19 at 4-23-23 PM_png.rf.IuQ7jMcOtZmHY8lPEHpF.png,1576,828,Microplastic,506,276,533,305
Screenshot 2026-04-19 at 4-23-23 PM_png.rf.IuQ7jMcOtZmHY8lPEHpF.png,1576,828,Microplastic,1170,650,1216,686
Screenshot 2026-04-19 at 4-23-23 PM_png.rf.IuQ7jMcOtZmHY8lPEHpF.png,1576,828,Microplastic,931,62,958,89
Screenshot 2026-04-19 at 4-23-23 PM_png.rf.IuQ7jMcOtZmHY8lPEHpF.png,1576,828,Microplastic,558,425,584,449
Screenshot 2026-04-19 at 4-23-23 PM_png.rf.IuQ7jMcOtZmHY8lPEHpF.png,1576,828,Microplastic,924,124,951,149
Screenshot 2026-04-19 at 4-23-23 PM_png.rf.IuQ7jMcOtZmHY8lPEHpF.png,1576,828,Microplastic,351,751,375,777
Screenshot 2026-04-19 at 4-23-23 PM_png.rf.IuQ7jMcOtZmHY8lPEHpF.png,1576,828,Microplastic,742,175,845,245
Screenshot 2026-04-19 at 4-23-23 PM_png.rf.IuQ7jMcOtZmHY8lPEHpF.png,1576,828,Microplastic,3,446,29,475
Screenshot 2026-04-19 at 4-23-23 PM_png.rf.IuQ7jMcOtZmHY8lPEHpF.png,1576,828,Microplastic,605,478,628,500
Screenshot 2026-04-19 at 4-23-23 PM_png.rf.IuQ7jMcOtZmHY8lPEHpF.png,1576,828,Microplastic,1264,61,1289,86
Screenshot 2026-04-19 at 4-23-23 PM_png.rf.IuQ7jMcOtZmHY8lPEHpF.png,1576,828,Microplastic,1129,741,1159,766
Screenshot 2026-04-19 at 4-23-23 PM_png.rf.IuQ7jMcOtZmHY8lPEHpF.png,1576,828,Microplastic,95,456,126,488
Screenshot 2026-04-19 at 4-23-23 PM_png.rf.IuQ7jMcOtZmHY8lPEHpF.png,1576,828,Microplastic,1172,470,1201,498
Screenshot 2026-04-19 at 4-23-23 PM_png.rf.IuQ7jMcOtZmHY8lPEHpF.png,1576,828,Microplastic,286,254,312,280
Screenshot 2026-04-19 at 4-23-23 PM_png.rf.IuQ7jMcOtZmHY8lPEHpF.png,1576,828,Microplastic,846,761,881,789
Screenshot 2026-04-19 at 4-23-23 PM_png.rf.IuQ7jMcOtZmHY8lPEHpF.png,1576,828,Microplastic,932,205,975,246
Screenshot 2026-04-19 at 4-23-23 PM_png.rf.IuQ7jMcOtZmHY8lPEHpF.png,1576,828,Microplastic,1250,732,1288,761
Screenshot 2026-04-19 at 4-23-23 PM_png.rf.IuQ7jMcOtZmHY8lPEHpF.png,1576,828,Microplastic,5,632,46,678
Screenshot 2026-04-19 at 4-23-23 PM_png.rf.IuQ7jMcOtZmHY8lPEHpF.png,1576,828,Microplastic,1102,3,1131,25
Screenshot 2026-04-19 at 4-23-23 PM_png.rf.IuQ7jMcOtZmHY8lPEHpF.png,1576,828,Microplastic,835,7,862,29
Screenshot 2026-04-19 at 4-23-23 PM_png.rf.IuQ7jMcOtZmHY8lPEHpF.png,1576,828,Microplastic,1364,292,1388,313
Screenshot 2026-04-19 at 4-23-23 PM_png.rf.IuQ7jMcOtZmHY8lPEHpF.png,1576,828,Microplastic,909,779,931,803
Screenshot 2026-04-19 at 4-23-23 PM_png.rf.IuQ7jMcOtZmHY8lPEHpF.png,1576,828,Microplastic,755,323,781,349
Screenshot 2026-04-19 at 4-23-23 PM_png.rf.IuQ7jMcOtZmHY8lPEHpF.png,1576,828,Microplastic,1156,143,1186,170
Screenshot 2026-04-19 at 4-23-23 PM_png.rf.IuQ7jMcOtZmHY8lPEHpF.png,1576,828,Microplastic,1098,37,1126,62
Screenshot 2026-04-19 at 4-23-23 PM_png.rf.IuQ7jMcOtZmHY8lPEHpF.png,1576,828,Microplastic,668,211,705,263
Screenshot 2026-04-19 at 4-23-23 PM_png.rf.IuQ7jMcOtZmHY8lPEHpF.png,1576,828,Microplastic,1218,156,1260,186
Screenshot 2026-04-19 at 4-23-23 PM_png.rf.IuQ7jMcOtZmHY8lPEHpF.png,1576,828,Microplastic,244,309,270,334
Screenshot 2026-04-19 at 4-23-23 PM_png.rf.IuQ7jMcOtZmHY8lPEHpF.png,1576,828,Microplastic,1120,138,1143,161
Screenshot 2026-04-19 at 4-23-23 PM_png.rf.IuQ7jMcOtZmHY8lPEHpF.png,1576,828,Microplastic,562,520,591,548
Screenshot 2026-04-19 at 4-23-23 PM_png.rf.IuQ7jMcOtZmHY8lPEHpF.png,1576,828,Microplastic,615,271,642,298
Screenshot 2026-04-19 at 4-23-23 PM_png.rf.IuQ7jMcOtZmHY8lPEHpF.png,1576,828,Microplastic,627,193,650,221
Screenshot 2026-04-19 at 4-23-23 PM_png.rf.IuQ7jMcOtZmHY8lPEHpF.png,1576,828,Microplastic,1453,803,1476,820
Screenshot 2026-04-19 at 4-23-23 PM_png.rf.IuQ7jMcOtZmHY8lPEHpF.png,1576,828,Microplastic,0,519,18,551
Screenshot 2026-04-19 at 4-23-23 PM_png.rf.IuQ7jMcOtZmHY8lPEHpF.png,1576,828,Microplastic,144,442,168,465
Screenshot 2026-04-19 at 4-23-23 PM_png.rf.IuQ7jMcOtZmHY8lPEHpF.png,1576,828,Microplastic,1239,609,1266,631
Screenshot 2026-04-19 at 4-23-23 PM_png.rf.IuQ7jMcOtZmHY8lPEHpF.png,1576,828,Microplastic,1495,272,1526,299
Screenshot 2026-04-19 at 4-23-23 PM_png.rf.IuQ7jMcOtZmHY8lPEHpF.png,1576,828,Microplastic,1425,303,1450,327
Screenshot 2026-04-19 at 4-23-23 PM_png.rf.IuQ7jMcOtZmHY8lPEHpF.png,1576,828,Microplastic,481,414,504,439
Screenshot 2026-04-19 at 4-23-23 PM_png.rf.IuQ7jMcOtZmHY8lPEHpF.png,1576,828,Microplastic,1209,394,1239,427
Screenshot 2026-04-19 at 4-23-23 PM_png.rf.IuQ7jMcOtZmHY8lPEHpF.png,1576,828,Microplastic,1250,474,1300,522
Screenshot 2026-04-19 at 4-23-23 PM_png.rf.IuQ7jMcOtZmHY8lPEHpF.png,1576,828,Microplastic,958,382,982,405
Screenshot 2026-04-19 at 4-23-23 PM_png.rf.IuQ7jMcOtZmHY8lPEHpF.png,1576,828,Microplastic,584,657,607,682
Screenshot 2026-04-19 at 4-23-23 PM_png.rf.IuQ7jMcOtZmHY8lPEHpF.png,1576,828,Microplastic,638,141,658,164
Screenshot 2026-04-19 at 4-23-23 PM_png.rf.IuQ7jMcOtZmHY8lPEHpF.png,1576,828,Microplastic,1089,90,1114,114
Screenshot 2026-04-19 at 4-23-23 PM_png.rf.IuQ7jMcOtZmHY8lPEHpF.png,1576,828,Microplastic,693,417,720,446
Screenshot 2026-04-19 at 4-23-23 PM_png.rf.IuQ7jMcOtZmHY8lPEHpF.png,1576,828,Microplastic,213,219,241,252
Screenshot 2026-04-19 at 4-23-23 PM_png.rf.IuQ7jMcOtZmHY8lPEHpF.png,1576,828,Microplastic,193,622,211,642
Screenshot 2026-04-19 at 4-23-23 PM_png.rf.IuQ7jMcOtZmHY8lPEHpF.png,1576,828,Microplastic,513,553,535,575
Screenshot 2026-04-19 at 4-23-23 PM_png.rf.IuQ7jMcOtZmHY8lPEHpF.png,1576,828,Microplastic,87,679,108,701
Screenshot 2026-04-19 at 4-23-23 PM_png.rf.IuQ7jMcOtZmHY8lPEHpF.png,1576,828,Microplastic,1330,344,1357,378
Screenshot 2026-04-19 at 4-23-23 PM_png.rf.IuQ7jMcOtZmHY8lPEHpF.png,1576,828,Microplastic,1128,636,1153,660
Screenshot 2026-04-19 at 4-23-23 PM_png.rf.IuQ7jMcOtZmHY8lPEHpF.png,1576,828,Microplastic,200,56,230,81
Screenshot 2026-04-19 at 4-23-23 PM_png.rf.IuQ7jMcOtZmHY8lPEHpF.png,1576,828,Microplastic,1504,323,1534,352
Screenshot 2026-04-19 at 4-23-23 PM_png.rf.IuQ7jMcOtZmHY8lPEHpF.png,1576,828,Microplastic,992,786,1021,808
Screenshot 2026-04-19 at 4-23-23 PM_png.rf.IuQ7jMcOtZmHY8lPEHpF.png,1576,828,Microplastic,1563,299,1576,338
Screenshot 2026-04-19 at 4-23-23 PM_png.rf.IuQ7jMcOtZmHY8lPEHpF.png,1576,828,Microplastic,42,45,131,85
Screenshot 2026-04-19 at 4-23-23 PM_png.rf.IuQ7jMcOtZmHY8lPEHpF.png,1576,828,Microplastic,156,100,179,122
Screenshot 2026-04-19 at 4-23-23 PM_png.rf.IuQ7jMcOtZmHY8lPEHpF.png,1576,828,Microplastic,902,0,928,14
Screenshot 2026-04-19 at 4-23-23 PM_png.rf.IuQ7jMcOtZmHY8lPEHpF.png,1576,828,Microplastic,1159,177,1184,200
Screenshot 2026-04-19 at 4-23-23 PM_png.rf.IuQ7jMcOtZmHY8lPEHpF.png,1576,828,Microplastic,1466,1,1502,30
Screenshot 2026-04-19 at 4-23-23 PM_png.rf.IuQ7jMcOtZmHY8lPEHpF.png,1576,828,Microplastic,1332,208,1360,230
Screenshot 2026-04-19 at 4-23-23 PM_png.rf.IuQ7jMcOtZmHY8lPEHpF.png,1576,828,Microplastic,1429,149,1455,173
Screenshot 2026-04-19 at 4-23-23 PM_png.rf.IuQ7jMcOtZmHY8lPEHpF.png,1576,828,Microplastic,1161,277,1187,309
Screenshot 2026-04-19 at 4-23-23 PM_png.rf.IuQ7jMcOtZmHY8lPEHpF.png,1576,828,Microplastic,1010,178,1031,202
Screenshot 2026-04-19 at 4-23-23 PM_png.rf.IuQ7jMcOtZmHY8lPEHpF.png,1576,828,Microplastic,584,170,618,198
Screenshot 2026-04-19 at 4-23-23 PM_png.rf.IuQ7jMcOtZmHY8lPEHpF.png,1576,828,Microplastic,1275,318,1300,342
Screenshot 2026-04-19 at 4-23-23 PM_png.rf.IuQ7jMcOtZmHY8lPEHpF.png,1576,828,Microplastic,509,234,538,259
Screenshot 2026-04-19 at 4-23-23 PM_png.rf.IuQ7jMcOtZmHY8lPEHpF.png,1576,828,Microplastic,710,706,742,729
Screenshot 2026-04-19 at 4-23-23 PM_png.rf.IuQ7jMcOtZmHY8lPEHpF.png,1576,828,Microplastic,1250,380,1279,408
f--170-_jpg.rf.Cr2VM7XYe07ezrj6L3iA.jpg,563,537,Microplastic,262,179,305,215
f--170-_jpg.rf.Cr2VM7XYe07ezrj6L3iA.jpg,563,537,Microplastic,69,247,106,308
f--170-_jpg.rf.Cr2VM7XYe07ezrj6L3iA.jpg,563,537,Microplastic,0,457,20,531
f--170-_jpg.rf.Cr2VM7XYe07ezrj6L3iA.jpg,563,537,Microplastic,305,507,354,536
f--171-_jpg.rf.I35KPwjAxHg5hnqtyjR3.jpg,563,537,Microplastic,67,205,132,283
f--171-_jpg.rf.I35KPwjAxHg5hnqtyjR3.jpg,563,537,Microplastic,0,267,41,316
f--171-_jpg.rf.I35KPwjAxHg5hnqtyjR3.jpg,563,537,Microplastic,430,347,501,391
f--171-_jpg.rf.I35KPwjAxHg5hnqtyjR3.jpg,563,537,Microplastic,20,370,64,403
f--171-_jpg.rf.I35KPwjAxHg5hnqtyjR3.jpg,563,537,Microplastic,392,514,423,536
f--108-_jpg.rf.epIeq01GphFlgKqrqck2.jpg,563,537,Microplastic,257,147,299,191
f--108-_jpg.rf.epIeq01GphFlgKqrqck2.jpg,563,537,Microplastic,395,442,450,518
f--108-_jpg.rf.epIeq01GphFlgKqrqck2.jpg,563,537,Microplastic,52,473,146,536
f--154-_jpg.rf.Rn0n4JYeFLM1WSUf4AtM.jpg,563,537,Microplastic,334,0,376,33
f--154-_jpg.rf.Rn0n4JYeFLM1WSUf4AtM.jpg,563,537,Microplastic,189,37,256,81
f--154-_jpg.rf.Rn0n4JYeFLM1WSUf4AtM.jpg,563,537,Microplastic,435,102,457,135
f--154-_jpg.rf.Rn0n4JYeFLM1WSUf4AtM.jpg,563,537,Microplastic,399,397,452,458
f--154-_jpg.rf.Rn0n4JYeFLM1WSUf4AtM.jpg,563,537,Microplastic,19,505,68,536
f--154-_jpg.rf.Rn0n4JYeFLM1WSUf4AtM.jpg,563,537,Microplastic,285,509,331,536
f--154-_jpg.rf.Rn0n4JYeFLM1WSUf4AtM.jpg,563,537,Microplastic,112,522,170,536
c--27-_jpg.rf.MxIoVT6F7S2lLOpP2t2s.jpg,563,537,Microplastic,113,352,159,419
c--27-_jpg.rf.MxIoVT6F7S2lLOpP2t2s.jpg,563,537,Microplastic,432,429,502,480
c--27-_jpg.rf.MxIoVT6F7S2lLOpP2t2s.jpg,563,537,Microplastic,0,499,28,531
c--27-_jpg.rf.MxIoVT6F7S2lLOpP2t2s.jpg,563,537,Microplastic,31,487,81,536
c--193-_jpg.rf.PnOQWN1SNbDiyN5C0sy3.jpg,563,537,Microplastic,263,73,303,114
c--193-_jpg.rf.PnOQWN1SNbDiyN5C0sy3.jpg,563,537,Microplastic,67,112,114,148
c--193-_jpg.rf.PnOQWN1SNbDiyN5C0sy3.jpg,563,537,Microplastic,148,229,223,276
c--193-_jpg.rf.PnOQWN1SNbDiyN5C0sy3.jpg,563,537,Microplastic,93,395,112,433
c--193-_jpg.rf.PnOQWN1SNbDiyN5C0sy3.jpg,563,537,Microplastic,96,527,124,536
c--24-_jpg.rf.dXnkCHs9IIaDPffsd8XM.jpg,563,537,Microplastic,362,0,425,48
c--24-_jpg.rf.dXnkCHs9IIaDPffsd8XM.jpg,563,537,Microplastic,225,30,265,54
c--24-_jpg.rf.dXnkCHs9IIaDPffsd8XM.jpg,563,537,Microplastic,416,53,448,84
c--24-_jpg.rf.dXnkCHs9IIaDPffsd8XM.jpg,563,537,Microplastic,456,125,480,150
c--24-_jpg.rf.dXnkCHs9IIaDPffsd8XM.jpg,563,537,Microplastic,56,123,89,159
c--24-_jpg.rf.dXnkCHs9IIaDPffsd8XM.jpg,563,537,Microplastic,485,198,504,220
c--24-_jpg.rf.dXnkCHs9IIaDPffsd8XM.jpg,563,537,Microplastic,216,222,238,242
c--24-_jpg.rf.dXnkCHs9IIaDPffsd8XM.jpg,563,537,Microplastic,110,240,134,258
c--24-_jpg.rf.dXnkCHs9IIaDPffsd8XM.jpg,563,537,Microplastic,306,294,333,327
c--24-_jpg.rf.dXnkCHs9IIaDPffsd8XM.jpg,563,537,Microplastic,17,325,49,365
c--24-_jpg.rf.dXnkCHs9IIaDPffsd8XM.jpg,563,537,Microplastic,321,418,344,444
f--13-_jpg.rf.cJqcifB8EWCjf5WsEBKA.jpg,563,537,Microplastic,310,0,340,38
f--13-_jpg.rf.cJqcifB8EWCjf5WsEBKA.jpg,563,537,Microplastic,44,52,92,97
f--13-_jpg.rf.cJqcifB8EWCjf5WsEBKA.jpg,563,537,Microplastic,227,137,275,209
f--13-_jpg.rf.cJqcifB8EWCjf5WsEBKA.jpg,563,537,Microplastic,437,223,496,248
f--13-_jpg.rf.cJqcifB8EWCjf5WsEBKA.jpg,563,537,Microplastic,0,366,34,410
f--13-_jpg.rf.cJqcifB8EWCjf5WsEBKA.jpg,563,537,Microplastic,380,452,421,487
f--13-_jpg.rf.cJqcifB8EWCjf5WsEBKA.jpg,563,537,Microplastic,177,522,255,536
f--156-_jpg.rf.NNhAfWel2pyySHkXARyT.jpg,563,537,Microplastic,157,0,218,48
f--156-_jpg.rf.NNhAfWel2pyySHkXARyT.jpg,563,537,Microplastic,312,0,366,23
f--156-_jpg.rf.NNhAfWel2pyySHkXARyT.jpg,563,537,Microplastic,357,34,390,65
f--156-_jpg.rf.NNhAfWel2pyySHkXARyT.jpg,563,537,Microplastic,462,247,500,294
f--156-_jpg.rf.NNhAfWel2pyySHkXARyT.jpg,563,537,Microplastic,422,377,452,407
f--156-_jpg.rf.NNhAfWel2pyySHkXARyT.jpg,563,537,Microplastic,0,465,36,512
f--156-_jpg.rf.NNhAfWel2pyySHkXARyT.jpg,563,537,Microplastic,304,489,350,536
f--156-_jpg.rf.NNhAfWel2pyySHkXARyT.jpg,563,537,Microplastic,217,524,254,536
f--156-_jpg.rf.NNhAfWel2pyySHkXARyT.jpg,563,537,Microplastic,2,0,48,16
c--2-_jpg.rf.kmZSIUMX7JHWsadB2csX.jpg,563,537,Microplastic,31,0,68,6
c--2-_jpg.rf.kmZSIUMX7JHWsadB2csX.jpg,563,537,Microplastic,0,4,14,15
c--2-_jpg.rf.kmZSIUMX7JHWsadB2csX.jpg,563,537,Microplastic,449,43,460,59
c--2-_jpg.rf.kmZSIUMX7JHWsadB2csX.jpg,563,537,Microplastic,177,44,225,74
c--2-_jpg.rf.kmZSIUMX7JHWsadB2csX.jpg,563,537,Microplastic,394,89,417,108
c--2-_jpg.rf.kmZSIUMX7JHWsadB2csX.jpg,563,537,Microplastic,468,126,496,159
c--2-_jpg.rf.kmZSIUMX7JHWsadB2csX.jpg,563,537,Microplastic,335,148,349,160
c--2-_jpg.rf.kmZSIUMX7JHWsadB2csX.jpg,563,537,Microplastic,187,165,237,240
c--2-_jpg.rf.kmZSIUMX7JHWsadB2csX.jpg,563,537,Microplastic,508,253,526,285
c--2-_jpg.rf.kmZSIUMX7JHWsadB2csX.jpg,563,537,Microplastic,493,317,507,333
c--2-_jpg.rf.kmZSIUMX7JHWsadB2csX.jpg,563,537,Microplastic,432,365,494,413
c--2-_jpg.rf.kmZSIUMX7JHWsadB2csX.jpg,563,537,Microplastic,366,500,405,536
c--9-_jpg.rf.fnTZyNzCLMeT5mHIdCC3.jpg,563,537,Microplastic,306,0,356,17
c--9-_jpg.rf.fnTZyNzCLMeT5mHIdCC3.jpg,563,537,Microplastic,96,69,129,97
c--9-_jpg.rf.fnTZyNzCLMeT5mHIdCC3.jpg,563,537,Microplastic,455,155,485,203
c--9-_jpg.rf.fnTZyNzCLMeT5mHIdCC3.jpg,563,537,Microplastic,326,169,363,211
c--9-_jpg.rf.fnTZyNzCLMeT5mHIdCC3.jpg,563,537,Microplastic,57,215,117,257
c--9-_jpg.rf.fnTZyNzCLMeT5mHIdCC3.jpg,563,537,Microplastic,205,237,228,269
c--9-_jpg.rf.fnTZyNzCLMeT5mHIdCC3.jpg,563,537,Microplastic,483,267,503,285
c--9-_jpg.rf.fnTZyNzCLMeT5mHIdCC3.jpg,563,537,Microplastic,103,279,127,299
c--9-_jpg.rf.fnTZyNzCLMeT5mHIdCC3.jpg,563,537,Microplastic,437,365,455,398
c--9-_jpg.rf.fnTZyNzCLMeT5mHIdCC3.jpg,563,537,Microplastic,188,480,211,503
Screenshot 2026-04-16 at 4-47-43 PM_png.rf.iq0SFfizec32LF2wubF5.png,1534,880,Microplastic,639,92,1052,568
Screenshot 2026-04-16 at 4-47-43 PM_png.rf.iq0SFfizec32LF2wubF5.png,1534,880,Microplastic,311,25,347,56
Screenshot 2026-04-16 at 4-47-43 PM_png.rf.iq0SFfizec32LF2wubF5.png,1534,880,Microplastic,633,806,662,832
d--66-_jpg.rf.0dFPGQtn7u5T3JiqeZZS.jpg,563,537,Microplastic,0,0,79,43
d--66-_jpg.rf.0dFPGQtn7u5T3JiqeZZS.jpg,563,537,Microplastic,109,188,239,307
d--66-_jpg.rf.0dFPGQtn7u5T3JiqeZZS.jpg,563,537,Microplastic,455,232,562,378
d--66-_jpg.rf.0dFPGQtn7u5T3JiqeZZS.jpg,563,537,Microplastic,43,478,162,536
f--117-_jpg.rf.AasiINEocKfzuWCBCvEa.jpg,563,537,Microplastic,215,0,249,10
f--117-_jpg.rf.AasiINEocKfzuWCBCvEa.jpg,563,537,Microplastic,135,0,181,27
f--117-_jpg.rf.AasiINEocKfzuWCBCvEa.jpg,563,537,Microplastic,314,14,341,43
f--117-_jpg.rf.AasiINEocKfzuWCBCvEa.jpg,563,537,Microplastic,384,94,437,141
f--117-_jpg.rf.AasiINEocKfzuWCBCvEa.jpg,563,537,Microplastic,77,140,123,194
f--117-_jpg.rf.AasiINEocKfzuWCBCvEa.jpg,563,537,Microplastic,214,169,252,220
f--117-_jpg.rf.AasiINEocKfzuWCBCvEa.jpg,563,537,Microplastic,409,374,465,442
f--117-_jpg.rf.AasiINEocKfzuWCBCvEa.jpg,563,537,Microplastic,169,494,199,536
f--174-_jpg.rf.ak6nDV2JK59m7Q8lckF0.jpg,563,537,Microplastic,449,145,487,193
f--174-_jpg.rf.ak6nDV2JK59m7Q8lckF0.jpg,563,537,Microplastic,280,204,326,252
f--174-_jpg.rf.ak6nDV2JK59m7Q8lckF0.jpg,563,537,Microplastic,109,257,152,300
f--174-_jpg.rf.ak6nDV2JK59m7Q8lckF0.jpg,563,537,Microplastic,375,437,425,476
f--174-_jpg.rf.ak6nDV2JK59m7Q8lckF0.jpg,563,537,Microplastic,24,507,91,536
f--173-_jpg.rf.4EKhmeyPnxcw8lIs3S2A.jpg,563,537,Microplastic,362,20,385,45
f--173-_jpg.rf.4EKhmeyPnxcw8lIs3S2A.jpg,563,537,Microplastic,452,240,498,311
f--173-_jpg.rf.4EKhmeyPnxcw8lIs3S2A.jpg,563,537,Microplastic,294,302,343,366
f--173-_jpg.rf.4EKhmeyPnxcw8lIs3S2A.jpg,563,537,Microplastic,189,377,227,412
f--173-_jpg.rf.4EKhmeyPnxcw8lIs3S2A.jpg,563,537,Microplastic,0,490,28,536
c--7-_jpg.rf.pDfaF6WbJr2F1c23M8QD.jpg,563,537,Microplastic,0,0,34,27
c--7-_jpg.rf.pDfaF6WbJr2F1c23M8QD.jpg,563,537,Microplastic,402,23,447,75
c--7-_jpg.rf.pDfaF6WbJr2F1c23M8QD.jpg,563,537,Microplastic,344,122,361,144
c--7-_jpg.rf.pDfaF6WbJr2F1c23M8QD.jpg,563,537,Microplastic,483,139,517,172
c--7-_jpg.rf.pDfaF6WbJr2F1c23M8QD.jpg,563,537,Microplastic,328,169,350,184
c--7-_jpg.rf.pDfaF6WbJr2F1c23M8QD.jpg,563,537,Microplastic,404,249,426,279
c--7-_jpg.rf.pDfaF6WbJr2F1c23M8QD.jpg,563,537,Microplastic,111,307,126,319
c--7-_jpg.rf.pDfaF6WbJr2F1c23M8QD.jpg,563,537,Microplastic,148,308,193,338
c--7-_jpg.rf.pDfaF6WbJr2F1c23M8QD.jpg,563,537,Microplastic,131,378,152,396
c--7-_jpg.rf.pDfaF6WbJr2F1c23M8QD.jpg,563,537,Microplastic,0,395,23,423
c--7-_jpg.rf.pDfaF6WbJr2F1c23M8QD.jpg,563,537,Microplastic,359,413,374,432
c--7-_jpg.rf.pDfaF6WbJr2F1c23M8QD.jpg,563,537,Microplastic,418,454,455,484
c--7-_jpg.rf.pDfaF6WbJr2F1c23M8QD.jpg,563,537,Microplastic,365,484,392,518
c--7-_jpg.rf.pDfaF6WbJr2F1c23M8QD.jpg,563,537,Microplastic,243,469,335,536
f--164-_jpg.rf.ASPR7dxJmpq2FPNHOTDJ.jpg,563,537,Microplastic,419,100,492,161
f--164-_jpg.rf.ASPR7dxJmpq2FPNHOTDJ.jpg,563,537,Microplastic,229,289,260,317
f--164-_jpg.rf.ASPR7dxJmpq2FPNHOTDJ.jpg,563,537,Microplastic,40,314,109,372
f--164-_jpg.rf.ASPR7dxJmpq2FPNHOTDJ.jpg,563,537,Microplastic,422,415,458,449
f--164-_jpg.rf.ASPR7dxJmpq2FPNHOTDJ.jpg,563,537,Microplastic,0,420,69,513
f--164-_jpg.rf.ASPR7dxJmpq2FPNHOTDJ.jpg,563,537,Microplastic,89,525,123,536
f--161-_jpg.rf.bmcUS8XehpGQKsNbGP1d.jpg,563,537,Microplastic,369,0,429,52
f--167-_jpg.rf.VAOvYvXOL6px3E3z5U5V.jpg,563,537,Microplastic,209,0,267,52
f--167-_jpg.rf.VAOvYvXOL6px3E3z5U5V.jpg,563,537,Microplastic,4,220,48,253
f--167-_jpg.rf.VAOvYvXOL6px3E3z5U5V.jpg,563,537,Microplastic,262,245,317,297
f--167-_jpg.rf.VAOvYvXOL6px3E3z5U5V.jpg,563,537,Microplastic,145,289,172,326
f--167-_jpg.rf.VAOvYvXOL6px3E3z5U5V.jpg,563,537,Microplastic,20,514,59,536
f--167-_jpg.rf.VAOvYvXOL6px3E3z5U5V.jpg,563,537,Microplastic,152,510,192,536
f--176-_jpg.rf.b9X5mbA58yJN2Uq0W0I4.jpg,563,537,Microplastic,479,61,497,77
f--176-_jpg.rf.b9X5mbA58yJN2Uq0W0I4.jpg,563,537,Microplastic,400,90,481,166
f--176-_jpg.rf.b9X5mbA58yJN2Uq0W0I4.jpg,563,537,Microplastic,187,170,244,257
f--176-_jpg.rf.b9X5mbA58yJN2Uq0W0I4.jpg,563,537,Microplastic,469,240,529,301
f--176-_jpg.rf.b9X5mbA58yJN2Uq0W0I4.jpg,563,537,Microplastic,458,474,486,499
f--176-_jpg.rf.b9X5mbA58yJN2Uq0W0I4.jpg,563,537,Microplastic,333,483,376,519
f--176-_jpg.rf.b9X5mbA58yJN2Uq0W0I4.jpg,563,537,Microplastic,187,512,239,536
c--25-_jpg.rf.dS8AjliEwCxvNEqNuAYs.jpg,563,537,Microplastic,0,0,38,32
c--25-_jpg.rf.dS8AjliEwCxvNEqNuAYs.jpg,563,537,Microplastic,492,139,521,171
c--25-_jpg.rf.dS8AjliEwCxvNEqNuAYs.jpg,563,537,Microplastic,331,360,380,401
c--25-_jpg.rf.dS8AjliEwCxvNEqNuAYs.jpg,563,537,Microplastic,488,355,523,411
c--25-_jpg.rf.dS8AjliEwCxvNEqNuAYs.jpg,563,537,Microplastic,66,528,122,536
c--196-_jpg.rf.payqTVysjdWL8tBezOog.jpg,563,537,Microplastic,397,35,425,64
c--196-_jpg.rf.payqTVysjdWL8tBezOog.jpg,563,537,Microplastic,88,150,138,189
c--196-_jpg.rf.payqTVysjdWL8tBezOog.jpg,563,537,Microplastic,540,168,562,188
c--196-_jpg.rf.payqTVysjdWL8tBezOog.jpg,563,537,Microplastic,256,315,285,358
c--29-_jpg.rf.nNh4QYjTn6NZdMuMM06b.jpg,563,537,Microplastic,401,2,418,20
c--29-_jpg.rf.nNh4QYjTn6NZdMuMM06b.jpg,563,537,Microplastic,135,120,164,150
c--29-_jpg.rf.nNh4QYjTn6NZdMuMM06b.jpg,563,537,Microplastic,472,125,507,157
c--29-_jpg.rf.nNh4QYjTn6NZdMuMM06b.jpg,563,537,Microplastic,409,142,429,166
c--29-_jpg.rf.nNh4QYjTn6NZdMuMM06b.jpg,563,537,Microplastic,383,152,415,178
c--29-_jpg.rf.nNh4QYjTn6NZdMuMM06b.jpg,563,537,Microplastic,358,163,372,180
c--29-_jpg.rf.nNh4QYjTn6NZdMuMM06b.jpg,563,537,Microplastic,481,167,514,201
c--29-_jpg.rf.nNh4QYjTn6NZdMuMM06b.jpg,563,537,Microplastic,233,194,261,229
c--29-_jpg.rf.nNh4QYjTn6NZdMuMM06b.jpg,563,537,Microplastic,0,323,15,392
c--29-_jpg.rf.nNh4QYjTn6NZdMuMM06b.jpg,563,537,Microplastic,450,401,482,440
c--29-_jpg.rf.nNh4QYjTn6NZdMuMM06b.jpg,563,537,Microplastic,145,440,184,471
c--29-_jpg.rf.nNh4QYjTn6NZdMuMM06b.jpg,563,537,Microplastic,455,453,480,471
c--29-_jpg.rf.nNh4QYjTn6NZdMuMM06b.jpg,563,537,Microplastic,385,481,403,506
c--29-_jpg.rf.nNh4QYjTn6NZdMuMM06b.jpg,563,537,Microplastic,413,497,436,513
c--29-_jpg.rf.nNh4QYjTn6NZdMuMM06b.jpg,563,537,Microplastic,236,498,259,519
c--29-_jpg.rf.nNh4QYjTn6NZdMuMM06b.jpg,563,537,Microplastic,290,510,371,536
c--35-_jpg.rf.X9Q0UP7PootOxtoosH1L.jpg,563,537,Microplastic,390,0,403,19
c--35-_jpg.rf.X9Q0UP7PootOxtoosH1L.jpg,563,537,Microplastic,136,50,154,78
c--35-_jpg.rf.X9Q0UP7PootOxtoosH1L.jpg,563,537,Microplastic,95,155,109,180
c--35-_jpg.rf.X9Q0UP7PootOxtoosH1L.jpg,563,537,Microplastic,247,282,267,306
c--35-_jpg.rf.X9Q0UP7PootOxtoosH1L.jpg,563,537,Microplastic,486,319,511,352
c--35-_jpg.rf.X9Q0UP7PootOxtoosH1L.jpg,563,537,Microplastic,0,393,16,425
c--35-_jpg.rf.X9Q0UP7PootOxtoosH1L.jpg,563,537,Microplastic,396,419,459,483
c--35-_jpg.rf.X9Q0UP7PootOxtoosH1L.jpg,563,537,Microplastic,307,505,348,536
c--3-_jpg.rf.yVGzz2Lg0PFC3TD3dHwS.jpg,563,537,Microplastic,381,37,437,120
c--3-_jpg.rf.yVGzz2Lg0PFC3TD3dHwS.jpg,563,537,Microplastic,143,80,171,107
c--3-_jpg.rf.yVGzz2Lg0PFC3TD3dHwS.jpg,563,537,Microplastic,256,157,287,177
c--3-_jpg.rf.yVGzz2Lg0PFC3TD3dHwS.jpg,563,537,Microplastic,206,245,228,267
c--3-_jpg.rf.yVGzz2Lg0PFC3TD3dHwS.jpg,563,537,Microplastic,296,297,337,351
c--3-_jpg.rf.yVGzz2Lg0PFC3TD3dHwS.jpg,563,537,Microplastic,380,333,422,376
c--3-_jpg.rf.yVGzz2Lg0PFC3TD3dHwS.jpg,563,537,Microplastic,447,379,496,416
c--3-_jpg.rf.yVGzz2Lg0PFC3TD3dHwS.jpg,563,537,Microplastic,0,500,13,536
c--3-_jpg.rf.yVGzz2Lg0PFC3TD3dHwS.jpg,563,537,Microplastic,291,505,338,536
c--28-_jpg.rf.ZYpry68hvVC3zjWo0zIV.jpg,563,537,Microplastic,0,0,18,42
c--28-_jpg.rf.ZYpry68hvVC3zjWo0zIV.jpg,563,537,Microplastic,443,77,477,103
c--28-_jpg.rf.ZYpry68hvVC3zjWo0zIV.jpg,563,537,Microplastic,478,127,514,158
c--28-_jpg.rf.ZYpry68hvVC3zjWo0zIV.jpg,563,537,Microplastic,320,155,339,175
c--28-_jpg.rf.ZYpry68hvVC3zjWo0zIV.jpg,563,537,Microplastic,360,160,381,177
c--28-_jpg.rf.ZYpry68hvVC3zjWo0zIV.jpg,563,537,Microplastic,196,158,220,185
c--28-_jpg.rf.ZYpry68hvVC3zjWo0zIV.jpg,563,537,Microplastic,481,159,518,202
c--28-_jpg.rf.ZYpry68hvVC3zjWo0zIV.jpg,563,537,Microplastic,208,220,249,264
c--28-_jpg.rf.ZYpry68hvVC3zjWo0zIV.jpg,563,537,Microplastic,280,332,316,383
c--28-_jpg.rf.ZYpry68hvVC3zjWo0zIV.jpg,563,537,Microplastic,36,511,58,536
c--28-_jpg.rf.ZYpry68hvVC3zjWo0zIV.jpg,563,537,Microplastic,55,520,97,536
c--189-_jpg.rf.pmj17F2Oh3ZLnYvcRhKn.jpg,563,537,Microplastic,360,55,416,109
c--189-_jpg.rf.pmj17F2Oh3ZLnYvcRhKn.jpg,563,537,Microplastic,252,140,271,160
c--189-_jpg.rf.pmj17F2Oh3ZLnYvcRhKn.jpg,563,537,Microplastic,480,153,507,180
c--189-_jpg.rf.pmj17F2Oh3ZLnYvcRhKn.jpg,563,537,Microplastic,370,469,428,524
c--189-_jpg.rf.pmj17F2Oh3ZLnYvcRhKn.jpg,563,537,Microplastic,226,495,268,526
d--25-_jpg.rf.fNYah1BUME2AhspUgOF4.jpg,563,537,Microplastic,81,155,181,276
d--25-_jpg.rf.fNYah1BUME2AhspUgOF4.jpg,563,537,Microplastic,212,324,323,446
d--25-_jpg.rf.fNYah1BUME2AhspUgOF4.jpg,563,537,Microplastic,26,355,153,494
f--16-_jpg.rf.dM4AF7EpCtB72Jfc1OXI.jpg,563,537,Microplastic,184,219,230,255
f--16-_jpg.rf.dM4AF7EpCtB72Jfc1OXI.jpg,563,537,Microplastic,514,240,562,293
f--16-_jpg.rf.dM4AF7EpCtB72Jfc1OXI.jpg,563,537,Microplastic,282,335,345,380
f--16-_jpg.rf.dM4AF7EpCtB72Jfc1OXI.jpg,563,537,Microplastic,455,387,502,458
f--157-_jpg.rf.cViFQuXZxqYdNofnu7uB.jpg,563,537,Microplastic,397,47,492,170
f--157-_jpg.rf.cViFQuXZxqYdNofnu7uB.jpg,563,537,Microplastic,0,457,39,530
f--157-_jpg.rf.cViFQuXZxqYdNofnu7uB.jpg,563,537,Microplastic,320,499,376,536
f--157-_jpg.rf.cViFQuXZxqYdNofnu7uB.jpg,563,537,Microplastic,190,0,263,22
c--33-_jpg.rf.gVJ8mnneGY5JDLb4cIza.jpg,563,537,Microplastic,92,25,130,56
c--33-_jpg.rf.gVJ8mnneGY5JDLb4cIza.jpg,563,537,Microplastic,466,138,490,162
c--33-_jpg.rf.gVJ8mnneGY5JDLb4cIza.jpg,563,537,Microplastic,472,204,500,243
c--33-_jpg.rf.gVJ8mnneGY5JDLb4cIza.jpg,563,537,Microplastic,500,258,522,282
c--33-_jpg.rf.gVJ8mnneGY5JDLb4cIza.jpg,563,537,Microplastic,476,293,512,335
c--33-_jpg.rf.gVJ8mnneGY5JDLb4cIza.jpg,563,537,Microplastic,456,357,491,398
c--33-_jpg.rf.gVJ8mnneGY5JDLb4cIza.jpg,563,537,Microplastic,408,435,443,472
c--54-_jpg.rf.3jIKiV9CBDQqVWzCDxXH.jpg,563,537,Microplastic,143,32,222,96
c--54-_jpg.rf.3jIKiV9CBDQqVWzCDxXH.jpg,563,537,Microplastic,282,199,356,251
c--54-_jpg.rf.3jIKiV9CBDQqVWzCDxXH.jpg,563,537,Microplastic,268,318,325,364
c--54-_jpg.rf.3jIKiV9CBDQqVWzCDxXH.jpg,563,537,Microplastic,406,435,463,498
f--179-_jpg.rf.edKoUunUyNausLvk3bXZ.jpg,563,537,Microplastic,409,54,441,88
f--179-_jpg.rf.edKoUunUyNausLvk3bXZ.jpg,563,537,Microplastic,64,192,102,224
f--179-_jpg.rf.edKoUunUyNausLvk3bXZ.jpg,563,537,Microplastic,43,219,74,254
f--179-_jpg.rf.edKoUunUyNausLvk3bXZ.jpg,563,537,Microplastic,469,307,515,360
f--179-_jpg.rf.edKoUunUyNausLvk3bXZ.jpg,563,537,Microplastic,282,344,357,426
f--179-_jpg.rf.edKoUunUyNausLvk3bXZ.jpg,563,537,Microplastic,215,414,244,441
c--19-_jpg.rf.wlMFWkXzKsGlS5J1S1Lz.jpg,563,537,Microplastic,392,42,444,96
c--19-_jpg.rf.wlMFWkXzKsGlS5J1S1Lz.jpg,563,537,Microplastic,311,185,359,223
c--19-_jpg.rf.wlMFWkXzKsGlS5J1S1Lz.jpg,563,537,Microplastic,326,277,358,292
c--19-_jpg.rf.wlMFWkXzKsGlS5J1S1Lz.jpg,563,537,Microplastic,471,387,501,415
c--19-_jpg.rf.wlMFWkXzKsGlS5J1S1Lz.jpg,563,537,Microplastic,291,403,329,443
c--19-_jpg.rf.wlMFWkXzKsGlS5J1S1Lz.jpg,563,537,Microplastic,0,475,49,521
c--19-_jpg.rf.wlMFWkXzKsGlS5J1S1Lz.jpg,563,537,Microplastic,373,482,427,526
c--19-_jpg.rf.wlMFWkXzKsGlS5J1S1Lz.jpg,563,537,Microplastic,77,485,139,536
f--160-_jpg.rf.VhJzgo1JYk9sANFVYNLA.jpg,563,537,Microplastic,400,84,446,134
f--160-_jpg.rf.VhJzgo1JYk9sANFVYNLA.jpg,563,537,Microplastic,141,135,198,213
f--160-_jpg.rf.VhJzgo1JYk9sANFVYNLA.jpg,563,537,Microplastic,444,167,493,227
f--160-_jpg.rf.VhJzgo1JYk9sANFVYNLA.jpg,563,537,Microplastic,134,302,191,342
c--44-_jpg.rf.3x8xitGxHjrF7p9wzB7p.jpg,563,537,Microplastic,0,5,24,90
c--44-_jpg.rf.3x8xitGxHjrF7p9wzB7p.jpg,563,537,Microplastic,66,74,99,108
c--44-_jpg.rf.3x8xitGxHjrF7p9wzB7p.jpg,563,537,Microplastic,477,128,536,170
c--44-_jpg.rf.3x8xitGxHjrF7p9wzB7p.jpg,563,537,Microplastic,356,149,377,172
c--44-_jpg.rf.3x8xitGxHjrF7p9wzB7p.jpg,563,537,Microplastic,204,187,242,224
c--44-_jpg.rf.3x8xitGxHjrF7p9wzB7p.jpg,563,537,Microplastic,316,195,342,225
c--44-_jpg.rf.3x8xitGxHjrF7p9wzB7p.jpg,563,537,Microplastic,532,208,551,230
c--44-_jpg.rf.3x8xitGxHjrF7p9wzB7p.jpg,563,537,Microplastic,499,237,561,296
c--44-_jpg.rf.3x8xitGxHjrF7p9wzB7p.jpg,563,537,Microplastic,124,270,167,312
c--44-_jpg.rf.3x8xitGxHjrF7p9wzB7p.jpg,563,537,Microplastic,0,357,71,403
c--44-_jpg.rf.3x8xitGxHjrF7p9wzB7p.jpg,563,537,Microplastic,431,379,517,480
c--44-_jpg.rf.3x8xitGxHjrF7p9wzB7p.jpg,563,537,Microplastic,394,416,438,450
c--44-_jpg.rf.3x8xitGxHjrF7p9wzB7p.jpg,563,537,Microplastic,257,429,286,462
c--44-_jpg.rf.3x8xitGxHjrF7p9wzB7p.jpg,563,537,Microplastic,35,436,55,456
c--44-_jpg.rf.3x8xitGxHjrF7p9wzB7p.jpg,563,537,Microplastic,2,509,46,536
f--139-_jpg.rf.ssSPZWnIFMRnMMHbeCZb.jpg,563,537,Microplastic,419,167,475,211
f--139-_jpg.rf.ssSPZWnIFMRnMMHbeCZb.jpg,563,537,Microplastic,182,259,231,307
f--139-_jpg.rf.ssSPZWnIFMRnMMHbeCZb.jpg,563,537,Microplastic,425,285,495,384
f--139-_jpg.rf.ssSPZWnIFMRnMMHbeCZb.jpg,563,537,Microplastic,95,382,158,450
f--139-_jpg.rf.ssSPZWnIFMRnMMHbeCZb.jpg,563,537,Microplastic,410,417,442,467
f--139-_jpg.rf.ssSPZWnIFMRnMMHbeCZb.jpg,563,537,Microplastic,0,447,22,508
f--139-_jpg.rf.ssSPZWnIFMRnMMHbeCZb.jpg,563,537,Microplastic,269,459,305,499
f--140-_jpg.rf.bnCcFiLw4YxT7BCHjx9X.jpg,563,537,Microplastic,424,70,461,140
f--140-_jpg.rf.bnCcFiLw4YxT7BCHjx9X.jpg,563,537,Microplastic,320,122,369,174
f--140-_jpg.rf.bnCcFiLw4YxT7BCHjx9X.jpg,563,537,Microplastic,215,272,272,304
f--140-_jpg.rf.bnCcFiLw4YxT7BCHjx9X.jpg,563,537,Microplastic,47,497,95,536
f--18-_jpg.rf.kz0gEHUHPvYFENJiGLJw.jpg,563,537,Microplastic,515,189,562,249
f--18-_jpg.rf.kz0gEHUHPvYFENJiGLJw.jpg,563,537,Microplastic,520,347,562,415
f--18-_jpg.rf.kz0gEHUHPvYFENJiGLJw.jpg,563,537,Microplastic,77,419,144,490
c--49-_jpg.rf.CD7EdJu2tYuZdXY0eFFh.jpg,563,537,Microplastic,17,0,86,45
c--49-_jpg.rf.CD7EdJu2tYuZdXY0eFFh.jpg,563,537,Microplastic,337,208,357,228
c--49-_jpg.rf.CD7EdJu2tYuZdXY0eFFh.jpg,563,537,Microplastic,521,198,562,251
c--49-_jpg.rf.CD7EdJu2tYuZdXY0eFFh.jpg,563,537,Microplastic,273,300,293,331
c--49-_jpg.rf.CD7EdJu2tYuZdXY0eFFh.jpg,563,537,Microplastic,72,322,119,360
c--49-_jpg.rf.CD7EdJu2tYuZdXY0eFFh.jpg,563,537,Microplastic,410,425,446,475
c--49-_jpg.rf.CD7EdJu2tYuZdXY0eFFh.jpg,563,537,Microplastic,460,473,491,511
c--49-_jpg.rf.CD7EdJu2tYuZdXY0eFFh.jpg,563,537,Microplastic,5,473,111,536
c--41-_jpg.rf.6IDET2rwcrjW4EpB3GWn.jpg,563,537,Microplastic,418,5,456,48
c--41-_jpg.rf.6IDET2rwcrjW4EpB3GWn.jpg,563,537,Microplastic,288,23,312,56
c--41-_jpg.rf.6IDET2rwcrjW4EpB3GWn.jpg,563,537,Microplastic,146,97,214,144
c--41-_jpg.rf.6IDET2rwcrjW4EpB3GWn.jpg,563,537,Microplastic,522,127,556,171
c--41-_jpg.rf.6IDET2rwcrjW4EpB3GWn.jpg,563,537,Microplastic,515,185,555,307
c--41-_jpg.rf.6IDET2rwcrjW4EpB3GWn.jpg,563,537,Microplastic,253,282,282,315
c--41-_jpg.rf.6IDET2rwcrjW4EpB3GWn.jpg,563,537,Microplastic,493,323,521,374
c--41-_jpg.rf.6IDET2rwcrjW4EpB3GWn.jpg,563,537,Microplastic,396,482,421,505
c--41-_jpg.rf.6IDET2rwcrjW4EpB3GWn.jpg,563,537,Microplastic,26,479,75,522
c--41-_jpg.rf.6IDET2rwcrjW4EpB3GWn.jpg,563,537,Microplastic,363,498,382,536
c--41-_jpg.rf.6IDET2rwcrjW4EpB3GWn.jpg,563,537,Microplastic,311,522,340,536
c--188-_jpg.rf.qkA4Uehj0NxoBiuTqUUZ.jpg,563,537,Microplastic,271,15,305,46
c--188-_jpg.rf.qkA4Uehj0NxoBiuTqUUZ.jpg,563,537,Microplastic,348,265,402,308
c--188-_jpg.rf.qkA4Uehj0NxoBiuTqUUZ.jpg,563,537,Microplastic,146,279,181,317
c--188-_jpg.rf.qkA4Uehj0NxoBiuTqUUZ.jpg,563,537,Microplastic,477,302,542,367
c--50-_jpg.rf.8ahOPLDIpxj4ttzfmKjn.jpg,563,537,Microplastic,223,175,273,226
c--50-_jpg.rf.8ahOPLDIpxj4ttzfmKjn.jpg,563,537,Microplastic,511,275,542,325
c--50-_jpg.rf.8ahOPLDIpxj4ttzfmKjn.jpg,563,537,Microplastic,419,347,451,407
c--50-_jpg.rf.8ahOPLDIpxj4ttzfmKjn.jpg,563,537,Microplastic,476,444,508,464
c--50-_jpg.rf.8ahOPLDIpxj4ttzfmKjn.jpg,563,537,Microplastic,35,473,54,493
c--50-_jpg.rf.8ahOPLDIpxj4ttzfmKjn.jpg,563,537,Microplastic,30,495,58,533
f--151-_jpg.rf.ULiTnt7D0Sjh7gOa6JRO.jpg,563,537,Microplastic,412,65,454,103
f--151-_jpg.rf.ULiTnt7D0Sjh7gOa6JRO.jpg,563,537,Microplastic,424,106,459,149
f--151-_jpg.rf.ULiTnt7D0Sjh7gOa6JRO.jpg,563,537,Microplastic,422,242,517,325
f--151-_jpg.rf.ULiTnt7D0Sjh7gOa6JRO.jpg,563,537,Microplastic,322,460,397,525
d--67-_jpg.rf.8Q9GgZYO8CBDkvN0BqcP.jpg,563,537,Microplastic,459,0,562,102
d--67-_jpg.rf.8Q9GgZYO8CBDkvN0BqcP.jpg,563,537,Microplastic,430,230,562,375
d--67-_jpg.rf.8Q9GgZYO8CBDkvN0BqcP.jpg,563,537,Microplastic,266,449,422,536
d--67-_jpg.rf.8Q9GgZYO8CBDkvN0BqcP.jpg,563,537,Microplastic,0,346,49,458
d--56-_jpg.rf.1uLQABIbaiX45UoFQbCg.jpg,563,537,Microplastic,0,0,162,208
d--56-_jpg.rf.1uLQABIbaiX45UoFQbCg.jpg,563,537,Microplastic,343,25,453,159
d--56-_jpg.rf.1uLQABIbaiX45UoFQbCg.jpg,563,537,Microplastic,379,248,507,347
d--56-_jpg.rf.1uLQABIbaiX45UoFQbCg.jpg,563,537,Microplastic,435,372,539,448
d--56-_jpg.rf.1uLQABIbaiX45UoFQbCg.jpg,563,537,Microplastic,337,416,443,504
Screenshot 2026-04-16 at 4-38-29 PM_png.rf.sZY1j9hA4MA1dxbmK4hy.png,1508,844,Microplastic,150,252,182,285
Screenshot 2026-04-16 at 4-38-29 PM_png.rf.sZY1j9hA4MA1dxbmK4hy.png,1508,844,Microplastic,525,38,563,71
Screenshot 2026-04-16 at 4-38-29 PM_png.rf.sZY1j9hA4MA1dxbmK4hy.png,1508,844,Microplastic,913,265,966,309
Screenshot 2026-04-16 at 4-38-29 PM_png.rf.sZY1j9hA4MA1dxbmK4hy.png,1508,844,Microplastic,477,91,510,123
Screenshot 2026-04-16 at 4-38-29 PM_png.rf.sZY1j9hA4MA1dxbmK4hy.png,1508,844,Microplastic,459,298,520,366
Screenshot 2026-04-16 at 4-38-29 PM_png.rf.sZY1j9hA4MA1dxbmK4hy.png,1508,844,Microplastic,497,448,523,474
Screenshot 2026-04-16 at 4-38-29 PM_png.rf.sZY1j9hA4MA1dxbmK4hy.png,1508,844,Microplastic,1450,4,1506,47
Screenshot 2026-04-16 at 4-38-29 PM_png.rf.sZY1j9hA4MA1dxbmK4hy.png,1508,844,Microplastic,486,277,514,306
Screenshot 2026-04-16 at 4-38-29 PM_png.rf.sZY1j9hA4MA1dxbmK4hy.png,1508,844,Microplastic,760,495,792,530
Screenshot 2026-04-16 at 4-38-29 PM_png.rf.sZY1j9hA4MA1dxbmK4hy.png,1508,844,Microplastic,38,633,60,654
Screenshot 2026-04-16 at 4-38-29 PM_png.rf.sZY1j9hA4MA1dxbmK4hy.png,1508,844,Microplastic,1419,13,1508,145
Screenshot 2026-04-16 at 4-37-18 PM_png.rf.rdo9pcMIAMIS7DQuHqkD.png,1586,862,Microplastic,1198,328,1317,414
Screenshot 2026-04-16 at 4-37-18 PM_png.rf.rdo9pcMIAMIS7DQuHqkD.png,1586,862,Microplastic,779,400,818,439
Screenshot 2026-04-16 at 4-37-18 PM_png.rf.rdo9pcMIAMIS7DQuHqkD.png,1586,862,Microplastic,95,122,148,169
Screenshot 2026-04-16 at 4-37-18 PM_png.rf.rdo9pcMIAMIS7DQuHqkD.png,1586,862,Microplastic,515,18,587,66
Screenshot 2026-04-16 at 4-37-18 PM_png.rf.rdo9pcMIAMIS7DQuHqkD.png,1586,862,Microplastic,1349,635,1456,720
Screenshot 2026-04-16 at 4-37-18 PM_png.rf.rdo9pcMIAMIS7DQuHqkD.png,1586,862,Microplastic,1297,563,1347,620
Screenshot 2026-04-16 at 4-37-18 PM_png.rf.rdo9pcMIAMIS7DQuHqkD.png,1586,862,Microplastic,5,109,194,358
Screenshot 2026-04-16 at 4-37-18 PM_png.rf.rdo9pcMIAMIS7DQuHqkD.png,1586,862,Microplastic,821,691,841,711
Screenshot 2026-04-16 at 4-37-18 PM_png.rf.rdo9pcMIAMIS7DQuHqkD.png,1586,862,Microplastic,1063,186,1120,234
Screenshot 2026-04-16 at 4-37-18 PM_png.rf.rdo9pcMIAMIS7DQuHqkD.png,1586,862,Microplastic,777,457,835,504
Screenshot 2026-04-16 at 4-37-18 PM_png.rf.rdo9pcMIAMIS7DQuHqkD.png,1586,862,Microplastic,0,269,51,354
Screenshot 2026-04-16 at 4-37-18 PM_png.rf.rdo9pcMIAMIS7DQuHqkD.png,1586,862,Microplastic,1019,769,1040,791
Screenshot 2026-04-16 at 4-37-18 PM_png.rf.rdo9pcMIAMIS7DQuHqkD.png,1586,862,Microplastic,1522,595,1582,714
Screenshot 2026-04-16 at 4-37-18 PM_png.rf.rdo9pcMIAMIS7DQuHqkD.png,1586,862,Microplastic,822,253,855,288
Screenshot 2026-04-16 at 4-37-18 PM_png.rf.rdo9pcMIAMIS7DQuHqkD.png,1586,862,Microplastic,1415,591,1443,624
Screenshot 2026-04-16 at 4-37-18 PM_png.rf.rdo9pcMIAMIS7DQuHqkD.png,1586,862,Microplastic,695,784,719,807
Screenshot 2026-04-16 at 4-37-18 PM_png.rf.rdo9pcMIAMIS7DQuHqkD.png,1586,862,Microplastic,1454,532,1509,599
Screenshot 2026-04-16 at 4-37-18 PM_png.rf.rdo9pcMIAMIS7DQuHqkD.png,1586,862,Microplastic,952,801,972,820
Screenshot 2026-04-16 at 4-37-18 PM_png.rf.rdo9pcMIAMIS7DQuHqkD.png,1586,862,Microplastic,228,395,351,481
f--29-_jpg.rf.p31BAnwk8T8uiH4KPh0p.jpg,563,537,Microplastic,185,209,207,240
f--29-_jpg.rf.p31BAnwk8T8uiH4KPh0p.jpg,563,537,Microplastic,407,280,474,339
f--29-_jpg.rf.p31BAnwk8T8uiH4KPh0p.jpg,563,537,Microplastic,309,409,387,479
f--177-_jpg.rf.kpItVKXQ1NniIHiy7p5M.jpg,563,537,Microplastic,359,0,395,33
f--177-_jpg.rf.kpItVKXQ1NniIHiy7p5M.jpg,563,537,Microplastic,127,136,153,164
f--177-_jpg.rf.kpItVKXQ1NniIHiy7p5M.jpg,563,537,Microplastic,462,217,506,263
f--177-_jpg.rf.kpItVKXQ1NniIHiy7p5M.jpg,563,537,Microplastic,420,342,469,412
f--177-_jpg.rf.kpItVKXQ1NniIHiy7p5M.jpg,563,537,Microplastic,362,430,421,484
f--175-_jpg.rf.hKorRzCIhTlqUXU4ZZZY.jpg,563,537,Microplastic,282,98,319,122
f--175-_jpg.rf.hKorRzCIhTlqUXU4ZZZY.jpg,563,537,Microplastic,201,212,252,270
f--175-_jpg.rf.hKorRzCIhTlqUXU4ZZZY.jpg,563,537,Microplastic,345,287,375,314
f--175-_jpg.rf.hKorRzCIhTlqUXU4ZZZY.jpg,563,537,Microplastic,315,480,349,524
f--175-_jpg.rf.hKorRzCIhTlqUXU4ZZZY.jpg,563,537,Microplastic,79,494,128,536
f--175-_jpg.rf.hKorRzCIhTlqUXU4ZZZY.jpg,563,537,Microplastic,249,504,329,536
f--143-_jpg.rf.mdNR6Q9Z3qLSr4JAvvno.jpg,563,537,Microplastic,370,119,493,237
f--143-_jpg.rf.mdNR6Q9Z3qLSr4JAvvno.jpg,563,537,Microplastic,2,495,80,536
f--162-_jpg.rf.sAJzXldHUUZQwezQdKkB.jpg,563,537,Microplastic,424,9,475,77
f--162-_jpg.rf.sAJzXldHUUZQwezQdKkB.jpg,563,537,Microplastic,74,109,108,161
f--162-_jpg.rf.sAJzXldHUUZQwezQdKkB.jpg,563,537,Microplastic,119,180,143,211
f--162-_jpg.rf.sAJzXldHUUZQwezQdKkB.jpg,563,537,Microplastic,259,262,298,303
f--162-_jpg.rf.sAJzXldHUUZQwezQdKkB.jpg,563,537,Microplastic,145,295,190,355
f--181-_jpg.rf.p90vErxCQVIKg2dJKY4J.jpg,563,537,Microplastic,332,0,387,37
f--181-_jpg.rf.p90vErxCQVIKg2dJKY4J.jpg,563,537,Microplastic,415,0,451,55
f--181-_jpg.rf.p90vErxCQVIKg2dJKY4J.jpg,563,537,Microplastic,62,200,115,248
f--181-_jpg.rf.p90vErxCQVIKg2dJKY4J.jpg,563,537,Microplastic,342,310,444,364
f--181-_jpg.rf.p90vErxCQVIKg2dJKY4J.jpg,563,537,Microplastic,77,354,117,406
f--181-_jpg.rf.p90vErxCQVIKg2dJKY4J.jpg,563,537,Microplastic,37,445,127,500
f--181-_jpg.rf.p90vErxCQVIKg2dJKY4J.jpg,563,537,Microplastic,182,474,290,536
f--26-_jpg.rf.59B4JHti3RZ7Smc0ZVmw.jpg,563,537,Microplastic,188,195,256,259
f--26-_jpg.rf.59B4JHti3RZ7Smc0ZVmw.jpg,563,537,Microplastic,482,299,550,390
f--26-_jpg.rf.59B4JHti3RZ7Smc0ZVmw.jpg,563,537,Microplastic,87,482,152,536
f--25-_jpg.rf.8qYzddndwZNmY8kWnGtr.jpg,563,537,Microplastic,0,227,27,289
f--25-_jpg.rf.8qYzddndwZNmY8kWnGtr.jpg,563,537,Microplastic,425,390,517,449
f--25-_jpg.rf.8qYzddndwZNmY8kWnGtr.jpg,563,537,Microplastic,147,467,202,536
c--57-_jpg.rf.6xWYanh9RcgewD0Yxyns.jpg,563,537,Microplastic,0,0,39,29
c--57-_jpg.rf.6xWYanh9RcgewD0Yxyns.jpg,563,537,Microplastic,506,159,530,187
c--57-_jpg.rf.6xWYanh9RcgewD0Yxyns.jpg,563,537,Microplastic,338,153,392,211
c--57-_jpg.rf.6xWYanh9RcgewD0Yxyns.jpg,563,537,Microplastic,523,195,541,216
c--57-_jpg.rf.6xWYanh9RcgewD0Yxyns.jpg,563,537,Microplastic,346,262,369,290
c--57-_jpg.rf.6xWYanh9RcgewD0Yxyns.jpg,563,537,Microplastic,33,285,78,323
c--57-_jpg.rf.6xWYanh9RcgewD0Yxyns.jpg,563,537,Microplastic,555,372,562,402
c--57-_jpg.rf.6xWYanh9RcgewD0Yxyns.jpg,563,537,Microplastic,426,407,445,427
c--57-_jpg.rf.6xWYanh9RcgewD0Yxyns.jpg,563,537,Microplastic,465,440,489,461
c--57-_jpg.rf.6xWYanh9RcgewD0Yxyns.jpg,563,537,Microplastic,488,439,511,472
c--57-_jpg.rf.6xWYanh9RcgewD0Yxyns.jpg,563,537,Microplastic,412,465,458,490
c--57-_jpg.rf.6xWYanh9RcgewD0Yxyns.jpg,563,537,Microplastic,411,490,431,507
c--57-_jpg.rf.6xWYanh9RcgewD0Yxyns.jpg,563,537,Microplastic,393,512,414,536
c--57-_jpg.rf.6xWYanh9RcgewD0Yxyns.jpg,563,537,Microplastic,326,523,365,536
c--23-_jpg.rf.sROJIfAesBONPPkG1eZm.jpg,563,537,Microplastic,230,0,253,32
c--23-_jpg.rf.sROJIfAesBONPPkG1eZm.jpg,563,537,Microplastic,425,0,471,84
c--23-_jpg.rf.sROJIfAesBONPPkG1eZm.jpg,563,537,Microplastic,458,103,522,149
c--23-_jpg.rf.sROJIfAesBONPPkG1eZm.jpg,563,537,Microplastic,369,183,417,220
c--23-_jpg.rf.sROJIfAesBONPPkG1eZm.jpg,563,537,Microplastic,438,377,507,418
c--5-_jpg.rf.5lGOkbbX5rik46suqrCH.jpg,563,537,Microplastic,197,20,221,43
c--5-_jpg.rf.5lGOkbbX5rik46suqrCH.jpg,563,537,Microplastic,118,225,141,240
c--5-_jpg.rf.5lGOkbbX5rik46suqrCH.jpg,563,537,Microplastic,16,283,67,328
c--5-_jpg.rf.5lGOkbbX5rik46suqrCH.jpg,563,537,Microplastic,467,357,506,415
c--5-_jpg.rf.5lGOkbbX5rik46suqrCH.jpg,563,537,Microplastic,87,423,172,479
c--5-_jpg.rf.5lGOkbbX5rik46suqrCH.jpg,563,537,Microplastic,393,469,429,494
c--37-_jpg.rf.GZQ0DQRJTJzBlCegeIXp.jpg,563,537,Microplastic,416,82,441,109
c--37-_jpg.rf.GZQ0DQRJTJzBlCegeIXp.jpg,563,537,Microplastic,68,150,94,178
c--37-_jpg.rf.GZQ0DQRJTJzBlCegeIXp.jpg,563,537,Microplastic,0,163,26,209
c--37-_jpg.rf.GZQ0DQRJTJzBlCegeIXp.jpg,563,537,Microplastic,37,230,84,292
c--37-_jpg.rf.GZQ0DQRJTJzBlCegeIXp.jpg,563,537,Microplastic,445,295,474,331
c--37-_jpg.rf.GZQ0DQRJTJzBlCegeIXp.jpg,563,537,Microplastic,475,320,517,339
c--37-_jpg.rf.GZQ0DQRJTJzBlCegeIXp.jpg,563,537,Microplastic,456,350,495,368
c--37-_jpg.rf.GZQ0DQRJTJzBlCegeIXp.jpg,563,537,Microplastic,448,424,472,455
c--40-_jpg.rf.EV5oF6vdJjiD9n4cUPDS.jpg,563,537,Microplastic,20,0,117,38
c--40-_jpg.rf.EV5oF6vdJjiD9n4cUPDS.jpg,563,537,Microplastic,526,35,558,70
c--40-_jpg.rf.EV5oF6vdJjiD9n4cUPDS.jpg,563,537,Microplastic,262,49,300,77
c--40-_jpg.rf.EV5oF6vdJjiD9n4cUPDS.jpg,563,537,Microplastic,448,103,497,152
c--40-_jpg.rf.EV5oF6vdJjiD9n4cUPDS.jpg,563,537,Microplastic,510,339,540,386
c--40-_jpg.rf.EV5oF6vdJjiD9n4cUPDS.jpg,563,537,Microplastic,0,459,21,511
c--51-_jpg.rf.OWgWmjEWXBsFF4XpuEE0.jpg,563,537,Microplastic,436,60,457,80
c--51-_jpg.rf.OWgWmjEWXBsFF4XpuEE0.jpg,563,537,Microplastic,115,109,144,132
c--51-_jpg.rf.OWgWmjEWXBsFF4XpuEE0.jpg,563,537,Microplastic,460,138,485,164
c--51-_jpg.rf.OWgWmjEWXBsFF4XpuEE0.jpg,563,537,Microplastic,459,157,514,183
c--51-_jpg.rf.OWgWmjEWXBsFF4XpuEE0.jpg,563,537,Microplastic,472,195,519,250
c--51-_jpg.rf.OWgWmjEWXBsFF4XpuEE0.jpg,563,537,Microplastic,331,230,355,254
c--51-_jpg.rf.OWgWmjEWXBsFF4XpuEE0.jpg,563,537,Microplastic,343,324,378,351
c--51-_jpg.rf.OWgWmjEWXBsFF4XpuEE0.jpg,563,537,Microplastic,0,350,31,405
c--51-_jpg.rf.OWgWmjEWXBsFF4XpuEE0.jpg,563,537,Microplastic,426,405,472,444
c--52-_jpg.rf.G6Q55KXmknrjm49m7k5D.jpg,563,537,Microplastic,346,2,391,45
c--52-_jpg.rf.G6Q55KXmknrjm49m7k5D.jpg,563,537,Microplastic,417,17,441,39
c--52-_jpg.rf.G6Q55KXmknrjm49m7k5D.jpg,563,537,Microplastic,98,39,146,68
c--52-_jpg.rf.G6Q55KXmknrjm49m7k5D.jpg,563,537,Microplastic,135,75,169,108
c--52-_jpg.rf.G6Q55KXmknrjm49m7k5D.jpg,563,537,Microplastic,0,119,40,182
c--52-_jpg.rf.G6Q55KXmknrjm49m7k5D.jpg,563,537,Microplastic,477,175,521,223
c--52-_jpg.rf.G6Q55KXmknrjm49m7k5D.jpg,563,537,Microplastic,500,253,531,294
c--52-_jpg.rf.G6Q55KXmknrjm49m7k5D.jpg,563,537,Microplastic,502,304,532,333
c--52-_jpg.rf.G6Q55KXmknrjm49m7k5D.jpg,563,537,Microplastic,2,317,62,380
c--52-_jpg.rf.G6Q55KXmknrjm49m7k5D.jpg,563,537,Microplastic,466,382,484,409
c--52-_jpg.rf.G6Q55KXmknrjm49m7k5D.jpg,563,537,Microplastic,472,410,490,433
c--36-_jpg.rf.Lkm0u2waylBtztGBOawT.jpg,563,537,Microplastic,46,14,70,39
c--36-_jpg.rf.Lkm0u2waylBtztGBOawT.jpg,563,537,Microplastic,210,112,241,144
c--36-_jpg.rf.Lkm0u2waylBtztGBOawT.jpg,563,537,Microplastic,373,172,388,187
c--36-_jpg.rf.Lkm0u2waylBtztGBOawT.jpg,563,537,Microplastic,509,179,543,213
c--36-_jpg.rf.Lkm0u2waylBtztGBOawT.jpg,563,537,Microplastic,372,237,391,256
c--36-_jpg.rf.Lkm0u2waylBtztGBOawT.jpg,563,537,Microplastic,368,338,396,370
c--36-_jpg.rf.Lkm0u2waylBtztGBOawT.jpg,563,537,Microplastic,195,355,226,395
c--36-_jpg.rf.Lkm0u2waylBtztGBOawT.jpg,563,537,Microplastic,238,389,289,421
c--36-_jpg.rf.Lkm0u2waylBtztGBOawT.jpg,563,537,Microplastic,443,426,509,492
c--36-_jpg.rf.Lkm0u2waylBtztGBOawT.jpg,563,537,Microplastic,21,487,44,508
c--36-_jpg.rf.Lkm0u2waylBtztGBOawT.jpg,563,537,Microplastic,0,501,22,525
Screenshot 2026-04-19 at 4-19-52 PM_png.rf.WR3zrHnWoGvZlvBU6Wdh.png,1482,818,Microplastic,550,596,613,655
Screenshot 2026-04-19 at 4-19-52 PM_png.rf.WR3zrHnWoGvZlvBU6Wdh.png,1482,818,Microplastic,756,0,795,32
Screenshot 2026-04-19 at 4-19-52 PM_png.rf.WR3zrHnWoGvZlvBU6Wdh.png,1482,818,Microplastic,823,782,851,812
Screenshot 2026-04-19 at 4-19-52 PM_png.rf.WR3zrHnWoGvZlvBU6Wdh.png,1482,818,Microplastic,379,318,411,350
Screenshot 2026-04-19 at 4-19-52 PM_png.rf.WR3zrHnWoGvZlvBU6Wdh.png,1482,818,Microplastic,979,285,1007,318
Screenshot 2026-04-19 at 4-19-52 PM_png.rf.WR3zrHnWoGvZlvBU6Wdh.png,1482,818,Microplastic,360,0,384,20
Screenshot 2026-04-19 at 4-19-52 PM_png.rf.WR3zrHnWoGvZlvBU6Wdh.png,1482,818,Microplastic,1202,572,1240,611
Screenshot 2026-04-19 at 4-19-52 PM_png.rf.WR3zrHnWoGvZlvBU6Wdh.png,1482,818,Microplastic,116,85,134,104
Screenshot 2026-04-19 at 4-19-52 PM_png.rf.WR3zrHnWoGvZlvBU6Wdh.png,1482,818,Microplastic,68,352,108,390
Screenshot 2026-04-19 at 4-19-52 PM_png.rf.WR3zrHnWoGvZlvBU6Wdh.png,1482,818,Microplastic,11,388,47,415
Screenshot 2026-04-19 at 4-19-52 PM_png.rf.WR3zrHnWoGvZlvBU6Wdh.png,1482,818,Microplastic,415,382,452,428
Screenshot 2026-04-19 at 4-19-52 PM_png.rf.WR3zrHnWoGvZlvBU6Wdh.png,1482,818,Microplastic,538,21,591,62
Screenshot 2026-04-19 at 4-19-52 PM_png.rf.WR3zrHnWoGvZlvBU6Wdh.png,1482,818,Microplastic,540,150,576,179
Screenshot 2026-04-19 at 4-19-52 PM_png.rf.WR3zrHnWoGvZlvBU6Wdh.png,1482,818,Microplastic,977,765,1001,788
Screenshot 2026-04-19 at 4-19-52 PM_png.rf.WR3zrHnWoGvZlvBU6Wdh.png,1482,818,Microplastic,394,507,419,531
Screenshot 2026-04-19 at 4-19-52 PM_png.rf.WR3zrHnWoGvZlvBU6Wdh.png,1482,818,Microplastic,722,379,749,406
f--149-_jpg.rf.74MNvk4wfY1scbhZZEFJ.jpg,563,537,Microplastic,0,40,13,69
f--149-_jpg.rf.74MNvk4wfY1scbhZZEFJ.jpg,563,537,Microplastic,290,106,308,122
f--149-_jpg.rf.74MNvk4wfY1scbhZZEFJ.jpg,563,537,Microplastic,463,148,521,189
f--149-_jpg.rf.74MNvk4wfY1scbhZZEFJ.jpg,563,537,Microplastic,173,410,196,429
f--149-_jpg.rf.74MNvk4wfY1scbhZZEFJ.jpg,563,537,Microplastic,448,391,512,452
f--149-_jpg.rf.74MNvk4wfY1scbhZZEFJ.jpg,563,537,Microplastic,0,422,20,480
f--149-_jpg.rf.74MNvk4wfY1scbhZZEFJ.jpg,563,537,Microplastic,335,450,406,525
f--149-_jpg.rf.74MNvk4wfY1scbhZZEFJ.jpg,563,537,Microplastic,35,522,63,536
f--149-_jpg.rf.74MNvk4wfY1scbhZZEFJ.jpg,563,537,Microplastic,221,513,271,536
f--149-_jpg.rf.74MNvk4wfY1scbhZZEFJ.jpg,563,537,Microplastic,162,517,213,536
d--70-_jpg.rf.3CaBxgf0Al2P9VBMXStJ.jpg,563,537,Microplastic,0,0,48,95
d--70-_jpg.rf.3CaBxgf0Al2P9VBMXStJ.jpg,563,537,Microplastic,278,0,395,71
d--70-_jpg.rf.3CaBxgf0Al2P9VBMXStJ.jpg,563,537,Microplastic,73,220,194,346
d--70-_jpg.rf.3CaBxgf0Al2P9VBMXStJ.jpg,563,537,Microplastic,380,153,484,242
d--70-_jpg.rf.3CaBxgf0Al2P9VBMXStJ.jpg,563,537,Microplastic,237,473,358,536
d--70-_jpg.rf.3CaBxgf0Al2P9VBMXStJ.jpg,563,537,Microplastic,487,151,529,246
d--52-_jpg.rf.79NQ8mOrP7nu0RNRaTPo.jpg,563,537,Microplastic,17,0,118,200
d--52-_jpg.rf.79NQ8mOrP7nu0RNRaTPo.jpg,563,537,Microplastic,343,141,562,331
d--52-_jpg.rf.79NQ8mOrP7nu0RNRaTPo.jpg,563,537,Microplastic,148,374,319,536
d--7-_jpg.rf.GuVNK5mamuJ4CIaExtJC.jpg,563,537,Microplastic,52,0,278,221
d--7-_jpg.rf.GuVNK5mamuJ4CIaExtJC.jpg,563,537,Microplastic,387,204,546,446
f--20-_jpg.rf.GOHMzVDRi7RxV6AOlz0z.jpg,563,537,Microplastic,475,198,508,252
f--20-_jpg.rf.GOHMzVDRi7RxV6AOlz0z.jpg,563,537,Microplastic,252,312,267,335
f--20-_jpg.rf.GOHMzVDRi7RxV6AOlz0z.jpg,563,537,Microplastic,186,342,207,356
f--20-_jpg.rf.GOHMzVDRi7RxV6AOlz0z.jpg,563,537,Microplastic,409,402,458,439
f--20-_jpg.rf.GOHMzVDRi7RxV6AOlz0z.jpg,563,537,Microplastic,373,481,405,507
f--153-_jpg.rf.xDuEdZPQ6ru9oxez0jmi.jpg,563,537,Microplastic,305,0,362,42
f--153-_jpg.rf.xDuEdZPQ6ru9oxez0jmi.jpg,563,537,Microplastic,382,110,462,214
f--153-_jpg.rf.xDuEdZPQ6ru9oxez0jmi.jpg,563,537,Microplastic,335,447,395,511
f--22-_jpg.rf.FGnm2QWOyB2kO5A2Y0nW.jpg,563,537,Microplastic,152,10,215,58
f--22-_jpg.rf.FGnm2QWOyB2kO5A2Y0nW.jpg,563,537,Microplastic,104,44,139,88
f--22-_jpg.rf.FGnm2QWOyB2kO5A2Y0nW.jpg,563,537,Microplastic,286,302,331,352
f--22-_jpg.rf.FGnm2QWOyB2kO5A2Y0nW.jpg,563,537,Microplastic,470,434,518,490
c--63-_jpg.rf.1LWBuMiek0vD9gCSHaaL.jpg,563,537,Microplastic,110,0,194,46
c--63-_jpg.rf.1LWBuMiek0vD9gCSHaaL.jpg,563,537,Microplastic,316,0,347,17
c--63-_jpg.rf.1LWBuMiek0vD9gCSHaaL.jpg,563,537,Microplastic,355,50,381,80
c--63-_jpg.rf.1LWBuMiek0vD9gCSHaaL.jpg,563,537,Microplastic,203,58,220,92
c--63-_jpg.rf.1LWBuMiek0vD9gCSHaaL.jpg,563,537,Microplastic,412,60,453,90
c--63-_jpg.rf.1LWBuMiek0vD9gCSHaaL.jpg,563,537,Microplastic,314,88,343,120
c--63-_jpg.rf.1LWBuMiek0vD9gCSHaaL.jpg,563,537,Microplastic,438,100,493,162
c--63-_jpg.rf.1LWBuMiek0vD9gCSHaaL.jpg,563,537,Microplastic,318,120,337,144
c--63-_jpg.rf.1LWBuMiek0vD9gCSHaaL.jpg,563,537,Microplastic,161,177,179,192
c--63-_jpg.rf.1LWBuMiek0vD9gCSHaaL.jpg,563,537,Microplastic,323,230,340,249
c--63-_jpg.rf.1LWBuMiek0vD9gCSHaaL.jpg,563,537,Microplastic,77,250,101,277
c--63-_jpg.rf.1LWBuMiek0vD9gCSHaaL.jpg,563,537,Microplastic,461,232,523,296
c--63-_jpg.rf.1LWBuMiek0vD9gCSHaaL.jpg,563,537,Microplastic,37,327,103,385
c--63-_jpg.rf.1LWBuMiek0vD9gCSHaaL.jpg,563,537,Microplastic,368,345,392,368
c--63-_jpg.rf.1LWBuMiek0vD9gCSHaaL.jpg,563,537,Microplastic,319,349,343,370
c--63-_jpg.rf.1LWBuMiek0vD9gCSHaaL.jpg,563,537,Microplastic,39,404,77,449
c--63-_jpg.rf.1LWBuMiek0vD9gCSHaaL.jpg,563,537,Microplastic,475,422,496,443
c--63-_jpg.rf.1LWBuMiek0vD9gCSHaaL.jpg,563,537,Microplastic,429,473,459,495
c--63-_jpg.rf.1LWBuMiek0vD9gCSHaaL.jpg,563,537,Microplastic,471,512,488,530
c--63-_jpg.rf.1LWBuMiek0vD9gCSHaaL.jpg,563,537,Microplastic,1,510,31,536
c--63-_jpg.rf.1LWBuMiek0vD9gCSHaaL.jpg,563,537,Microplastic,440,529,467,536
c--42-_jpg.rf.UxOXolK1pUqo8AUiS221.jpg,563,537,Microplastic,399,0,492,85
c--42-_jpg.rf.UxOXolK1pUqo8AUiS221.jpg,563,537,Microplastic,8,9,79,109
c--42-_jpg.rf.UxOXolK1pUqo8AUiS221.jpg,563,537,Microplastic,404,162,417,177
c--42-_jpg.rf.UxOXolK1pUqo8AUiS221.jpg,563,537,Microplastic,542,164,562,213
c--42-_jpg.rf.UxOXolK1pUqo8AUiS221.jpg,563,537,Microplastic,379,204,393,220
c--42-_jpg.rf.UxOXolK1pUqo8AUiS221.jpg,563,537,Microplastic,508,186,549,238
c--42-_jpg.rf.UxOXolK1pUqo8AUiS221.jpg,563,537,Microplastic,398,232,424,257
c--42-_jpg.rf.UxOXolK1pUqo8AUiS221.jpg,563,537,Microplastic,297,387,337,421
c--42-_jpg.rf.UxOXolK1pUqo8AUiS221.jpg,563,537,Microplastic,54,423,84,455
c--42-_jpg.rf.UxOXolK1pUqo8AUiS221.jpg,563,537,Microplastic,490,439,519,495
c--42-_jpg.rf.UxOXolK1pUqo8AUiS221.jpg,563,537,Microplastic,53,486,112,534
c--42-_jpg.rf.UxOXolK1pUqo8AUiS221.jpg,563,537,Microplastic,384,468,451,536
c--42-_jpg.rf.UxOXolK1pUqo8AUiS221.jpg,563,537,Microplastic,33,507,67,536
c--56-_jpg.rf.NRRqNqrf92kcunu2IM8U.jpg,563,537,Microplastic,440,0,463,13
c--56-_jpg.rf.NRRqNqrf92kcunu2IM8U.jpg,563,537,Microplastic,473,19,503,44
c--56-_jpg.rf.NRRqNqrf92kcunu2IM8U.jpg,563,537,Microplastic,252,58,282,90
c--56-_jpg.rf.NRRqNqrf92kcunu2IM8U.jpg,563,537,Microplastic,445,122,497,186
c--56-_jpg.rf.NRRqNqrf92kcunu2IM8U.jpg,563,537,Microplastic,353,145,369,173
c--56-_jpg.rf.NRRqNqrf92kcunu2IM8U.jpg,563,537,Microplastic,401,167,431,209
c--56-_jpg.rf.NRRqNqrf92kcunu2IM8U.jpg,563,537,Microplastic,498,195,551,256
c--56-_jpg.rf.NRRqNqrf92kcunu2IM8U.jpg,563,537,Microplastic,255,215,302,244
c--56-_jpg.rf.NRRqNqrf92kcunu2IM8U.jpg,563,537,Microplastic,150,238,166,254
c--56-_jpg.rf.NRRqNqrf92kcunu2IM8U.jpg,563,537,Microplastic,225,287,242,305
c--56-_jpg.rf.NRRqNqrf92kcunu2IM8U.jpg,563,537,Microplastic,478,284,548,327
c--56-_jpg.rf.NRRqNqrf92kcunu2IM8U.jpg,563,537,Microplastic,553,375,562,396
c--56-_jpg.rf.NRRqNqrf92kcunu2IM8U.jpg,563,537,Microplastic,96,382,119,411
c--56-_jpg.rf.NRRqNqrf92kcunu2IM8U.jpg,563,537,Microplastic,437,485,455,508
c--56-_jpg.rf.NRRqNqrf92kcunu2IM8U.jpg,563,537,Microplastic,116,497,138,528
c--56-_jpg.rf.NRRqNqrf92kcunu2IM8U.jpg,563,537,Microplastic,396,495,426,536
d--72-_jpg.rf.6PfdlA0itW3SLzdWrIjs.jpg,563,537,Microplastic,338,385,493,517
d--72-_jpg.rf.6PfdlA0itW3SLzdWrIjs.jpg,563,537,Microplastic,117,443,222,536
d--79-_jpg.rf.O2iyVpaXzy2SxE8jl2mw.jpg,563,537,Microplastic,78,0,224,103
d--79-_jpg.rf.O2iyVpaXzy2SxE8jl2mw.jpg,563,537,Microplastic,148,270,265,429
d--79-_jpg.rf.O2iyVpaXzy2SxE8jl2mw.jpg,563,537,Microplastic,422,302,521,451
d--80-_jpg.rf.5etAPRzomVxQP4xRbMLd.jpg,563,537,Microplastic,117,0,273,23
d--80-_jpg.rf.5etAPRzomVxQP4xRbMLd.jpg,563,537,Microplastic,344,0,546,182
d--80-_jpg.rf.5etAPRzomVxQP4xRbMLd.jpg,563,537,Microplastic,148,25,268,150
d--80-_jpg.rf.5etAPRzomVxQP4xRbMLd.jpg,563,537,Microplastic,322,374,517,520
c--30-_jpg.rf.sYijBOLMrkqoBxtYZKWQ.jpg,563,537,Microplastic,327,3,360,36
c--30-_jpg.rf.sYijBOLMrkqoBxtYZKWQ.jpg,563,537,Microplastic,0,129,17,172
c--30-_jpg.rf.sYijBOLMrkqoBxtYZKWQ.jpg,563,537,Microplastic,296,142,327,169
c--30-_jpg.rf.sYijBOLMrkqoBxtYZKWQ.jpg,563,537,Microplastic,457,150,512,196
c--30-_jpg.rf.sYijBOLMrkqoBxtYZKWQ.jpg,563,537,Microplastic,8,295,39,343
c--30-_jpg.rf.sYijBOLMrkqoBxtYZKWQ.jpg,563,537,Microplastic,235,345,265,386
c--30-_jpg.rf.sYijBOLMrkqoBxtYZKWQ.jpg,563,537,Microplastic,60,379,91,414
d--46-_jpg.rf.BqS7KEAJry0FW24Z1fKC.jpg,563,537,Microplastic,74,0,266,73
d--46-_jpg.rf.BqS7KEAJry0FW24Z1fKC.jpg,563,537,Microplastic,230,403,458,536
d--46-_jpg.rf.BqS7KEAJry0FW24Z1fKC.jpg,563,537,Microplastic,461,315,562,409
d--51-_jpg.rf.FGgI04FaUHzYSh7BZTdu.jpg,563,537,Microplastic,267,99,412,221
d--51-_jpg.rf.FGgI04FaUHzYSh7BZTdu.jpg,563,537,Microplastic,278,211,391,311
d--51-_jpg.rf.FGgI04FaUHzYSh7BZTdu.jpg,563,537,Microplastic,113,272,248,423
f--71-_jpg.rf.5gCEDo5eEAK7XnVjk4wm.jpg,563,537,Microplastic,249,0,317,55
f--71-_jpg.rf.5gCEDo5eEAK7XnVjk4wm.jpg,563,537,Microplastic,459,114,521,168
f--71-_jpg.rf.5gCEDo5eEAK7XnVjk4wm.jpg,563,537,Microplastic,487,180,509,225
f--71-_jpg.rf.5gCEDo5eEAK7XnVjk4wm.jpg,563,537,Microplastic,227,299,263,345
c--47-_jpg.rf.mtSMVebMKmAZ3fMmNnWx.jpg,563,537,Microplastic,432,67,464,103
c--47-_jpg.rf.mtSMVebMKmAZ3fMmNnWx.jpg,563,537,Microplastic,73,94,104,126
c--47-_jpg.rf.mtSMVebMKmAZ3fMmNnWx.jpg,563,537,Microplastic,461,105,510,148
c--47-_jpg.rf.mtSMVebMKmAZ3fMmNnWx.jpg,563,537,Microplastic,211,239,264,282
c--47-_jpg.rf.mtSMVebMKmAZ3fMmNnWx.jpg,563,537,Microplastic,291,394,334,419
c--47-_jpg.rf.mtSMVebMKmAZ3fMmNnWx.jpg,563,537,Microplastic,481,410,505,434
c--47-_jpg.rf.mtSMVebMKmAZ3fMmNnWx.jpg,563,537,Microplastic,316,528,351,536
c--47-_jpg.rf.mtSMVebMKmAZ3fMmNnWx.jpg,563,537,Microplastic,6,0,76,23
f--197-_jpg.rf.2gTiZQnfBpiKkDRBBQfR.jpg,563,537,Microplastic,405,67,459,125
f--197-_jpg.rf.2gTiZQnfBpiKkDRBBQfR.jpg,563,537,Microplastic,474,162,517,199
f--197-_jpg.rf.2gTiZQnfBpiKkDRBBQfR.jpg,563,537,Microplastic,162,195,193,256
f--197-_jpg.rf.2gTiZQnfBpiKkDRBBQfR.jpg,563,537,Microplastic,449,249,524,302
f--197-_jpg.rf.2gTiZQnfBpiKkDRBBQfR.jpg,563,537,Microplastic,219,353,272,398
f--197-_jpg.rf.2gTiZQnfBpiKkDRBBQfR.jpg,563,537,Microplastic,405,382,458,435
f--197-_jpg.rf.2gTiZQnfBpiKkDRBBQfR.jpg,563,537,Microplastic,67,492,127,534
f--197-_jpg.rf.2gTiZQnfBpiKkDRBBQfR.jpg,563,537,Microplastic,199,487,248,536
d--73-_jpg.rf.N2Nvi1mtmtQRvR6cuZVu.jpg,563,537,Microplastic,222,0,349,71
d--73-_jpg.rf.N2Nvi1mtmtQRvR6cuZVu.jpg,563,537,Microplastic,443,335,562,452
d--73-_jpg.rf.N2Nvi1mtmtQRvR6cuZVu.jpg,563,537,Microplastic,536,381,562,456
d--73-_jpg.rf.N2Nvi1mtmtQRvR6cuZVu.jpg,563,537,Microplastic,61,423,173,536
c--6-_jpg.rf.epvnqVdQpMtaXP7SvtCS.jpg,563,537,Microplastic,306,12,330,33
c--6-_jpg.rf.epvnqVdQpMtaXP7SvtCS.jpg,563,537,Microplastic,315,129,336,150
c--6-_jpg.rf.epvnqVdQpMtaXP7SvtCS.jpg,563,537,Microplastic,61,154,85,178
c--6-_jpg.rf.epvnqVdQpMtaXP7SvtCS.jpg,563,537,Microplastic,3,197,33,226
c--6-_jpg.rf.epvnqVdQpMtaXP7SvtCS.jpg,563,537,Microplastic,460,203,505,244
c--6-_jpg.rf.epvnqVdQpMtaXP7SvtCS.jpg,563,537,Microplastic,8,255,34,282
c--6-_jpg.rf.epvnqVdQpMtaXP7SvtCS.jpg,563,537,Microplastic,413,287,445,320
c--6-_jpg.rf.epvnqVdQpMtaXP7SvtCS.jpg,563,537,Microplastic,177,318,195,342
c--6-_jpg.rf.epvnqVdQpMtaXP7SvtCS.jpg,563,537,Microplastic,47,323,64,340
c--6-_jpg.rf.epvnqVdQpMtaXP7SvtCS.jpg,563,537,Microplastic,297,299,344,366
c--6-_jpg.rf.epvnqVdQpMtaXP7SvtCS.jpg,563,537,Microplastic,105,364,152,409
c--6-_jpg.rf.epvnqVdQpMtaXP7SvtCS.jpg,563,537,Microplastic,386,454,422,496
Screenshot 2026-04-19 at 4-31-37 PM_png.rf.yHx1rgMsGdaVMPu4ExCd.png,1560,832,Microplastic,574,494,643,557
Screenshot 2026-04-19 at 4-31-37 PM_png.rf.yHx1rgMsGdaVMPu4ExCd.png,1560,832,Microplastic,692,751,742,798
Screenshot 2026-04-19 at 4-31-37 PM_png.rf.yHx1rgMsGdaVMPu4ExCd.png,1560,832,Microplastic,752,252,800,293
Screenshot 2026-04-19 at 4-31-37 PM_png.rf.yHx1rgMsGdaVMPu4ExCd.png,1560,832,Microplastic,579,95,649,160
Screenshot 2026-04-19 at 4-31-37 PM_png.rf.yHx1rgMsGdaVMPu4ExCd.png,1560,832,Microplastic,1094,745,1126,775
Screenshot 2026-04-19 at 4-31-37 PM_png.rf.yHx1rgMsGdaVMPu4ExCd.png,1560,832,Microplastic,303,762,365,807
Screenshot 2026-04-19 at 4-31-37 PM_png.rf.yHx1rgMsGdaVMPu4ExCd.png,1560,832,Microplastic,1460,596,1512,643
Screenshot 2026-04-19 at 4-31-37 PM_png.rf.yHx1rgMsGdaVMPu4ExCd.png,1560,832,Microplastic,88,250,171,325
Screenshot 2026-04-19 at 4-31-37 PM_png.rf.yHx1rgMsGdaVMPu4ExCd.png,1560,832,Microplastic,1442,10,1483,47
Screenshot 2026-04-19 at 4-31-37 PM_png.rf.yHx1rgMsGdaVMPu4ExCd.png,1560,832,Microplastic,828,188,902,244
Screenshot 2026-04-19 at 4-31-37 PM_png.rf.yHx1rgMsGdaVMPu4ExCd.png,1560,832,Microplastic,913,10,973,65
f--19-_jpg.rf.PXqUyeE2qdSZIvjlkao8.jpg,563,537,Microplastic,182,0,222,9
f--19-_jpg.rf.PXqUyeE2qdSZIvjlkao8.jpg,563,537,Microplastic,89,0,152,29
f--19-_jpg.rf.PXqUyeE2qdSZIvjlkao8.jpg,563,537,Microplastic,474,292,519,338
f--19-_jpg.rf.PXqUyeE2qdSZIvjlkao8.jpg,563,537,Microplastic,149,360,200,420
f--19-_jpg.rf.PXqUyeE2qdSZIvjlkao8.jpg,563,537,Microplastic,425,362,499,435
c--38-_jpg.rf.bgbRw5iBZwF16O3lG3aD.jpg,563,537,Microplastic,196,60,210,88
c--38-_jpg.rf.bgbRw5iBZwF16O3lG3aD.jpg,563,537,Microplastic,343,149,394,186
c--38-_jpg.rf.bgbRw5iBZwF16O3lG3aD.jpg,563,537,Microplastic,150,202,179,225
c--38-_jpg.rf.bgbRw5iBZwF16O3lG3aD.jpg,563,537,Microplastic,488,325,519,349
c--38-_jpg.rf.bgbRw5iBZwF16O3lG3aD.jpg,563,537,Microplastic,168,372,183,404
c--95-_jpg.rf.xXR5RxqRb4e887zrOiTY.jpg,563,537,Microplastic,206,5,230,18
c--95-_jpg.rf.xXR5RxqRb4e887zrOiTY.jpg,563,537,Microplastic,316,78,342,113
c--95-_jpg.rf.xXR5RxqRb4e887zrOiTY.jpg,563,537,Microplastic,358,121,373,138
c--95-_jpg.rf.xXR5RxqRb4e887zrOiTY.jpg,563,537,Microplastic,135,152,161,176
c--95-_jpg.rf.xXR5RxqRb4e887zrOiTY.jpg,563,537,Microplastic,83,215,96,229
c--95-_jpg.rf.xXR5RxqRb4e887zrOiTY.jpg,563,537,Microplastic,359,316,375,340
c--95-_jpg.rf.xXR5RxqRb4e887zrOiTY.jpg,563,537,Microplastic,372,414,396,439
c--95-_jpg.rf.xXR5RxqRb4e887zrOiTY.jpg,563,537,Microplastic,385,456,403,491
c--95-_jpg.rf.xXR5RxqRb4e887zrOiTY.jpg,563,537,Microplastic,335,506,361,534
c--95-_jpg.rf.xXR5RxqRb4e887zrOiTY.jpg,563,537,Microplastic,267,517,305,536
f--159-_jpg.rf.xXA1GYCXX4fXHpMP7qjY.jpg,563,537,Microplastic,269,210,337,301
f--159-_jpg.rf.xXA1GYCXX4fXHpMP7qjY.jpg,563,537,Microplastic,449,260,488,314
f--159-_jpg.rf.xXA1GYCXX4fXHpMP7qjY.jpg,563,537,Microplastic,129,279,172,350
f--159-_jpg.rf.xXA1GYCXX4fXHpMP7qjY.jpg,563,537,Microplastic,375,435,413,478
f--159-_jpg.rf.xXA1GYCXX4fXHpMP7qjY.jpg,563,537,Microplastic,177,499,248,536
f--159-_jpg.rf.xXA1GYCXX4fXHpMP7qjY.jpg,563,537,Microplastic,0,505,50,536
f--172-_jpg.rf.t69qRfbj73VjT3ZGN8Z9.jpg,563,537,Microplastic,182,192,253,243
f--172-_jpg.rf.t69qRfbj73VjT3ZGN8Z9.jpg,563,537,Microplastic,327,467,402,510
f--172-_jpg.rf.t69qRfbj73VjT3ZGN8Z9.jpg,563,537,Microplastic,0,479,21,508
f--32-_jpg.rf.KiJw1LOjjjAnjKMbrhu4.jpg,563,537,Microplastic,68,283,135,344
f--32-_jpg.rf.KiJw1LOjjjAnjKMbrhu4.jpg,563,537,Microplastic,394,397,445,447
c--53-_jpg.rf.VAHfmQCeTLH2WawREBCw.jpg,563,537,Microplastic,456,104,490,135
c--53-_jpg.rf.VAHfmQCeTLH2WawREBCw.jpg,563,537,Microplastic,343,142,363,159
c--53-_jpg.rf.VAHfmQCeTLH2WawREBCw.jpg,563,537,Microplastic,356,163,374,185
c--53-_jpg.rf.VAHfmQCeTLH2WawREBCw.jpg,563,537,Microplastic,512,182,533,210
c--53-_jpg.rf.VAHfmQCeTLH2WawREBCw.jpg,563,537,Microplastic,361,285,397,317
c--53-_jpg.rf.VAHfmQCeTLH2WawREBCw.jpg,563,537,Microplastic,546,359,562,388
c--53-_jpg.rf.VAHfmQCeTLH2WawREBCw.jpg,563,537,Microplastic,108,384,137,416
c--53-_jpg.rf.VAHfmQCeTLH2WawREBCw.jpg,563,537,Microplastic,6,418,34,446
c--53-_jpg.rf.VAHfmQCeTLH2WawREBCw.jpg,563,537,Microplastic,452,405,493,466
b--99-_jpg.rf.BU2kP6cDHy5FnLSdyIKz.jpg,563,537,Microplastic,130,0,200,12
b--99-_jpg.rf.BU2kP6cDHy5FnLSdyIKz.jpg,563,537,Microplastic,28,0,51,44
b--99-_jpg.rf.BU2kP6cDHy5FnLSdyIKz.jpg,563,537,Microplastic,222,155,255,189
b--99-_jpg.rf.BU2kP6cDHy5FnLSdyIKz.jpg,563,537,Microplastic,248,224,269,251
b--99-_jpg.rf.BU2kP6cDHy5FnLSdyIKz.jpg,563,537,Microplastic,211,320,264,349
b--99-_jpg.rf.BU2kP6cDHy5FnLSdyIKz.jpg,563,537,Microplastic,161,451,182,476
b--99-_jpg.rf.BU2kP6cDHy5FnLSdyIKz.jpg,563,537,Microplastic,13,350,35,377
b--99-_jpg.rf.BU2kP6cDHy5FnLSdyIKz.jpg,563,537,Microplastic,356,511,392,536
b--99-_jpg.rf.BU2kP6cDHy5FnLSdyIKz.jpg,563,537,Microplastic,482,417,501,430
b--99-_jpg.rf.BU2kP6cDHy5FnLSdyIKz.jpg,563,537,Microplastic,449,79,475,103
b--99-_jpg.rf.BU2kP6cDHy5FnLSdyIKz.jpg,563,537,Microplastic,363,133,396,157
b--99-_jpg.rf.BU2kP6cDHy5FnLSdyIKz.jpg,563,537,Microplastic,408,19,425,38
b--99-_jpg.rf.BU2kP6cDHy5FnLSdyIKz.jpg,563,537,Microplastic,140,226,153,242
b--99-_jpg.rf.BU2kP6cDHy5FnLSdyIKz.jpg,563,537,Microplastic,122,168,130,182
b--99-_jpg.rf.BU2kP6cDHy5FnLSdyIKz.jpg,563,537,Microplastic,132,171,151,183
b--99-_jpg.rf.BU2kP6cDHy5FnLSdyIKz.jpg,563,537,Microplastic,122,188,133,202
b--99-_jpg.rf.BU2kP6cDHy5FnLSdyIKz.jpg,563,537,Microplastic,265,378,282,399
b--99-_jpg.rf.BU2kP6cDHy5FnLSdyIKz.jpg,563,537,Microplastic,422,319,431,332
b--99-_jpg.rf.BU2kP6cDHy5FnLSdyIKz.jpg,563,537,Microplastic,439,259,451,280
b--99-_jpg.rf.BU2kP6cDHy5FnLSdyIKz.jpg,563,537,Microplastic,375,453,391,473
b--43-_jpg.rf.qfjLaNdHtAW74oH3wyXs.jpg,563,537,Microplastic,325,1,351,53
b--43-_jpg.rf.qfjLaNdHtAW74oH3wyXs.jpg,563,537,Microplastic,245,162,259,175
b--43-_jpg.rf.qfjLaNdHtAW74oH3wyXs.jpg,563,537,Microplastic,513,168,540,189
b--43-_jpg.rf.qfjLaNdHtAW74oH3wyXs.jpg,563,537,Microplastic,340,190,361,216
b--43-_jpg.rf.qfjLaNdHtAW74oH3wyXs.jpg,563,537,Microplastic,0,188,19,220
b--43-_jpg.rf.qfjLaNdHtAW74oH3wyXs.jpg,563,537,Microplastic,69,195,87,214
b--43-_jpg.rf.qfjLaNdHtAW74oH3wyXs.jpg,563,537,Microplastic,502,200,550,237
b--43-_jpg.rf.qfjLaNdHtAW74oH3wyXs.jpg,563,537,Microplastic,372,211,400,242
b--43-_jpg.rf.qfjLaNdHtAW74oH3wyXs.jpg,563,537,Microplastic,537,256,561,284
b--43-_jpg.rf.qfjLaNdHtAW74oH3wyXs.jpg,563,537,Microplastic,148,293,176,317
b--43-_jpg.rf.qfjLaNdHtAW74oH3wyXs.jpg,563,537,Microplastic,536,329,562,356
b--43-_jpg.rf.qfjLaNdHtAW74oH3wyXs.jpg,563,537,Microplastic,165,421,191,443
b--43-_jpg.rf.qfjLaNdHtAW74oH3wyXs.jpg,563,537,Microplastic,75,436,96,461
b--43-_jpg.rf.qfjLaNdHtAW74oH3wyXs.jpg,563,537,Microplastic,232,449,280,475
b--43-_jpg.rf.qfjLaNdHtAW74oH3wyXs.jpg,563,537,Microplastic,65,479,95,519
b--43-_jpg.rf.qfjLaNdHtAW74oH3wyXs.jpg,563,537,Microplastic,0,518,19,536
b--61-_jpg.rf.oPk15LsHrstk83bfuxXT.jpg,563,537,Microplastic,135,11,157,38
b--61-_jpg.rf.oPk15LsHrstk83bfuxXT.jpg,563,537,Microplastic,141,48,154,64
b--61-_jpg.rf.oPk15LsHrstk83bfuxXT.jpg,563,537,Microplastic,280,56,310,76
b--61-_jpg.rf.oPk15LsHrstk83bfuxXT.jpg,563,537,Microplastic,53,58,89,80
b--61-_jpg.rf.oPk15LsHrstk83bfuxXT.jpg,563,537,Microplastic,260,166,277,180
b--61-_jpg.rf.oPk15LsHrstk83bfuxXT.jpg,563,537,Microplastic,528,173,539,195
b--61-_jpg.rf.oPk15LsHrstk83bfuxXT.jpg,563,537,Microplastic,399,197,419,216
b--61-_jpg.rf.oPk15LsHrstk83bfuxXT.jpg,563,537,Microplastic,216,206,229,215
b--61-_jpg.rf.oPk15LsHrstk83bfuxXT.jpg,563,537,Microplastic,125,211,138,223
b--61-_jpg.rf.oPk15LsHrstk83bfuxXT.jpg,563,537,Microplastic,255,210,268,226
b--61-_jpg.rf.oPk15LsHrstk83bfuxXT.jpg,563,537,Microplastic,418,245,436,262
b--61-_jpg.rf.oPk15LsHrstk83bfuxXT.jpg,563,537,Microplastic,277,249,299,268
b--61-_jpg.rf.oPk15LsHrstk83bfuxXT.jpg,563,537,Microplastic,264,286,280,305
b--61-_jpg.rf.oPk15LsHrstk83bfuxXT.jpg,563,537,Microplastic,117,308,128,323
b--61-_jpg.rf.oPk15LsHrstk83bfuxXT.jpg,563,537,Microplastic,428,326,447,346
b--61-_jpg.rf.oPk15LsHrstk83bfuxXT.jpg,563,537,Microplastic,300,330,316,345
b--61-_jpg.rf.oPk15LsHrstk83bfuxXT.jpg,563,537,Microplastic,242,336,260,347
b--61-_jpg.rf.oPk15LsHrstk83bfuxXT.jpg,563,537,Microplastic,19,380,38,395
b--61-_jpg.rf.oPk15LsHrstk83bfuxXT.jpg,563,537,Microplastic,495,416,515,450
b--61-_jpg.rf.oPk15LsHrstk83bfuxXT.jpg,563,537,Microplastic,407,465,420,478
b--61-_jpg.rf.oPk15LsHrstk83bfuxXT.jpg,563,537,Microplastic,221,490,235,503
b--61-_jpg.rf.oPk15LsHrstk83bfuxXT.jpg,563,537,Microplastic,405,490,413,509
b--61-_jpg.rf.oPk15LsHrstk83bfuxXT.jpg,563,537,Microplastic,82,494,103,512
b--61-_jpg.rf.oPk15LsHrstk83bfuxXT.jpg,563,537,Microplastic,147,515,166,536
b--61-_jpg.rf.oPk15LsHrstk83bfuxXT.jpg,563,537,Microplastic,455,517,470,536
b--61-_jpg.rf.oPk15LsHrstk83bfuxXT.jpg,563,537,Microplastic,320,526,337,536
b--61-_jpg.rf.oPk15LsHrstk83bfuxXT.jpg,563,537,Microplastic,343,529,362,536
f--185-_jpg.rf.9TxOQOnIcKYeJECsu8yC.jpg,563,537,Microplastic,249,0,308,30
f--185-_jpg.rf.9TxOQOnIcKYeJECsu8yC.jpg,563,537,Microplastic,105,7,169,44
f--185-_jpg.rf.9TxOQOnIcKYeJECsu8yC.jpg,563,537,Microplastic,140,54,185,131
f--185-_jpg.rf.9TxOQOnIcKYeJECsu8yC.jpg,563,537,Microplastic,424,87,460,129
f--185-_jpg.rf.9TxOQOnIcKYeJECsu8yC.jpg,563,537,Microplastic,32,170,89,222
f--185-_jpg.rf.9TxOQOnIcKYeJECsu8yC.jpg,563,537,Microplastic,420,243,477,302
f--185-_jpg.rf.9TxOQOnIcKYeJECsu8yC.jpg,563,537,Microplastic,187,267,259,350
f--185-_jpg.rf.9TxOQOnIcKYeJECsu8yC.jpg,563,537,Microplastic,290,407,351,472
f--185-_jpg.rf.9TxOQOnIcKYeJECsu8yC.jpg,563,537,Microplastic,0,445,29,484
f--185-_jpg.rf.9TxOQOnIcKYeJECsu8yC.jpg,563,537,Microplastic,65,495,108,532
f--191-_jpg.rf.dvDWtpIwBX7Vds7hNeOl.jpg,563,537,Microplastic,149,0,208,30
f--191-_jpg.rf.dvDWtpIwBX7Vds7hNeOl.jpg,563,537,Microplastic,265,0,291,41
f--191-_jpg.rf.dvDWtpIwBX7Vds7hNeOl.jpg,563,537,Microplastic,457,122,496,173
f--191-_jpg.rf.dvDWtpIwBX7Vds7hNeOl.jpg,563,537,Microplastic,474,205,516,268
f--191-_jpg.rf.dvDWtpIwBX7Vds7hNeOl.jpg,563,537,Microplastic,249,230,356,309
f--191-_jpg.rf.dvDWtpIwBX7Vds7hNeOl.jpg,563,537,Microplastic,142,474,198,536
f--30-_jpg.rf.WBhbDsLtM8xvSd72TTMm.jpg,563,537,Microplastic,258,0,322,30
f--30-_jpg.rf.WBhbDsLtM8xvSd72TTMm.jpg,563,537,Microplastic,410,0,480,80
f--30-_jpg.rf.WBhbDsLtM8xvSd72TTMm.jpg,563,537,Microplastic,99,0,172,78
f--30-_jpg.rf.WBhbDsLtM8xvSd72TTMm.jpg,563,537,Microplastic,76,283,107,311
f--30-_jpg.rf.WBhbDsLtM8xvSd72TTMm.jpg,563,537,Microplastic,44,413,95,483
f--30-_jpg.rf.WBhbDsLtM8xvSd72TTMm.jpg,563,537,Microplastic,481,424,541,476
c--43-_jpg.rf.rcGy7vJMXEcsTjzL4ScD.jpg,563,537,Microplastic,375,11,441,59
c--43-_jpg.rf.rcGy7vJMXEcsTjzL4ScD.jpg,563,537,Microplastic,466,75,495,103
c--43-_jpg.rf.rcGy7vJMXEcsTjzL4ScD.jpg,563,537,Microplastic,214,122,238,146
c--43-_jpg.rf.rcGy7vJMXEcsTjzL4ScD.jpg,563,537,Microplastic,478,128,537,175
c--43-_jpg.rf.rcGy7vJMXEcsTjzL4ScD.jpg,563,537,Microplastic,179,155,206,179
c--43-_jpg.rf.rcGy7vJMXEcsTjzL4ScD.jpg,563,537,Microplastic,277,184,310,224
c--43-_jpg.rf.rcGy7vJMXEcsTjzL4ScD.jpg,563,537,Microplastic,451,181,514,233
c--43-_jpg.rf.rcGy7vJMXEcsTjzL4ScD.jpg,563,537,Microplastic,391,175,425,240
c--43-_jpg.rf.rcGy7vJMXEcsTjzL4ScD.jpg,563,537,Microplastic,503,325,549,358
c--43-_jpg.rf.rcGy7vJMXEcsTjzL4ScD.jpg,563,537,Microplastic,328,344,382,375
c--43-_jpg.rf.rcGy7vJMXEcsTjzL4ScD.jpg,563,537,Microplastic,477,397,519,469
c--43-_jpg.rf.rcGy7vJMXEcsTjzL4ScD.jpg,563,537,Microplastic,189,450,208,465
c--43-_jpg.rf.rcGy7vJMXEcsTjzL4ScD.jpg,563,537,Microplastic,0,472,41,528
c--43-_jpg.rf.rcGy7vJMXEcsTjzL4ScD.jpg,563,537,Microplastic,418,508,441,536
c--173-_jpg.rf.9j2TZvHvKnubs03Gm4iB.jpg,563,537,Microplastic,235,111,271,144
c--173-_jpg.rf.9j2TZvHvKnubs03Gm4iB.jpg,563,537,Microplastic,284,163,290,167
c--173-_jpg.rf.9j2TZvHvKnubs03Gm4iB.jpg,563,537,Microplastic,286,170,292,174
c--173-_jpg.rf.9j2TZvHvKnubs03Gm4iB.jpg,563,537,Microplastic,178,185,211,242
c--173-_jpg.rf.9j2TZvHvKnubs03Gm4iB.jpg,563,537,Microplastic,487,244,505,263
c--173-_jpg.rf.9j2TZvHvKnubs03Gm4iB.jpg,563,537,Microplastic,86,393,110,424
c--175-_jpg.rf.3rJg3NyDTF23Pld4eC8c.jpg,563,537,Microplastic,24,0,52,5
c--175-_jpg.rf.3rJg3NyDTF23Pld4eC8c.jpg,563,537,Microplastic,379,201,393,216
c--175-_jpg.rf.3rJg3NyDTF23Pld4eC8c.jpg,563,537,Microplastic,465,190,499,229
c--175-_jpg.rf.3rJg3NyDTF23Pld4eC8c.jpg,563,537,Microplastic,228,324,246,340
c--175-_jpg.rf.3rJg3NyDTF23Pld4eC8c.jpg,563,537,Microplastic,188,341,208,359
c--175-_jpg.rf.3rJg3NyDTF23Pld4eC8c.jpg,563,537,Microplastic,8,482,30,502
c--45-_jpg.rf.z1HAwkUeypQGyIOWd48V.jpg,563,537,Microplastic,2,285,24,331
c--45-_jpg.rf.z1HAwkUeypQGyIOWd48V.jpg,563,537,Microplastic,513,320,546,352
c--45-_jpg.rf.z1HAwkUeypQGyIOWd48V.jpg,563,537,Microplastic,517,379,556,410
c--45-_jpg.rf.z1HAwkUeypQGyIOWd48V.jpg,563,537,Microplastic,421,437,460,486
c--45-_jpg.rf.z1HAwkUeypQGyIOWd48V.jpg,563,537,Microplastic,186,445,230,490
c--45-_jpg.rf.z1HAwkUeypQGyIOWd48V.jpg,563,537,Microplastic,0,448,33,530
c--45-_jpg.rf.z1HAwkUeypQGyIOWd48V.jpg,563,537,Microplastic,386,488,421,536

Screenshot 2026-04-19 at 4-20-17 PM_png.rf.VlPFHXmcbg668I23Sosx.png,1568,846,Microplastic,794,376,849,427
Screenshot 2026-04-19 at 4-20-17 PM_png.rf.VlPFHXmcbg668I23Sosx.png,1568,846,Microplastic,75,537,117,582
Screenshot 2026-04-19 at 4-20-17 PM_png.rf.VlPFHXmcbg668I23Sosx.png,1568,846,Microplastic,1184,418,1229,462
Screenshot 2026-04-19 at 4-20-17 PM_png.rf.VlPFHXmcbg668I23Sosx.png,1568,846,Microplastic,210,316,245,348
Screenshot 2026-04-19 at 4-20-17 PM_png.rf.VlPFHXmcbg668I23Sosx.png,1568,846,Microplastic,439,361,471,391
Screenshot 2026-04-19 at 4-20-17 PM_png.rf.VlPFHXmcbg668I23Sosx.png,1568,846,Microplastic,1444,597,1470,622
Screenshot 2026-04-19 at 4-20-17 PM_png.rf.VlPFHXmcbg668I23Sosx.png,1568,846,Microplastic,911,309,940,338
Screenshot 2026-04-19 at 4-20-17 PM_png.rf.VlPFHXmcbg668I23Sosx.png,1568,846,Microplastic,966,107,996,138
Screenshot 2026-04-19 at 4-20-17 PM_png.rf.VlPFHXmcbg668I23Sosx.png,1568,846,Microplastic,701,57,761,110
Screenshot 2026-04-19 at 4-20-17 PM_png.rf.VlPFHXmcbg668I23Sosx.png,1568,846,Microplastic,367,817,395,843
Screenshot 2026-04-19 at 4-20-17 PM_png.rf.VlPFHXmcbg668I23Sosx.png,1568,846,Microplastic,1471,534,1495,561
Screenshot 2026-04-19 at 4-20-17 PM_png.rf.VlPFHXmcbg668I23Sosx.png,1568,846,Microplastic,1143,539,1169,566
Screenshot 2026-04-19 at 4-20-17 PM_png.rf.VlPFHXmcbg668I23Sosx.png,1568,846,Microplastic,1244,745,1277,780
Screenshot 2026-04-19 at 4-20-17 PM_png.rf.VlPFHXmcbg668I23Sosx.png,1568,846,Microplastic,1367,422,1398,448
Screenshot 2026-04-19 at 4-20-17 PM_png.rf.VlPFHXmcbg668I23Sosx.png,1568,846,Microplastic,1194,71,1222,95
Screenshot 2026-04-19 at 4-20-17 PM_png.rf.VlPFHXmcbg668I23Sosx.png,1568,846,Microplastic,930,708,954,732
Screenshot 2026-04-19 at 4-20-17 PM_png.rf.VlPFHXmcbg668I23Sosx.png,1568,846,Microplastic,977,483,1003,510
Screenshot 2026-04-19 at 4-20-17 PM_png.rf.VlPFHXmcbg668I23Sosx.png,1568,846,Microplastic,1342,330,1366,357
Screenshot 2026-04-19 at 4-20-17 PM_png.rf.VlPFHXmcbg668I23Sosx.png,1568,846,Microplastic,536,431,570,461
Screenshot 2026-04-19 at 4-20-17 PM_png.rf.VlPFHXmcbg668I23Sosx.png,1568,846,Microplastic,329,509,359,543
Screenshot 2026-04-19 at 4-20-17 PM_png.rf.VlPFHXmcbg668I23Sosx.png,1568,846,Microplastic,137,335,166,362
Screenshot 2026-04-19 at 4-20-17 PM_png.rf.VlPFHXmcbg668I23Sosx.png,1568,846,Microplastic,1084,619,1115,646
Screenshot 2026-04-19 at 4-20-17 PM_png.rf.VlPFHXmcbg668I23Sosx.png,1568,846,Microplastic,520,790,551,815
Screenshot 2026-04-19 at 4-20-17 PM_png.rf.VlPFHXmcbg668I23Sosx.png,1568,846,Microplastic,1536,353,1564,381
Screenshot 2026-04-19 at 4-20-17 PM_png.rf.VlPFHXmcbg668I23Sosx.png,1568,846,Microplastic,1450,739,1479,765
Screenshot 2026-04-19 at 4-20-17 PM_png.rf.VlPFHXmcbg668I23Sosx.png,1568,846,Microplastic,1361,676,1384,700
Screenshot 2026-04-19 at 4-20-17 PM_png.rf.VlPFHXmcbg668I23Sosx.png,1568,846,Microplastic,1210,126,1242,164
Screenshot 2026-04-19 at 4-20-17 PM_png.rf.VlPFHXmcbg668I23Sosx.png,1568,846,Microplastic,55,362,81,391
Screenshot 2026-04-19 at 4-20-17 PM_png.rf.VlPFHXmcbg668I23Sosx.png,1568,846,Microplastic,1183,727,1208,753
Screenshot 2026-04-19 at 4-20-17 PM_png.rf.VlPFHXmcbg668I23Sosx.png,1568,846,Microplastic,189,571,229,609
Screenshot 2026-04-19 at 4-20-17 PM_png.rf.VlPFHXmcbg668I23Sosx.png,1568,846,Microplastic,643,240,683,288
Screenshot 2026-04-19 at 4-20-17 PM_png.rf.VlPFHXmcbg668I23Sosx.png,1568,846,Microplastic,650,731,677,755
Screenshot 2026-04-19 at 4-20-17 PM_png.rf.VlPFHXmcbg668I23Sosx.png,1568,846,Microplastic,147,762,170,782
Screenshot 2026-04-19 at 4-20-17 PM_png.rf.VlPFHXmcbg668I23Sosx.png,1568,846,Microplastic,974,0,998,24
Screenshot 2026-04-19 at 4-20-17 PM_png.rf.VlPFHXmcbg668I23Sosx.png,1568,846,Microplastic,1416,765,1441,789
Screenshot 2026-04-19 at 4-20-17 PM_png.rf.VlPFHXmcbg668I23Sosx.png,1568,846,Microplastic,400,268,445,323
Screenshot 2026-04-19 at 4-20-17 PM_png.rf.VlPFHXmcbg668I23Sosx.png,1568,846,Microplastic,51,696,81,717
Screenshot 2026-04-19 at 4-20-17 PM_png.rf.VlPFHXmcbg668I23Sosx.png,1568,846,Microplastic,1557,754,1568,789
Screenshot 2026-04-19 at 4-20-17 PM_png.rf.VlPFHXmcbg668I23Sosx.png,1568,846,Microplastic,1286,142,1309,165
Screenshot 2026-04-19 at 4-20-17 PM_png.rf.VlPFHXmcbg668I23Sosx.png,1568,846,Microplastic,762,325,796,364
Screenshot 2026-04-19 at 4-20-17 PM_png.rf.VlPFHXmcbg668I23Sosx.png,1568,846,Microplastic,681,818,714,844
Screenshot 2026-04-19 at 4-20-17 PM_png.rf.VlPFHXmcbg668I23Sosx.png,1568,846,Microplastic,7,531,30,553
Screenshot 2026-04-19 at 4-20-17 PM_png.rf.VlPFHXmcbg668I23Sosx.png,1568,846,Microplastic,996,247,1024,281
Screenshot 2026-04-19 at 4-20-17 PM_png.rf.VlPFHXmcbg668I23Sosx.png,1568,846,Microplastic,1023,747,1052,777
Screenshot 2026-04-19 at 4-20-17 PM_png.rf.VlPFHXmcbg668I23Sosx.png,1568,846,Microplastic,964,636,986,659
Screenshot 2026-04-19 at 4-20-17 PM_png.rf.VlPFHXmcbg668I23Sosx.png,1568,846,Microplastic,88,456,138,510
Screenshot 2026-04-19 at 4-20-17 PM_png.rf.VlPFHXmcbg668I23Sosx.png,1568,846,Microplastic,1315,218,1349,245
Screenshot 2026-04-19 at 4-20-17 PM_png.rf.VlPFHXmcbg668I23Sosx.png,1568,846,Microplastic,287,818,312,839
Screenshot 2026-04-19 at 4-20-17 PM_png.rf.VlPFHXmcbg668I23Sosx.png,1568,846,Microplastic,187,721,258,780
Screenshot 2026-04-19 at 4-20-17 PM_png.rf.VlPFHXmcbg668I23Sosx.png,1568,846,Microplastic,1074,500,1113,542
Screenshot 2026-04-19 at 4-20-17 PM_png.rf.VlPFHXmcbg668I23Sosx.png,1568,846,Microplastic,6,100,109,237
Screenshot 2026-04-19 at 4-20-17 PM_png.rf.VlPFHXmcbg668I23Sosx.png,1568,846,Microplastic,525,319,584,377
Screenshot 2026-04-19 at 4-20-17 PM_png.rf.VlPFHXmcbg668I23Sosx.png,1568,846,Microplastic,632,505,663,537
Screenshot 2026-04-19 at 4-20-17 PM_png.rf.VlPFHXmcbg668I23Sosx.png,1568,846,Microplastic,225,126,255,153
Screenshot 2026-04-19 at 4-20-17 PM_png.rf.VlPFHXmcbg668I23Sosx.png,1568,846,Microplastic,1073,214,1112,265
Screenshot 2026-04-19 at 4-20-17 PM_png.rf.VlPFHXmcbg668I23Sosx.png,1568,846,Microplastic,268,507,313,546
Screenshot 2026-04-19 at 4-20-17 PM_png.rf.VlPFHXmcbg668I23Sosx.png,1568,846,Microplastic,894,722,915,743
Screenshot 2026-04-19 at 4-20-17 PM_png.rf.VlPFHXmcbg668I23Sosx.png,1568,846,Microplastic,1145,0,1178,23
Screenshot 2026-04-19 at 4-20-17 PM_png.rf.VlPFHXmcbg668I23Sosx.png,1568,846,Microplastic,385,44,416,78
Screenshot 2026-04-19 at 4-20-17 PM_png.rf.VlPFHXmcbg668I23Sosx.png,1568,846,Microplastic,581,825,606,844
Screenshot 2026-04-19 at 4-20-17 PM_png.rf.VlPFHXmcbg668I23Sosx.png,1568,846,Microplastic,1455,371,1478,394
Screenshot 2026-04-19 at 4-20-17 PM_png.rf.VlPFHXmcbg668I23Sosx.png,1568,846,Microplastic,374,397,413,439
Screenshot 2026-04-19 at 4-20-17 PM_png.rf.VlPFHXmcbg668I23Sosx.png,1568,846,Microplastic,284,11,335,55
Screenshot 2026-04-19 at 4-20-17 PM_png.rf.VlPFHXmcbg668I23Sosx.png,1568,846,Microplastic,307,661,336,690
Screenshot 2026-04-19 at 4-20-17 PM_png.rf.VlPFHXmcbg668I23Sosx.png,1568,846,Microplastic,26,428,59,457
Screenshot 2026-04-19 at 4-20-17 PM_png.rf.VlPFHXmcbg668I23Sosx.png,1568,846,Microplastic,792,479,813,502
Screenshot 2026-04-19 at 4-20-17 PM_png.rf.VlPFHXmcbg668I23Sosx.png,1568,846,Microplastic,148,112,198,156
Screenshot 2026-04-19 at 4-20-17 PM_png.rf.VlPFHXmcbg668I23Sosx.png,1568,846,Microplastic,1289,69,1329,106
Screenshot 2026-04-19 at 4-20-17 PM_png.rf.VlPFHXmcbg668I23Sosx.png,1568,846,Microplastic,496,163,560,233
Screenshot 2026-04-19 at 4-20-17 PM_png.rf.VlPFHXmcbg668I23Sosx.png,1568,846,Microplastic,597,563,623,587
Screenshot 2026-04-19 at 4-20-17 PM_png.rf.VlPFHXmcbg668I23Sosx.png,1568,846,Microplastic,1209,226,1244,272
Screenshot 2026-04-19 at 4-20-17 PM_png.rf.VlPFHXmcbg668I23Sosx.png,1568,846,Microplastic,794,1,866,39
Screenshot 2026-04-19 at 4-20-17 PM_png.rf.VlPFHXmcbg668I23Sosx.png,1568,846,Microplastic,153,169,178,195
Screenshot 2026-04-19 at 4-20-17 PM_png.rf.VlPFHXmcbg668I23Sosx.png,1568,846,Microplastic,1,421,19,456
Screenshot 2026-04-19 at 4-20-17 PM_png.rf.VlPFHXmcbg668I23Sosx.png,1568,846,Microplastic,1,598,29,698
Screenshot 2026-04-19 at 4-20-17 PM_png.rf.VlPFHXmcbg668I23Sosx.png,1568,846,Microplastic,656,105,686,136
Screenshot 2026-04-19 at 4-20-17 PM_png.rf.VlPFHXmcbg668I23Sosx.png,1568,846,Microplastic,1558,157,1568,183
Screenshot 2026-04-19 at 4-20-17 PM_png.rf.VlPFHXmcbg668I23Sosx.png,1568,846,Microplastic,936,197,960,226
Screenshot 2026-04-19 at 4-20-17 PM_png.rf.VlPFHXmcbg668I23Sosx.png,1568,846,Microplastic,1378,173,1404,201
Screenshot 2026-04-19 at 4-20-17 PM_png.rf.VlPFHXmcbg668I23Sosx.png,1568,846,Microplastic,395,489,423,520
Screenshot 2026-04-19 at 4-20-17 PM_png.rf.VlPFHXmcbg668I23Sosx.png,1568,846,Microplastic,560,591,591,634
Screenshot 2026-04-19 at 4-20-17 PM_png.rf.VlPFHXmcbg668I23Sosx.png,1568,846,Microplastic,1187,688,1212,722
Screenshot 2026-04-19 at 4-20-17 PM_png.rf.VlPFHXmcbg668I23Sosx.png,1568,846,Microplastic,477,605,502,631
Screenshot 2026-04-19 at 4-20-17 PM_png.rf.VlPFHXmcbg668I23Sosx.png,1568,846,Microplastic,327,771,358,800
Screenshot 2026-04-19 at 4-20-17 PM_png.rf.VlPFHXmcbg668I23Sosx.png,1568,846,Microplastic,120,54,149,80
Screenshot 2026-04-19 at 4-20-17 PM_png.rf.VlPFHXmcbg668I23Sosx.png,1568,846,Microplastic,1127,279,1154,307
Screenshot 2026-04-19 at 4-20-17 PM_png.rf.VlPFHXmcbg668I23Sosx.png,1568,846,Microplastic,15,83,40,126
Screenshot 2026-04-19 at 4-20-17 PM_png.rf.VlPFHXmcbg668I23Sosx.png,1568,846,Microplastic,1435,211,1462,240
Screenshot 2026-04-19 at 4-20-17 PM_png.rf.VlPFHXmcbg668I23Sosx.png,1568,846,Microplastic,1133,393,1156,421
Screenshot 2026-04-19 at 4-20-17 PM_png.rf.VlPFHXmcbg668I23Sosx.png,1568,846,Microplastic,390,169,443,229
Screenshot 2026-04-19 at 4-20-17 PM_png.rf.VlPFHXmcbg668I23Sosx.png,1568,846,Microplastic,1175,209,1201,235
Screenshot 2026-04-19 at 4-20-17 PM_png.rf.VlPFHXmcbg668I23Sosx.png,1568,846,Microplastic,209,640,248,681
Screenshot 2026-04-19 at 4-20-17 PM_png.rf.VlPFHXmcbg668I23Sosx.png,1568,846,Microplastic,892,640,915,665
Screenshot 2026-04-19 at 4-20-17 PM_png.rf.VlPFHXmcbg668I23Sosx.png,1568,846,Microplastic,1372,763,1397,789
Screenshot 2026-04-19 at 4-20-17 PM_png.rf.VlPFHXmcbg668I23Sosx.png,1568,846,Microplastic,1241,812,1268,834
Screenshot 2026-04-19 at 4-33-20 PM_png.rf.N2zl1Ea9b4n1Mqy6uxkO.png,1534,846,Microplastic,141,212,208,275
Screenshot 2026-04-19 at 4-33-20 PM_png.rf.N2zl1Ea9b4n1Mqy6uxkO.png,1534,846,Microplastic,1312,316,1386,384
Screenshot 2026-04-19 at 4-33-20 PM_png.rf.N2zl1Ea9b4n1Mqy6uxkO.png,1534,846,Microplastic,132,189,162,218
Screenshot 2026-04-19 at 4-27-15 PM_png.rf.SnPWfBSoz9bftwFsdo9S.png,1528,794,Microplastic,493,561,551,620
Screenshot 2026-04-19 at 4-27-15 PM_png.rf.SnPWfBSoz9bftwFsdo9S.png,1528,794,Microplastic,1240,605,1299,654
Screenshot 2026-04-19 at 4-27-15 PM_png.rf.SnPWfBSoz9bftwFsdo9S.png,1528,794,Microplastic,1241,37,1301,104
Screenshot 2026-04-19 at 4-27-15 PM_png.rf.SnPWfBSoz9bftwFsdo9S.png,1528,794,Microplastic,595,603,684,664
Screenshot 2026-04-19 at 4-27-15 PM_png.rf.SnPWfBSoz9bftwFsdo9S.png,1528,794,Microplastic,426,736,476,777
Screenshot 2026-04-19 at 4-27-15 PM_png.rf.SnPWfBSoz9bftwFsdo9S.png,1528,794,Microplastic,575,514,635,577
Screenshot 2026-04-19 at 4-27-15 PM_png.rf.SnPWfBSoz9bftwFsdo9S.png,1528,794,Microplastic,196,47,253,101
Screenshot 2026-04-19 at 4-27-15 PM_png.rf.SnPWfBSoz9bftwFsdo9S.png,1528,794,Microplastic,1458,585,1491,619
Screenshot 2026-04-19 at 4-27-15 PM_png.rf.SnPWfBSoz9bftwFsdo9S.png,1528,794,Microplastic,279,358,381,453
Screenshot 2026-04-19 at 4-27-15 PM_png.rf.SnPWfBSoz9bftwFsdo9S.png,1528,794,Microplastic,1291,273,1390,361
Screenshot 2026-04-19 at 4-27-15 PM_png.rf.SnPWfBSoz9bftwFsdo9S.png,1528,794,Microplastic,50,93,82,146
f--46-_jpg.rf.9ZFYAdFiQcYg1TKxjaQL.jpg,563,537,Microplastic,237,63,259,84
f--46-_jpg.rf.9ZFYAdFiQcYg1TKxjaQL.jpg,563,537,Microplastic,399,44,467,126
f--46-_jpg.rf.9ZFYAdFiQcYg1TKxjaQL.jpg,563,537,Microplastic,208,130,277,170
f--46-_jpg.rf.9ZFYAdFiQcYg1TKxjaQL.jpg,563,537,Microplastic,410,131,480,201
f--46-_jpg.rf.9ZFYAdFiQcYg1TKxjaQL.jpg,563,537,Microplastic,151,291,212,352
f--46-_jpg.rf.9ZFYAdFiQcYg1TKxjaQL.jpg,563,537,Microplastic,476,317,516,357
f--46-_jpg.rf.9ZFYAdFiQcYg1TKxjaQL.jpg,563,537,Microplastic,271,327,302,362
f--46-_jpg.rf.9ZFYAdFiQcYg1TKxjaQL.jpg,563,537,Microplastic,424,388,477,431
f--46-_jpg.rf.9ZFYAdFiQcYg1TKxjaQL.jpg,563,537,Microplastic,364,465,424,504
f--46-_jpg.rf.9ZFYAdFiQcYg1TKxjaQL.jpg,563,537,Microplastic,58,487,90,535
f--46-_jpg.rf.9ZFYAdFiQcYg1TKxjaQL.jpg,563,537,Microplastic,169,507,213,536
d--55-_jpg.rf.U5DnAXNBDK4jdWo08EyQ.jpg,563,537,Microplastic,30,33,234,283
d--55-_jpg.rf.U5DnAXNBDK4jdWo08EyQ.jpg,563,537,Microplastic,0,185,58,320
d--55-_jpg.rf.U5DnAXNBDK4jdWo08EyQ.jpg,563,537,Microplastic,448,303,562,505
d--63-_jpg.rf.R7y7COTwXCi5yno1FDVj.jpg,563,537,Microplastic,52,0,166,91
d--63-_jpg.rf.R7y7COTwXCi5yno1FDVj.jpg,563,537,Microplastic,0,285,81,410
d--63-_jpg.rf.R7y7COTwXCi5yno1FDVj.jpg,563,537,Microplastic,257,384,391,481
d--63-_jpg.rf.R7y7COTwXCi5yno1FDVj.jpg,563,537,Microplastic,364,464,506,536
f--150-_jpg.rf.BDTVoC56vfIQUKa8V23Y.jpg,563,537,Microplastic,174,0,223,29
f--150-_jpg.rf.BDTVoC56vfIQUKa8V23Y.jpg,563,537,Microplastic,0,0,108,64
f--150-_jpg.rf.BDTVoC56vfIQUKa8V23Y.jpg,563,537,Microplastic,317,46,414,105
f--150-_jpg.rf.BDTVoC56vfIQUKa8V23Y.jpg,563,537,Microplastic,222,99,238,115
f--150-_jpg.rf.BDTVoC56vfIQUKa8V23Y.jpg,563,537,Microplastic,93,201,107,214
f--150-_jpg.rf.BDTVoC56vfIQUKa8V23Y.jpg,563,537,Microplastic,363,197,381,223
f--150-_jpg.rf.BDTVoC56vfIQUKa8V23Y.jpg,563,537,Microplastic,476,299,504,333
f--150-_jpg.rf.BDTVoC56vfIQUKa8V23Y.jpg,563,537,Microplastic,155,431,175,445
f--150-_jpg.rf.BDTVoC56vfIQUKa8V23Y.jpg,563,537,Microplastic,451,432,496,467
Screenshot 2026-04-19 at 4-33-04 PM_png.rf.wYJVtak2mHpleaPrmnWu.png,1558,860,Microplastic,401,473,454,542
Screenshot 2026-04-19 at 4-33-04 PM_png.rf.wYJVtak2mHpleaPrmnWu.png,1558,860,Microplastic,624,338,703,416
Screenshot 2026-04-19 at 4-33-04 PM_png.rf.wYJVtak2mHpleaPrmnWu.png,1558,860,Microplastic,160,111,207,163
Screenshot 2026-04-19 at 4-33-04 PM_png.rf.wYJVtak2mHpleaPrmnWu.png,1558,860,Microplastic,407,417,435,449
Screenshot 2026-04-19 at 4-33-04 PM_png.rf.wYJVtak2mHpleaPrmnWu.png,1558,860,Microplastic,648,696,705,752
Screenshot 2026-04-19 at 4-33-04 PM_png.rf.wYJVtak2mHpleaPrmnWu.png,1558,860,Microplastic,813,776,838,820
Screenshot 2026-04-19 at 4-33-04 PM_png.rf.wYJVtak2mHpleaPrmnWu.png,1558,860,Microplastic,677,0,713,14
Screenshot 2026-04-19 at 4-33-04 PM_png.rf.wYJVtak2mHpleaPrmnWu.png,1558,860,Microplastic,757,453,791,491
Screenshot 2026-04-19 at 4-33-04 PM_png.rf.wYJVtak2mHpleaPrmnWu.png,1558,860,Microplastic,1455,485,1483,514
Screenshot 2026-04-19 at 4-33-04 PM_png.rf.wYJVtak2mHpleaPrmnWu.png,1558,860,Microplastic,615,819,636,840
f--3-_jpg.rf.ZjMUAdUmVMACc1kkABBO.jpg,563,537,Microplastic,79,9,123,70
f--3-_jpg.rf.ZjMUAdUmVMACc1kkABBO.jpg,563,537,Microplastic,0,70,74,128
f--3-_jpg.rf.ZjMUAdUmVMACc1kkABBO.jpg,563,537,Microplastic,226,116,268,162
f--3-_jpg.rf.ZjMUAdUmVMACc1kkABBO.jpg,563,537,Microplastic,315,485,356,536
f--188-_jpg.rf.bMSbTSFk1jXDrm7Nqx0p.jpg,563,537,Microplastic,149,0,209,52
f--188-_jpg.rf.bMSbTSFk1jXDrm7Nqx0p.jpg,563,537,Microplastic,349,97,431,181
f--188-_jpg.rf.bMSbTSFk1jXDrm7Nqx0p.jpg,563,537,Microplastic,262,187,304,219
f--188-_jpg.rf.bMSbTSFk1jXDrm7Nqx0p.jpg,563,537,Microplastic,275,334,307,383
f--188-_jpg.rf.bMSbTSFk1jXDrm7Nqx0p.jpg,563,537,Microplastic,395,340,459,413
f--188-_jpg.rf.bMSbTSFk1jXDrm7Nqx0p.jpg,563,537,Microplastic,152,422,197,472
f--188-_jpg.rf.bMSbTSFk1jXDrm7Nqx0p.jpg,563,537,Microplastic,205,509,262,536
f--192-_jpg.rf.hHIBoDRw54oxU8nN91mZ.jpg,563,537,Microplastic,389,95,452,152
f--192-_jpg.rf.hHIBoDRw54oxU8nN91mZ.jpg,563,537,Microplastic,419,224,467,262
f--192-_jpg.rf.hHIBoDRw54oxU8nN91mZ.jpg,563,537,Microplastic,230,265,310,339
f--192-_jpg.rf.hHIBoDRw54oxU8nN91mZ.jpg,563,537,Microplastic,149,460,256,536
f--189-_jpg.rf.kIs5rcYarPtlDOF0l8Yq.jpg,563,537,Microplastic,362,0,466,96
f--189-_jpg.rf.kIs5rcYarPtlDOF0l8Yq.jpg,563,537,Microplastic,0,64,34,163
f--189-_jpg.rf.kIs5rcYarPtlDOF0l8Yq.jpg,563,537,Microplastic,317,167,364,220
f--189-_jpg.rf.kIs5rcYarPtlDOF0l8Yq.jpg,563,537,Microplastic,490,195,539,262
f--189-_jpg.rf.kIs5rcYarPtlDOF0l8Yq.jpg,563,537,Microplastic,174,357,203,395
f--189-_jpg.rf.kIs5rcYarPtlDOF0l8Yq.jpg,563,537,Microplastic,0,439,67,506
f--189-_jpg.rf.kIs5rcYarPtlDOF0l8Yq.jpg,563,537,Microplastic,396,469,448,510
f--189-_jpg.rf.kIs5rcYarPtlDOF0l8Yq.jpg,563,537,Microplastic,109,507,145,536
f--189-_jpg.rf.kIs5rcYarPtlDOF0l8Yq.jpg,563,537,Microplastic,250,487,315,536
f--21-_jpg.rf.d8u4T4b9sPAaotcRnwMv.jpg,563,537,Microplastic,79,2,130,51
f--21-_jpg.rf.d8u4T4b9sPAaotcRnwMv.jpg,563,537,Microplastic,271,149,313,202
f--21-_jpg.rf.d8u4T4b9sPAaotcRnwMv.jpg,563,537,Microplastic,218,366,248,405
f--23-_jpg.rf.oruLdH7oBpGH0n0V0OVg.jpg,563,537,Microplastic,0,34,56,140
f--23-_jpg.rf.oruLdH7oBpGH0n0V0OVg.jpg,563,537,Microplastic,0,187,29,272
f--23-_jpg.rf.oruLdH7oBpGH0n0V0OVg.jpg,563,537,Microplastic,520,317,562,357
f--23-_jpg.rf.oruLdH7oBpGH0n0V0OVg.jpg,563,537,Microplastic,405,455,471,513
f--23-_jpg.rf.oruLdH7oBpGH0n0V0OVg.jpg,563,537,Microplastic,195,522,271,536
f--187-_jpg.rf.XUVDgWxIfJg97cf6eQ0p.jpg,563,537,Microplastic,269,0,382,61
f--187-_jpg.rf.XUVDgWxIfJg97cf6eQ0p.jpg,563,537,Microplastic,55,209,89,262
f--187-_jpg.rf.XUVDgWxIfJg97cf6eQ0p.jpg,563,537,Microplastic,435,222,493,288
f--187-_jpg.rf.XUVDgWxIfJg97cf6eQ0p.jpg,563,537,Microplastic,209,272,254,322
f--187-_jpg.rf.XUVDgWxIfJg97cf6eQ0p.jpg,563,537,Microplastic,278,311,318,364
f--187-_jpg.rf.XUVDgWxIfJg97cf6eQ0p.jpg,563,537,Microplastic,0,340,39,409
f--187-_jpg.rf.XUVDgWxIfJg97cf6eQ0p.jpg,563,537,Microplastic,100,474,166,536
f--198-_jpg.rf.iFVPscJGmMRwfUM0whYP.jpg,563,537,Microplastic,14,0,56,49
f--198-_jpg.rf.iFVPscJGmMRwfUM0whYP.jpg,563,537,Microplastic,255,14,314,63
f--198-_jpg.rf.iFVPscJGmMRwfUM0whYP.jpg,563,537,Microplastic,189,75,220,118
f--198-_jpg.rf.iFVPscJGmMRwfUM0whYP.jpg,563,537,Microplastic,454,147,497,184
f--198-_jpg.rf.iFVPscJGmMRwfUM0whYP.jpg,563,537,Microplastic,280,140,317,196
f--198-_jpg.rf.iFVPscJGmMRwfUM0whYP.jpg,563,537,Microplastic,479,245,508,276
f--198-_jpg.rf.iFVPscJGmMRwfUM0whYP.jpg,563,537,Microplastic,185,265,240,288
f--198-_jpg.rf.iFVPscJGmMRwfUM0whYP.jpg,563,537,Microplastic,404,344,479,393
f--198-_jpg.rf.iFVPscJGmMRwfUM0whYP.jpg,563,537,Microplastic,291,456,371,536
f--198-_jpg.rf.iFVPscJGmMRwfUM0whYP.jpg,563,537,Microplastic,45,489,111,536
f--198-_jpg.rf.iFVPscJGmMRwfUM0whYP.jpg,563,537,Microplastic,212,520,257,536
f--190-_jpg.rf.siSD3JnxWdTI8WiVXlvI.jpg,563,537,Microplastic,322,2,370,57
f--190-_jpg.rf.siSD3JnxWdTI8WiVXlvI.jpg,563,537,Microplastic,30,0,103,93
f--190-_jpg.rf.siSD3JnxWdTI8WiVXlvI.jpg,563,537,Microplastic,209,187,239,217
f--190-_jpg.rf.siSD3JnxWdTI8WiVXlvI.jpg,563,537,Microplastic,442,210,501,257
f--190-_jpg.rf.siSD3JnxWdTI8WiVXlvI.jpg,563,537,Microplastic,24,245,78,299
f--190-_jpg.rf.siSD3JnxWdTI8WiVXlvI.jpg,563,537,Microplastic,154,299,227,374
f--190-_jpg.rf.siSD3JnxWdTI8WiVXlvI.jpg,563,537,Microplastic,435,357,487,418
f--190-_jpg.rf.siSD3JnxWdTI8WiVXlvI.jpg,563,537,Microplastic,50,480,113,536
f--190-_jpg.rf.siSD3JnxWdTI8WiVXlvI.jpg,563,537,Microplastic,232,514,293,536
f--184-_jpg.rf.kmleDlD1WF2mLs4od33W.jpg,563,537,Microplastic,216,0,261,48
f--184-_jpg.rf.kmleDlD1WF2mLs4od33W.jpg,563,537,Microplastic,438,83,485,122
f--184-_jpg.rf.kmleDlD1WF2mLs4od33W.jpg,563,537,Microplastic,129,92,179,150
f--184-_jpg.rf.kmleDlD1WF2mLs4od33W.jpg,563,537,Microplastic,122,231,146,271
f--184-_jpg.rf.kmleDlD1WF2mLs4od33W.jpg,563,537,Microplastic,467,279,524,328
f--184-_jpg.rf.kmleDlD1WF2mLs4od33W.jpg,563,537,Microplastic,0,281,55,336
f--184-_jpg.rf.kmleDlD1WF2mLs4od33W.jpg,563,537,Microplastic,232,373,268,410
f--184-_jpg.rf.kmleDlD1WF2mLs4od33W.jpg,563,537,Microplastic,429,376,487,455
f--184-_jpg.rf.kmleDlD1WF2mLs4od33W.jpg,563,537,Microplastic,0,426,33,484
f--184-_jpg.rf.kmleDlD1WF2mLs4od33W.jpg,563,537,Microplastic,39,493,83,536
f--184-_jpg.rf.kmleDlD1WF2mLs4od33W.jpg,563,537,Microplastic,161,0,211,11
f--186-_jpg.rf.n5HVlvOFgelPuqAa6lXR.jpg,563,537,Microplastic,422,111,459,150
f--186-_jpg.rf.n5HVlvOFgelPuqAa6lXR.jpg,563,537,Microplastic,449,185,504,212
f--186-_jpg.rf.n5HVlvOFgelPuqAa6lXR.jpg,563,537,Microplastic,0,187,17,232
f--186-_jpg.rf.n5HVlvOFgelPuqAa6lXR.jpg,563,537,Microplastic,142,222,204,261
f--186-_jpg.rf.n5HVlvOFgelPuqAa6lXR.jpg,563,537,Microplastic,347,422,388,494
f--186-_jpg.rf.n5HVlvOFgelPuqAa6lXR.jpg,563,537,Microplastic,29,484,78,531
f--186-_jpg.rf.n5HVlvOFgelPuqAa6lXR.jpg,563,537,Microplastic,122,500,187,536
f--2-_jpg.rf.ghDnkFPbFv4aw2ORtN4W.jpg,563,537,Microplastic,371,181,396,209
f--2-_jpg.rf.ghDnkFPbFv4aw2ORtN4W.jpg,563,537,Microplastic,537,304,562,329
f--2-_jpg.rf.ghDnkFPbFv4aw2ORtN4W.jpg,563,537,Microplastic,357,336,377,355
f--2-_jpg.rf.ghDnkFPbFv4aw2ORtN4W.jpg,563,537,Microplastic,170,413,192,457
f--2-_jpg.rf.ghDnkFPbFv4aw2ORtN4W.jpg,563,537,Microplastic,500,443,514,461
f--2-_jpg.rf.ghDnkFPbFv4aw2ORtN4W.jpg,563,537,Microplastic,228,444,265,470
c--4-_jpg.rf.WoPfAqPXQeGyK707i3W0.jpg,563,537,Microplastic,418,5,441,36
c--4-_jpg.rf.WoPfAqPXQeGyK707i3W0.jpg,563,537,Microplastic,73,45,103,87
c--4-_jpg.rf.WoPfAqPXQeGyK707i3W0.jpg,563,537,Microplastic,205,94,224,113
c--4-_jpg.rf.WoPfAqPXQeGyK707i3W0.jpg,563,537,Microplastic,76,125,97,165
c--4-_jpg.rf.WoPfAqPXQeGyK707i3W0.jpg,563,537,Microplastic,275,184,322,216
c--4-_jpg.rf.WoPfAqPXQeGyK707i3W0.jpg,563,537,Microplastic,142,194,160,222
c--4-_jpg.rf.WoPfAqPXQeGyK707i3W0.jpg,563,537,Microplastic,526,230,552,313
c--4-_jpg.rf.WoPfAqPXQeGyK707i3W0.jpg,563,537,Microplastic,291,380,318,416
c--4-_jpg.rf.WoPfAqPXQeGyK707i3W0.jpg,563,537,Microplastic,478,385,518,411
c--4-_jpg.rf.WoPfAqPXQeGyK707i3W0.jpg,563,537,Microplastic,483,422,505,448
c--4-_jpg.rf.WoPfAqPXQeGyK707i3W0.jpg,563,537,Microplastic,422,469,442,506
c--4-_jpg.rf.WoPfAqPXQeGyK707i3W0.jpg,563,537,Microplastic,457,494,476,523
c--4-_jpg.rf.WoPfAqPXQeGyK707i3W0.jpg,563,537,Microplastic,428,525,467,536
c--170-_jpg.rf.7FwjDIQMp5iIhPvZ6ThR.jpg,563,537,Microplastic,92,175,109,193
c--170-_jpg.rf.7FwjDIQMp5iIhPvZ6ThR.jpg,563,537,Microplastic,395,471,417,492
c--176-_jpg.rf.MiX1RgBJGaSu9znnScA6.jpg,563,537,Microplastic,379,29,419,60
c--176-_jpg.rf.MiX1RgBJGaSu9znnScA6.jpg,563,537,Microplastic,115,44,138,61
c--176-_jpg.rf.MiX1RgBJGaSu9znnScA6.jpg,563,537,Microplastic,196,74,214,94
c--176-_jpg.rf.MiX1RgBJGaSu9znnScA6.jpg,563,537,Microplastic,460,162,497,194
c--176-_jpg.rf.MiX1RgBJGaSu9znnScA6.jpg,563,537,Microplastic,370,212,380,222
c--176-_jpg.rf.MiX1RgBJGaSu9znnScA6.jpg,563,537,Microplastic,55,224,62,230
c--176-_jpg.rf.MiX1RgBJGaSu9znnScA6.jpg,563,537,Microplastic,60,230,66,235
c--176-_jpg.rf.MiX1RgBJGaSu9znnScA6.jpg,563,537,Microplastic,469,248,484,268
c--176-_jpg.rf.MiX1RgBJGaSu9znnScA6.jpg,563,537,Microplastic,274,345,289,376
c--176-_jpg.rf.MiX1RgBJGaSu9znnScA6.jpg,563,537,Microplastic,303,391,315,406
c--176-_jpg.rf.MiX1RgBJGaSu9znnScA6.jpg,563,537,Microplastic,448,402,465,421
c--176-_jpg.rf.MiX1RgBJGaSu9znnScA6.jpg,563,537,Microplastic,118,452,144,483
d--59-_jpg.rf.BCeEs9kcfSZ5LPcUOuMY.jpg,563,537,Microplastic,45,137,167,233
d--59-_jpg.rf.BCeEs9kcfSZ5LPcUOuMY.jpg,563,537,Microplastic,253,187,372,311
d--59-_jpg.rf.BCeEs9kcfSZ5LPcUOuMY.jpg,563,537,Microplastic,479,119,562,226
c--59-_jpg.rf.qqc5NUJ7g2ItwskCEahp.jpg,563,537,Microplastic,373,0,427,49
c--59-_jpg.rf.qqc5NUJ7g2ItwskCEahp.jpg,563,537,Microplastic,40,144,89,207
c--59-_jpg.rf.qqc5NUJ7g2ItwskCEahp.jpg,563,537,Microplastic,247,185,272,213
c--59-_jpg.rf.qqc5NUJ7g2ItwskCEahp.jpg,563,537,Microplastic,66,233,102,283
c--59-_jpg.rf.qqc5NUJ7g2ItwskCEahp.jpg,563,537,Microplastic,397,283,427,314
c--59-_jpg.rf.qqc5NUJ7g2ItwskCEahp.jpg,563,537,Microplastic,472,323,513,362
c--59-_jpg.rf.qqc5NUJ7g2ItwskCEahp.jpg,563,537,Microplastic,268,492,386,536
c--59-_jpg.rf.qqc5NUJ7g2ItwskCEahp.jpg,563,537,Microplastic,33,508,97,536
c--186-_jpg.rf.GwcjOe2NStxUAwLpa2Dv.jpg,563,537,Microplastic,321,0,374,28
c--186-_jpg.rf.GwcjOe2NStxUAwLpa2Dv.jpg,563,537,Microplastic,408,125,432,154
c--186-_jpg.rf.GwcjOe2NStxUAwLpa2Dv.jpg,563,537,Microplastic,506,190,554,254
c--186-_jpg.rf.GwcjOe2NStxUAwLpa2Dv.jpg,563,537,Microplastic,426,198,472,253
c--186-_jpg.rf.GwcjOe2NStxUAwLpa2Dv.jpg,563,537,Microplastic,525,295,557,324
c--186-_jpg.rf.GwcjOe2NStxUAwLpa2Dv.jpg,563,537,Microplastic,63,338,99,373
c--177-_jpg.rf.IxdjaJXgj6kVf9Cywpcm.jpg,563,537,Microplastic,392,14,429,34
c--177-_jpg.rf.IxdjaJXgj6kVf9Cywpcm.jpg,563,537,Microplastic,156,223,173,239
c--177-_jpg.rf.IxdjaJXgj6kVf9Cywpcm.jpg,563,537,Microplastic,103,299,135,335
c--177-_jpg.rf.IxdjaJXgj6kVf9Cywpcm.jpg,563,537,Microplastic,491,316,501,328
c--177-_jpg.rf.IxdjaJXgj6kVf9Cywpcm.jpg,563,537,Microplastic,346,413,362,424
c--177-_jpg.rf.IxdjaJXgj6kVf9Cywpcm.jpg,563,537,Microplastic,100,405,144,438
c--177-_jpg.rf.IxdjaJXgj6kVf9Cywpcm.jpg,563,537,Microplastic,296,521,350,536
c--55-_jpg.rf.gjg446Q8FYX4aEdpmJLH.jpg,563,537,Microplastic,396,0,432,30
c--55-_jpg.rf.gjg446Q8FYX4aEdpmJLH.jpg,563,537,Microplastic,413,45,463,85
c--55-_jpg.rf.gjg446Q8FYX4aEdpmJLH.jpg,563,537,Microplastic,180,73,210,106
c--55-_jpg.rf.gjg446Q8FYX4aEdpmJLH.jpg,563,537,Microplastic,437,105,492,158
c--55-_jpg.rf.gjg446Q8FYX4aEdpmJLH.jpg,563,537,Microplastic,130,242,165,283
c--55-_jpg.rf.gjg446Q8FYX4aEdpmJLH.jpg,563,537,Microplastic,290,283,316,300
c--55-_jpg.rf.gjg446Q8FYX4aEdpmJLH.jpg,563,537,Microplastic,330,379,378,406
c--55-_jpg.rf.gjg446Q8FYX4aEdpmJLH.jpg,563,537,Microplastic,192,394,241,430
c--55-_jpg.rf.gjg446Q8FYX4aEdpmJLH.jpg,563,537,Microplastic,7,523,45,536
c--62-_jpg.rf.cxokmGPFl8RQvr3ciOzi.jpg,563,537,Microplastic,338,14,376,39
c--62-_jpg.rf.cxokmGPFl8RQvr3ciOzi.jpg,563,537,Microplastic,147,104,175,134
c--62-_jpg.rf.cxokmGPFl8RQvr3ciOzi.jpg,563,537,Microplastic,476,110,500,136
c--62-_jpg.rf.cxokmGPFl8RQvr3ciOzi.jpg,563,537,Microplastic,68,110,101,147
c--62-_jpg.rf.cxokmGPFl8RQvr3ciOzi.jpg,563,537,Microplastic,326,127,348,143
c--62-_jpg.rf.cxokmGPFl8RQvr3ciOzi.jpg,563,537,Microplastic,25,145,65,176
c--62-_jpg.rf.cxokmGPFl8RQvr3ciOzi.jpg,563,537,Microplastic,486,148,515,182
c--62-_jpg.rf.cxokmGPFl8RQvr3ciOzi.jpg,563,537,Microplastic,281,169,337,203
c--62-_jpg.rf.cxokmGPFl8RQvr3ciOzi.jpg,563,537,Microplastic,80,195,120,223
c--62-_jpg.rf.cxokmGPFl8RQvr3ciOzi.jpg,563,537,Microplastic,488,348,524,387
c--62-_jpg.rf.cxokmGPFl8RQvr3ciOzi.jpg,563,537,Microplastic,426,415,471,496
c--62-_jpg.rf.cxokmGPFl8RQvr3ciOzi.jpg,563,537,Microplastic,0,472,21,521
c--62-_jpg.rf.cxokmGPFl8RQvr3ciOzi.jpg,563,537,Microplastic,61,518,101,536
c--62-_jpg.rf.cxokmGPFl8RQvr3ciOzi.jpg,563,537,Microplastic,353,530,380,536
c--167-_jpg.rf.OM5hXmVH4xXEkixUqNUK.jpg,563,537,Microplastic,476,117,519,163
c--167-_jpg.rf.OM5hXmVH4xXEkixUqNUK.jpg,563,537,Microplastic,381,149,382,152
c--167-_jpg.rf.OM5hXmVH4xXEkixUqNUK.jpg,563,537,Microplastic,0,184,15,231
c--167-_jpg.rf.OM5hXmVH4xXEkixUqNUK.jpg,563,537,Microplastic,490,187,528,227
c--167-_jpg.rf.OM5hXmVH4xXEkixUqNUK.jpg,563,537,Microplastic,477,375,511,412
c--167-_jpg.rf.OM5hXmVH4xXEkixUqNUK.jpg,563,537,Microplastic,42,485,76,535
c--46-_jpg.rf.sHsW6K4CzD5eqdk3fi17.jpg,563,537,Microplastic,0,0,60,44
c--46-_jpg.rf.sHsW6K4CzD5eqdk3fi17.jpg,563,537,Microplastic,139,8,160,28
c--46-_jpg.rf.sHsW6K4CzD5eqdk3fi17.jpg,563,537,Microplastic,386,0,447,46
c--46-_jpg.rf.sHsW6K4CzD5eqdk3fi17.jpg,563,537,Microplastic,140,140,160,159
c--46-_jpg.rf.sHsW6K4CzD5eqdk3fi17.jpg,563,537,Microplastic,478,126,530,178
c--46-_jpg.rf.sHsW6K4CzD5eqdk3fi17.jpg,563,537,Microplastic,176,154,206,180
c--46-_jpg.rf.sHsW6K4CzD5eqdk3fi17.jpg,563,537,Microplastic,79,186,105,224
c--46-_jpg.rf.sHsW6K4CzD5eqdk3fi17.jpg,563,537,Microplastic,0,229,17,269
c--46-_jpg.rf.sHsW6K4CzD5eqdk3fi17.jpg,563,537,Microplastic,298,395,346,441
c--46-_jpg.rf.sHsW6K4CzD5eqdk3fi17.jpg,563,537,Microplastic,211,415,244,448
c--46-_jpg.rf.sHsW6K4CzD5eqdk3fi17.jpg,563,537,Microplastic,0,399,32,470
c--46-_jpg.rf.sHsW6K4CzD5eqdk3fi17.jpg,563,537,Microplastic,139,408,181,479
c--46-_jpg.rf.sHsW6K4CzD5eqdk3fi17.jpg,563,537,Microplastic,426,429,489,518
c--46-_jpg.rf.sHsW6K4CzD5eqdk3fi17.jpg,563,537,Microplastic,383,469,415,510
c--48-_jpg.rf.mk53R3xeWfsw4n6iJPeq.jpg,563,537,Microplastic,242,0,315,40
c--48-_jpg.rf.mk53R3xeWfsw4n6iJPeq.jpg,563,537,Microplastic,460,117,528,178
c--48-_jpg.rf.mk53R3xeWfsw4n6iJPeq.jpg,563,537,Microplastic,466,199,529,232
c--48-_jpg.rf.mk53R3xeWfsw4n6iJPeq.jpg,563,537,Microplastic,336,175,421,279
c--48-_jpg.rf.mk53R3xeWfsw4n6iJPeq.jpg,563,537,Microplastic,66,272,101,305
c--48-_jpg.rf.mk53R3xeWfsw4n6iJPeq.jpg,563,537,Microplastic,511,298,550,348
c--48-_jpg.rf.mk53R3xeWfsw4n6iJPeq.jpg,563,537,Microplastic,312,357,365,387
c--48-_jpg.rf.mk53R3xeWfsw4n6iJPeq.jpg,563,537,Microplastic,483,369,536,454
c--169-_jpg.rf.07biXOoQZFlVrUhRNLFC.jpg,563,537,Microplastic,409,19,446,50
c--169-_jpg.rf.07biXOoQZFlVrUhRNLFC.jpg,563,537,Microplastic,498,32,514,44
c--169-_jpg.rf.07biXOoQZFlVrUhRNLFC.jpg,563,537,Microplastic,173,26,212,51
c--169-_jpg.rf.07biXOoQZFlVrUhRNLFC.jpg,563,537,Microplastic,388,201,404,217
c--169-_jpg.rf.07biXOoQZFlVrUhRNLFC.jpg,563,537,Microplastic,361,246,380,266
c--169-_jpg.rf.07biXOoQZFlVrUhRNLFC.jpg,563,537,Microplastic,456,394,502,433
c--169-_jpg.rf.07biXOoQZFlVrUhRNLFC.jpg,563,537,Microplastic,9,466,55,496
c--169-_jpg.rf.07biXOoQZFlVrUhRNLFC.jpg,563,537,Microplastic,236,497,263,517
c--179-_jpg.rf.SuBcqT4oWnRbMZfQu0C6.jpg,563,537,Microplastic,361,5,379,21
c--179-_jpg.rf.SuBcqT4oWnRbMZfQu0C6.jpg,563,537,Microplastic,169,13,197,30
c--179-_jpg.rf.SuBcqT4oWnRbMZfQu0C6.jpg,563,537,Microplastic,439,64,454,85
c--179-_jpg.rf.SuBcqT4oWnRbMZfQu0C6.jpg,563,537,Microplastic,384,192,406,213
c--179-_jpg.rf.SuBcqT4oWnRbMZfQu0C6.jpg,563,537,Microplastic,369,204,382,218
c--179-_jpg.rf.SuBcqT4oWnRbMZfQu0C6.jpg,563,537,Microplastic,40,198,67,241
c--179-_jpg.rf.SuBcqT4oWnRbMZfQu0C6.jpg,563,537,Microplastic,247,262,263,286
c--179-_jpg.rf.SuBcqT4oWnRbMZfQu0C6.jpg,563,537,Microplastic,361,286,374,309
c--179-_jpg.rf.SuBcqT4oWnRbMZfQu0C6.jpg,563,537,Microplastic,77,311,119,346
c--179-_jpg.rf.SuBcqT4oWnRbMZfQu0C6.jpg,563,537,Microplastic,186,402,210,415
c--179-_jpg.rf.SuBcqT4oWnRbMZfQu0C6.jpg,563,537,Microplastic,0,505,5,523
d--94-_jpg.rf.61ZpTwx0omwkusn0K9mB.jpg,563,537,Microplastic,395,90,496,190
d--94-_jpg.rf.61ZpTwx0omwkusn0K9mB.jpg,563,537,Microplastic,101,253,240,370
d--94-_jpg.rf.61ZpTwx0omwkusn0K9mB.jpg,563,537,Microplastic,164,346,301,452
f--109-_jpg.rf.4OUYWICd1BK0ULNHNIHe.jpg,563,537,Microplastic,462,147,501,192
f--109-_jpg.rf.4OUYWICd1BK0ULNHNIHe.jpg,563,537,Microplastic,209,489,273,536
f--109-_jpg.rf.4OUYWICd1BK0ULNHNIHe.jpg,563,537,Microplastic,59,507,173,536
c--58-_jpg.rf.ysZyFZXpLNbKXUou7dTu.jpg,563,537,Microplastic,239,34,284,117
c--58-_jpg.rf.ysZyFZXpLNbKXUou7dTu.jpg,563,537,Microplastic,462,112,492,143
c--58-_jpg.rf.ysZyFZXpLNbKXUou7dTu.jpg,563,537,Microplastic,0,242,13,263
c--58-_jpg.rf.ysZyFZXpLNbKXUou7dTu.jpg,563,537,Microplastic,191,234,261,293
c--58-_jpg.rf.ysZyFZXpLNbKXUou7dTu.jpg,563,537,Microplastic,503,247,543,287
c--58-_jpg.rf.ysZyFZXpLNbKXUou7dTu.jpg,563,537,Microplastic,133,283,167,317
c--58-_jpg.rf.ysZyFZXpLNbKXUou7dTu.jpg,563,537,Microplastic,301,348,322,372
c--58-_jpg.rf.ysZyFZXpLNbKXUou7dTu.jpg,563,537,Microplastic,331,529,365,536
f--193-_jpg.rf.yisWQs5pp57nSw8RRNR1.jpg,563,537,Microplastic,20,0,98,105
f--193-_jpg.rf.yisWQs5pp57nSw8RRNR1.jpg,563,537,Microplastic,202,43,244,120
f--193-_jpg.rf.yisWQs5pp57nSw8RRNR1.jpg,563,537,Microplastic,289,189,324,231
f--193-_jpg.rf.yisWQs5pp57nSw8RRNR1.jpg,563,537,Microplastic,447,194,504,240
f--193-_jpg.rf.yisWQs5pp57nSw8RRNR1.jpg,563,537,Microplastic,420,334,497,389
f--193-_jpg.rf.yisWQs5pp57nSw8RRNR1.jpg,563,537,Microplastic,245,355,294,401
f--193-_jpg.rf.yisWQs5pp57nSw8RRNR1.jpg,563,537,Microplastic,54,429,100,482
f--193-_jpg.rf.yisWQs5pp57nSw8RRNR1.jpg,563,537,Microplastic,275,499,329,536
f--193-_jpg.rf.yisWQs5pp57nSw8RRNR1.jpg,563,537,Microplastic,175,0,238,18

f--76-_jpg.rf.9QAjS75qGykInTEFU0h1.jpg,563,537,Microplastic,180,0,224,22
f--76-_jpg.rf.9QAjS75qGykInTEFU0h1.jpg,563,537,Microplastic,234,68,251,84
f--76-_jpg.rf.9QAjS75qGykInTEFU0h1.jpg,563,537,Microplastic,405,74,446,117
f--76-_jpg.rf.9QAjS75qGykInTEFU0h1.jpg,563,537,Microplastic,261,116,303,158
f--76-_jpg.rf.9QAjS75qGykInTEFU0h1.jpg,563,537,Microplastic,9,212,60,267
f--76-_jpg.rf.9QAjS75qGykInTEFU0h1.jpg,563,537,Microplastic,305,217,345,272
f--76-_jpg.rf.9QAjS75qGykInTEFU0h1.jpg,563,537,Microplastic,502,281,511,296
f--76-_jpg.rf.9QAjS75qGykInTEFU0h1.jpg,563,537,Microplastic,388,300,401,313
f--76-_jpg.rf.9QAjS75qGykInTEFU0h1.jpg,563,537,Microplastic,415,312,501,370
f--76-_jpg.rf.9QAjS75qGykInTEFU0h1.jpg,563,537,Microplastic,174,319,211,374
f--76-_jpg.rf.9QAjS75qGykInTEFU0h1.jpg,563,537,Microplastic,404,406,414,418
f--76-_jpg.rf.9QAjS75qGykInTEFU0h1.jpg,563,537,Microplastic,278,463,287,473
f--76-_jpg.rf.9QAjS75qGykInTEFU0h1.jpg,563,537,Microplastic,40,476,71,515
f--76-_jpg.rf.9QAjS75qGykInTEFU0h1.jpg,563,537,Microplastic,342,483,382,516
f--146-_jpg.rf.xmGvP1QdxVKcHr7Al6LZ.jpg,563,537,Microplastic,49,0,99,27
f--146-_jpg.rf.xmGvP1QdxVKcHr7Al6LZ.jpg,563,537,Microplastic,449,89,487,130
f--146-_jpg.rf.xmGvP1QdxVKcHr7Al6LZ.jpg,563,537,Microplastic,458,134,517,182
f--146-_jpg.rf.xmGvP1QdxVKcHr7Al6LZ.jpg,563,537,Microplastic,267,182,326,242
f--146-_jpg.rf.xmGvP1QdxVKcHr7Al6LZ.jpg,563,537,Microplastic,164,292,235,338
f--146-_jpg.rf.xmGvP1QdxVKcHr7Al6LZ.jpg,563,537,Microplastic,0,425,31,493
f--146-_jpg.rf.xmGvP1QdxVKcHr7Al6LZ.jpg,563,537,Microplastic,122,492,181,536
f--194-_jpg.rf.XVqsY70fJOnIknMP59Ym.jpg,563,537,Microplastic,0,9,46,56
f--194-_jpg.rf.XVqsY70fJOnIknMP59Ym.jpg,563,537,Microplastic,304,19,360,70
f--194-_jpg.rf.XVqsY70fJOnIknMP59Ym.jpg,563,537,Microplastic,142,25,197,69
f--194-_jpg.rf.XVqsY70fJOnIknMP59Ym.jpg,563,537,Microplastic,182,137,223,183
f--194-_jpg.rf.XVqsY70fJOnIknMP59Ym.jpg,563,537,Microplastic,249,200,344,299
f--194-_jpg.rf.XVqsY70fJOnIknMP59Ym.jpg,563,537,Microplastic,435,283,482,348
f--194-_jpg.rf.XVqsY70fJOnIknMP59Ym.jpg,563,537,Microplastic,129,387,216,446
f--194-_jpg.rf.XVqsY70fJOnIknMP59Ym.jpg,563,537,Microplastic,62,472,94,536
f--194-_jpg.rf.XVqsY70fJOnIknMP59Ym.jpg,563,537,Microplastic,234,497,308,536
c--172-_jpg.rf.VW0IGI81gM1pMCzaoWkH.jpg,563,537,Microplastic,500,130,515,147
c--172-_jpg.rf.VW0IGI81gM1pMCzaoWkH.jpg,563,537,Microplastic,251,194,272,212
c--172-_jpg.rf.VW0IGI81gM1pMCzaoWkH.jpg,563,537,Microplastic,397,207,410,222
c--172-_jpg.rf.VW0IGI81gM1pMCzaoWkH.jpg,563,537,Microplastic,116,256,178,311
c--172-_jpg.rf.VW0IGI81gM1pMCzaoWkH.jpg,563,537,Microplastic,2,301,33,348
c--172-_jpg.rf.VW0IGI81gM1pMCzaoWkH.jpg,563,537,Microplastic,349,513,379,536
c--150-_jpg.rf.OdbYluTfU4EtkTlSazqs.jpg,563,537,Microplastic,69,31,115,92
c--150-_jpg.rf.OdbYluTfU4EtkTlSazqs.jpg,563,537,Microplastic,47,108,92,156
c--150-_jpg.rf.OdbYluTfU4EtkTlSazqs.jpg,563,537,Microplastic,382,182,397,201
c--150-_jpg.rf.OdbYluTfU4EtkTlSazqs.jpg,563,537,Microplastic,266,184,300,222
c--150-_jpg.rf.OdbYluTfU4EtkTlSazqs.jpg,563,537,Microplastic,278,244,292,260
c--150-_jpg.rf.OdbYluTfU4EtkTlSazqs.jpg,563,537,Microplastic,68,285,94,319
c--150-_jpg.rf.OdbYluTfU4EtkTlSazqs.jpg,563,537,Microplastic,29,369,58,396
c--150-_jpg.rf.OdbYluTfU4EtkTlSazqs.jpg,563,537,Microplastic,246,437,286,459
c--150-_jpg.rf.OdbYluTfU4EtkTlSazqs.jpg,563,537,Microplastic,422,464,457,517
f--166-_jpg.rf.5sObMx2D7qJGVrSR3lBX.jpg,563,537,Microplastic,337,123,360,141
f--166-_jpg.rf.5sObMx2D7qJGVrSR3lBX.jpg,563,537,Microplastic,222,114,278,158
f--166-_jpg.rf.5sObMx2D7qJGVrSR3lBX.jpg,563,537,Microplastic,460,132,509,204
f--166-_jpg.rf.5sObMx2D7qJGVrSR3lBX.jpg,563,537,Microplastic,330,232,369,271
f--166-_jpg.rf.5sObMx2D7qJGVrSR3lBX.jpg,563,537,Microplastic,271,285,294,314
f--166-_jpg.rf.5sObMx2D7qJGVrSR3lBX.jpg,563,537,Microplastic,124,355,163,409
d--49-_jpg.rf.QJuKoBHmaou03yOqVt8g.jpg,563,537,Microplastic,30,159,140,317
d--49-_jpg.rf.QJuKoBHmaou03yOqVt8g.jpg,563,537,Microplastic,77,303,202,394
d--49-_jpg.rf.QJuKoBHmaou03yOqVt8g.jpg,563,537,Microplastic,325,303,517,443
d--47-_jpg.rf.jZ6TzjBJv1IvQTwfd5yn.jpg,563,537,Microplastic,116,243,235,334
f--24-_jpg.rf.HRH6u7PZdAif3lA7llpa.jpg,563,537,Microplastic,369,0,441,73
f--24-_jpg.rf.HRH6u7PZdAif3lA7llpa.jpg,563,537,Microplastic,52,47,124,124
f--24-_jpg.rf.HRH6u7PZdAif3lA7llpa.jpg,563,537,Microplastic,525,354,561,417

d--5-_jpg.rf.ilS0QJy4hF68Wrj6b0lk.jpg,563,537,Microplastic,129,117,373,391
f--27-_jpg.rf.oREA3PmO2mDpscxougZg.jpg,563,537,Microplastic,250,0,317,27
f--27-_jpg.rf.oREA3PmO2mDpscxougZg.jpg,563,537,Microplastic,495,160,562,238
f--27-_jpg.rf.oREA3PmO2mDpscxougZg.jpg,563,537,Microplastic,462,412,516,478
f--27-_jpg.rf.oREA3PmO2mDpscxougZg.jpg,563,537,Microplastic,127,472,197,536
Screenshot 2026-04-19 at 4-27-33 PM_png.rf.mi328X7OLB7tDu6lBAC9.png,900,472,Microplastic,758,27,846,86
Screenshot 2026-04-19 at 4-21-28 PM_png.rf.jJSbSEDAUcX2Vwi7DSVd.png,1556,858,Microplastic,471,402,522,449
Screenshot 2026-04-19 at 4-21-28 PM_png.rf.jJSbSEDAUcX2Vwi7DSVd.png,1556,858,Microplastic,294,709,348,746
Screenshot 2026-04-19 at 4-21-28 PM_png.rf.jJSbSEDAUcX2Vwi7DSVd.png,1556,858,Microplastic,7,381,35,412
Screenshot 2026-04-19 at 4-21-28 PM_png.rf.jJSbSEDAUcX2Vwi7DSVd.png,1556,858,Microplastic,690,700,720,728
Screenshot 2026-04-19 at 4-21-28 PM_png.rf.jJSbSEDAUcX2Vwi7DSVd.png,1556,858,Microplastic,1446,686,1482,721
Screenshot 2026-04-19 at 4-21-28 PM_png.rf.jJSbSEDAUcX2Vwi7DSVd.png,1556,858,Microplastic,1293,725,1322,747
Screenshot 2026-04-19 at 4-21-28 PM_png.rf.jJSbSEDAUcX2Vwi7DSVd.png,1556,858,Microplastic,123,577,193,645
Screenshot 2026-04-19 at 4-21-28 PM_png.rf.jJSbSEDAUcX2Vwi7DSVd.png,1556,858,Microplastic,633,404,758,537
Screenshot 2026-04-19 at 4-21-28 PM_png.rf.jJSbSEDAUcX2Vwi7DSVd.png,1556,858,Microplastic,9,379,95,444
Screenshot 2026-04-19 at 4-21-28 PM_png.rf.jJSbSEDAUcX2Vwi7DSVd.png,1556,858,Microplastic,436,512,474,557
Screenshot 2026-04-19 at 4-21-28 PM_png.rf.jJSbSEDAUcX2Vwi7DSVd.png,1556,858,Microplastic,432,100,511,182
Screenshot 2026-04-19 at 4-21-28 PM_png.rf.jJSbSEDAUcX2Vwi7DSVd.png,1556,858,Microplastic,1012,497,1122,597
Screenshot 2026-04-19 at 4-21-28 PM_png.rf.jJSbSEDAUcX2Vwi7DSVd.png,1556,858,Microplastic,719,244,748,275
Screenshot 2026-04-19 at 4-21-28 PM_png.rf.jJSbSEDAUcX2Vwi7DSVd.png,1556,858,Microplastic,1065,419,1119,483
Screenshot 2026-04-19 at 4-21-28 PM_png.rf.jJSbSEDAUcX2Vwi7DSVd.png,1556,858,Microplastic,552,232,579,262
Screenshot 2026-04-19 at 4-21-28 PM_png.rf.jJSbSEDAUcX2Vwi7DSVd.png,1556,858,Microplastic,1305,135,1330,163
Screenshot 2026-04-19 at 4-21-28 PM_png.rf.jJSbSEDAUcX2Vwi7DSVd.png,1556,858,Microplastic,795,214,922,408
Screenshot 2026-04-19 at 4-21-28 PM_png.rf.jJSbSEDAUcX2Vwi7DSVd.png,1556,858,Microplastic,1394,298,1425,324
Screenshot 2026-04-19 at 4-21-28 PM_png.rf.jJSbSEDAUcX2Vwi7DSVd.png,1556,858,Microplastic,87,242,108,262
Screenshot 2026-04-19 at 4-21-28 PM_png.rf.jJSbSEDAUcX2Vwi7DSVd.png,1556,858,Microplastic,795,792,825,819
Screenshot 2026-04-19 at 4-21-28 PM_png.rf.jJSbSEDAUcX2Vwi7DSVd.png,1556,858,Microplastic,1248,142,1273,170
Screenshot 2026-04-19 at 4-21-28 PM_png.rf.jJSbSEDAUcX2Vwi7DSVd.png,1556,858,Microplastic,1207,282,1238,309
Screenshot 2026-04-19 at 4-21-28 PM_png.rf.jJSbSEDAUcX2Vwi7DSVd.png,1556,858,Microplastic,1501,394,1532,421
Screenshot 2026-04-19 at 4-21-28 PM_png.rf.jJSbSEDAUcX2Vwi7DSVd.png,1556,858,Microplastic,648,8,763,89
Screenshot 2026-04-19 at 4-21-28 PM_png.rf.jJSbSEDAUcX2Vwi7DSVd.png,1556,858,Microplastic,1271,606,1303,631
Screenshot 2026-04-19 at 4-21-28 PM_png.rf.jJSbSEDAUcX2Vwi7DSVd.png,1556,858,Microplastic,1365,314,1390,338
Screenshot 2026-04-19 at 4-21-28 PM_png.rf.jJSbSEDAUcX2Vwi7DSVd.png,1556,858,Microplastic,473,322,501,351
Screenshot 2026-04-19 at 4-21-28 PM_png.rf.jJSbSEDAUcX2Vwi7DSVd.png,1556,858,Microplastic,666,785,693,807
Screenshot 2026-04-19 at 4-21-28 PM_png.rf.jJSbSEDAUcX2Vwi7DSVd.png,1556,858,Microplastic,1407,773,1456,814
Screenshot 2026-04-19 at 4-21-28 PM_png.rf.jJSbSEDAUcX2Vwi7DSVd.png,1556,858,Microplastic,1123,9,1195,86
Screenshot 2026-04-19 at 4-21-28 PM_png.rf.jJSbSEDAUcX2Vwi7DSVd.png,1556,858,Microplastic,893,663,924,688
Screenshot 2026-04-19 at 4-21-28 PM_png.rf.jJSbSEDAUcX2Vwi7DSVd.png,1556,858,Microplastic,1518,247,1541,271
Screenshot 2026-04-19 at 4-21-28 PM_png.rf.jJSbSEDAUcX2Vwi7DSVd.png,1556,858,Microplastic,1277,658,1307,680
Screenshot 2026-04-19 at 4-21-28 PM_png.rf.jJSbSEDAUcX2Vwi7DSVd.png,1556,858,Microplastic,747,0,779,15
Screenshot 2026-04-19 at 4-21-28 PM_png.rf.jJSbSEDAUcX2Vwi7DSVd.png,1556,858,Microplastic,367,615,425,671
Screenshot 2026-04-19 at 4-21-28 PM_png.rf.jJSbSEDAUcX2Vwi7DSVd.png,1556,858,Microplastic,1036,240,1135,325
Screenshot 2026-04-19 at 4-21-28 PM_png.rf.jJSbSEDAUcX2Vwi7DSVd.png,1556,858,Microplastic,1112,364,1164,411
Screenshot 2026-04-19 at 4-21-28 PM_png.rf.jJSbSEDAUcX2Vwi7DSVd.png,1556,858,Microplastic,344,185,385,226
Screenshot 2026-04-19 at 4-21-28 PM_png.rf.jJSbSEDAUcX2Vwi7DSVd.png,1556,858,Microplastic,388,722,467,790
Screenshot 2026-04-19 at 4-21-28 PM_png.rf.jJSbSEDAUcX2Vwi7DSVd.png,1556,858,Microplastic,1506,571,1556,617
Screenshot 2026-04-19 at 4-21-28 PM_png.rf.jJSbSEDAUcX2Vwi7DSVd.png,1556,858,Microplastic,1277,177,1310,206
Screenshot 2026-04-19 at 4-21-28 PM_png.rf.jJSbSEDAUcX2Vwi7DSVd.png,1556,858,Microplastic,834,640,879,680
Screenshot 2026-04-19 at 4-31-06 PM_png.rf.lEPJ2kn82LBEZnwEPI8S.png,1504,792,Microplastic,1118,637,1172,684
Screenshot 2026-04-19 at 4-31-06 PM_png.rf.lEPJ2kn82LBEZnwEPI8S.png,1504,792,Microplastic,166,329,225,381
Screenshot 2026-04-19 at 4-31-06 PM_png.rf.lEPJ2kn82LBEZnwEPI8S.png,1504,792,Microplastic,879,438,946,506
Screenshot 2026-04-19 at 4-31-06 PM_png.rf.lEPJ2kn82LBEZnwEPI8S.png,1504,792,Microplastic,65,82,114,128
Screenshot 2026-04-19 at 4-31-06 PM_png.rf.lEPJ2kn82LBEZnwEPI8S.png,1504,792,Microplastic,1155,562,1207,605
Screenshot 2026-04-19 at 4-31-06 PM_png.rf.lEPJ2kn82LBEZnwEPI8S.png,1504,792,Microplastic,484,656,561,725
Screenshot 2026-04-19 at 4-31-06 PM_png.rf.lEPJ2kn82LBEZnwEPI8S.png,1504,792,Microplastic,1444,496,1490,535
Screenshot 2026-04-19 at 4-31-06 PM_png.rf.lEPJ2kn82LBEZnwEPI8S.png,1504,792,Microplastic,1140,355,1190,400
Screenshot 2026-04-19 at 4-31-06 PM_png.rf.lEPJ2kn82LBEZnwEPI8S.png,1504,792,Microplastic,0,316,23,358
Screenshot 2026-04-19 at 4-31-06 PM_png.rf.lEPJ2kn82LBEZnwEPI8S.png,1504,792,Microplastic,837,409,877,447
Screenshot 2026-04-19 at 4-31-06 PM_png.rf.lEPJ2kn82LBEZnwEPI8S.png,1504,792,Microplastic,168,528,215,571

d--61-_jpg.rf.Z8NRAR8eRrBrPlpfX0kB.jpg,563,537,Microplastic,352,82,469,189
d--61-_jpg.rf.Z8NRAR8eRrBrPlpfX0kB.jpg,563,537,Microplastic,85,236,200,351
d--61-_jpg.rf.Z8NRAR8eRrBrPlpfX0kB.jpg,563,537,Microplastic,394,306,514,406
d--61-_jpg.rf.Z8NRAR8eRrBrPlpfX0kB.jpg,563,537,Microplastic,56,468,202,536
d--39-_jpg.rf.kl1BwAxevDwIxnfZ7HWI.jpg,563,537,Microplastic,49,42,215,187
d--39-_jpg.rf.kl1BwAxevDwIxnfZ7HWI.jpg,563,537,Microplastic,98,185,282,336
d--39-_jpg.rf.kl1BwAxevDwIxnfZ7HWI.jpg,563,537,Microplastic,410,146,562,323
Screenshot 2026-04-16 at 4-35-03 PM_png.rf.zCQsdsIMgxya2h16g5z4.png,1572,840,Microplastic,1335,83,1363,109
Screenshot 2026-04-16 at 4-35-03 PM_png.rf.zCQsdsIMgxya2h16g5z4.png,1572,840,Microplastic,738,55,789,105
Screenshot 2026-04-16 at 4-35-03 PM_png.rf.zCQsdsIMgxya2h16g5z4.png,1572,840,Microplastic,1143,226,1181,261
Screenshot 2026-04-16 at 4-35-03 PM_png.rf.zCQsdsIMgxya2h16g5z4.png,1572,840,Microplastic,198,515,227,548
Screenshot 2026-04-16 at 4-35-03 PM_png.rf.zCQsdsIMgxya2h16g5z4.png,1572,840,Microplastic,1317,513,1565,655
Screenshot 2026-04-16 at 4-35-03 PM_png.rf.zCQsdsIMgxya2h16g5z4.png,1572,840,Microplastic,1098,12,1143,58
Screenshot 2026-04-16 at 4-35-03 PM_png.rf.zCQsdsIMgxya2h16g5z4.png,1572,840,Microplastic,205,196,249,232
Screenshot 2026-04-16 at 4-35-03 PM_png.rf.zCQsdsIMgxya2h16g5z4.png,1572,840,Microplastic,1466,240,1499,272
Screenshot 2026-04-16 at 4-35-03 PM_png.rf.zCQsdsIMgxya2h16g5z4.png,1572,840,Microplastic,1003,53,1032,83
Screenshot 2026-04-16 at 4-35-03 PM_png.rf.zCQsdsIMgxya2h16g5z4.png,1572,840,Microplastic,671,510,701,541
Screenshot 2026-04-16 at 4-35-03 PM_png.rf.zCQsdsIMgxya2h16g5z4.png,1572,840,Microplastic,829,121,873,165
Screenshot 2026-04-16 at 4-35-03 PM_png.rf.zCQsdsIMgxya2h16g5z4.png,1572,840,Microplastic,1512,242,1540,272
Screenshot 2026-04-16 at 4-35-03 PM_png.rf.zCQsdsIMgxya2h16g5z4.png,1572,840,Microplastic,230,346,275,388
Screenshot 2026-04-16 at 4-35-03 PM_png.rf.zCQsdsIMgxya2h16g5z4.png,1572,840,Microplastic,709,141,761,187
Screenshot 2026-04-16 at 4-35-03 PM_png.rf.zCQsdsIMgxya2h16g5z4.png,1572,840,Microplastic,788,307,818,344
Screenshot 2026-04-16 at 4-35-03 PM_png.rf.zCQsdsIMgxya2h16g5z4.png,1572,840,Microplastic,972,242,1219,416
Screenshot 2026-04-16 at 4-35-03 PM_png.rf.zCQsdsIMgxya2h16g5z4.png,1572,840,Microplastic,946,556,1119,637
Screenshot 2026-04-16 at 4-35-03 PM_png.rf.zCQsdsIMgxya2h16g5z4.png,1572,840,Microplastic,931,617,960,654
Screenshot 2026-04-16 at 4-35-03 PM_png.rf.zCQsdsIMgxya2h16g5z4.png,1572,840,Microplastic,553,0,590,30
Screenshot 2026-04-16 at 4-35-03 PM_png.rf.zCQsdsIMgxya2h16g5z4.png,1572,840,Microplastic,207,311,470,421
Screenshot 2026-04-16 at 4-35-03 PM_png.rf.zCQsdsIMgxya2h16g5z4.png,1572,840,Microplastic,1329,563,1368,614
Screenshot 2026-04-16 at 4-35-03 PM_png.rf.zCQsdsIMgxya2h16g5z4.png,1572,840,Microplastic,967,771,1015,829
Screenshot 2026-04-16 at 4-35-03 PM_png.rf.zCQsdsIMgxya2h16g5z4.png,1572,840,Microplastic,991,576,1016,606
Screenshot 2026-04-16 at 4-35-03 PM_png.rf.zCQsdsIMgxya2h16g5z4.png,1572,840,Microplastic,1004,335,1051,375
Screenshot 2026-04-16 at 4-35-03 PM_png.rf.zCQsdsIMgxya2h16g5z4.png,1572,840,Microplastic,643,207,677,234
d--44-_jpg.rf.oOHYkHCbGk2GcmLL2Xet.jpg,563,537,Microplastic,88,216,180,333
d--44-_jpg.rf.oOHYkHCbGk2GcmLL2Xet.jpg,563,537,Microplastic,178,239,274,350
d--44-_jpg.rf.oOHYkHCbGk2GcmLL2Xet.jpg,563,537,Microplastic,509,173,562,301
d--64-_jpg.rf.pwGQK0dTuBWIi7aDwQc4.jpg,563,537,Microplastic,426,0,534,100
d--64-_jpg.rf.pwGQK0dTuBWIi7aDwQc4.jpg,563,537,Microplastic,443,105,562,236
d--64-_jpg.rf.pwGQK0dTuBWIi7aDwQc4.jpg,563,537,Microplastic,145,179,245,307
d--64-_jpg.rf.pwGQK0dTuBWIi7aDwQc4.jpg,563,537,Microplastic,7,435,144,536
d--65-_jpg.rf.oOYxKkAL9LpPSkNm1awQ.jpg,563,537,Microplastic,57,0,170,51
d--65-_jpg.rf.oOYxKkAL9LpPSkNm1awQ.jpg,563,537,Microplastic,452,0,562,105
d--65-_jpg.rf.oOYxKkAL9LpPSkNm1awQ.jpg,563,537,Microplastic,0,350,37,510
d--97-_jpg.rf.9jhwLWuBzIcbWjEANsjP.jpg,563,537,Microplastic,360,0,485,46
d--97-_jpg.rf.9jhwLWuBzIcbWjEANsjP.jpg,563,537,Microplastic,387,137,476,252
f--199-_jpg.rf.tGEKVhP7WfF5Ib8e4u5v.jpg,563,537,Microplastic,317,0,383,43
f--199-_jpg.rf.tGEKVhP7WfF5Ib8e4u5v.jpg,563,537,Microplastic,414,130,493,205
f--199-_jpg.rf.tGEKVhP7WfF5Ib8e4u5v.jpg,563,537,Microplastic,124,259,163,309
f--199-_jpg.rf.tGEKVhP7WfF5Ib8e4u5v.jpg,563,537,Microplastic,9,254,82,329
f--199-_jpg.rf.tGEKVhP7WfF5Ib8e4u5v.jpg,563,537,Microplastic,400,299,482,406
f--199-_jpg.rf.tGEKVhP7WfF5Ib8e4u5v.jpg,563,537,Microplastic,147,440,219,520
f--199-_jpg.rf.tGEKVhP7WfF5Ib8e4u5v.jpg,563,537,Microplastic,255,484,315,526
f--199-_jpg.rf.tGEKVhP7WfF5Ib8e4u5v.jpg,563,537,Microplastic,81,493,141,530
f--195-_jpg.rf.vdbxJvBOT510CKrlo26z.jpg,563,537,Microplastic,280,0,367,17
f--195-_jpg.rf.vdbxJvBOT510CKrlo26z.jpg,563,537,Microplastic,134,0,184,47
f--195-_jpg.rf.vdbxJvBOT510CKrlo26z.jpg,563,537,Microplastic,449,180,496,214
f--195-_jpg.rf.vdbxJvBOT510CKrlo26z.jpg,563,537,Microplastic,422,242,478,302
f--195-_jpg.rf.vdbxJvBOT510CKrlo26z.jpg,563,537,Microplastic,194,250,229,306
f--195-_jpg.rf.vdbxJvBOT510CKrlo26z.jpg,563,537,Microplastic,0,399,18,446
f--195-_jpg.rf.vdbxJvBOT510CKrlo26z.jpg,563,537,Microplastic,70,425,116,468
f--195-_jpg.rf.vdbxJvBOT510CKrlo26z.jpg,563,537,Microplastic,365,440,413,483
f--195-_jpg.rf.vdbxJvBOT510CKrlo26z.jpg,563,537,Microplastic,242,494,287,536
f--195-_jpg.rf.vdbxJvBOT510CKrlo26z.jpg,563,537,Microplastic,174,520,215,536
f--31-_jpg.rf.yC50sKuDi0v54BIY3yQr.jpg,563,537,Microplastic,269,246,297,275
f--31-_jpg.rf.yC50sKuDi0v54BIY3yQr.jpg,563,537,Microplastic,321,272,354,322
f--31-_jpg.rf.yC50sKuDi0v54BIY3yQr.jpg,563,537,Microplastic,332,447,392,531
d--84-_jpg.rf.B5rZAReyN7iNyHObEfIF.jpg,563,537,Microplastic,431,149,562,292
d--84-_jpg.rf.B5rZAReyN7iNyHObEfIF.jpg,563,537,Microplastic,423,333,562,467
d--84-_jpg.rf.B5rZAReyN7iNyHObEfIF.jpg,563,537,Microplastic,136,294,253,462
d--90-_jpg.rf.BEGkHUiyb1uIEffrhsC0.jpg,563,537,Microplastic,0,73,152,169
d--90-_jpg.rf.BEGkHUiyb1uIEffrhsC0.jpg,563,537,Microplastic,0,431,49,536
d--90-_jpg.rf.BEGkHUiyb1uIEffrhsC0.jpg,563,537,Microplastic,307,329,443,472
d--74-_jpg.rf.UTNJW1lyQJrlXww42EBy.jpg,563,537,Microplastic,264,280,380,380
d--74-_jpg.rf.UTNJW1lyQJrlXww42EBy.jpg,563,537,Microplastic,0,418,92,536
d--74-_jpg.rf.UTNJW1lyQJrlXww42EBy.jpg,563,537,Microplastic,485,398,562,534
d--86-_jpg.rf.Jfuu9a1BAUNxzJMRjs02.jpg,563,537,Microplastic,192,6,302,122
d--86-_jpg.rf.Jfuu9a1BAUNxzJMRjs02.jpg,563,537,Microplastic,187,245,361,383
d--86-_jpg.rf.Jfuu9a1BAUNxzJMRjs02.jpg,563,537,Microplastic,487,311,562,438
c--190-_jpg.rf.XIWi5u3oWdP8cijmWhM2.jpg,563,537,Microplastic,296,305,327,338
c--190-_jpg.rf.XIWi5u3oWdP8cijmWhM2.jpg,563,537,Microplastic,416,303,479,352
c--190-_jpg.rf.XIWi5u3oWdP8cijmWhM2.jpg,563,537,Microplastic,456,375,497,423
c--190-_jpg.rf.XIWi5u3oWdP8cijmWhM2.jpg,563,537,Microplastic,102,415,129,437
c--190-_jpg.rf.XIWi5u3oWdP8cijmWhM2.jpg,563,537,Microplastic,0,478,13,526
c--190-_jpg.rf.XIWi5u3oWdP8cijmWhM2.jpg,563,537,Microplastic,386,523,424,536
c--174-_jpg.rf.X3qOl6HjSEKqXE5VsHDN.jpg,563,537,Microplastic,461,93,481,110
c--174-_jpg.rf.X3qOl6HjSEKqXE5VsHDN.jpg,563,537,Microplastic,464,109,477,124
c--174-_jpg.rf.X3qOl6HjSEKqXE5VsHDN.jpg,563,537,Microplastic,386,202,397,216
c--174-_jpg.rf.X3qOl6HjSEKqXE5VsHDN.jpg,563,537,Microplastic,352,260,364,282
c--174-_jpg.rf.X3qOl6HjSEKqXE5VsHDN.jpg,563,537,Microplastic,199,336,214,348
c--174-_jpg.rf.X3qOl6HjSEKqXE5VsHDN.jpg,563,537,Microplastic,403,455,419,475
c--174-_jpg.rf.X3qOl6HjSEKqXE5VsHDN.jpg,563,537,Microplastic,19,463,53,509
c--174-_jpg.rf.X3qOl6HjSEKqXE5VsHDN.jpg,563,537,Microplastic,375,499,405,520
c--145-_jpg.rf.F40BRPQ4y30st6EB9JI1.jpg,563,537,Microplastic,141,25,178,56
c--145-_jpg.rf.F40BRPQ4y30st6EB9JI1.jpg,563,537,Microplastic,283,141,304,158
c--145-_jpg.rf.F40BRPQ4y30st6EB9JI1.jpg,563,537,Microplastic,237,145,256,162
c--145-_jpg.rf.F40BRPQ4y30st6EB9JI1.jpg,563,537,Microplastic,469,158,483,169
c--145-_jpg.rf.F40BRPQ4y30st6EB9JI1.jpg,563,537,Microplastic,375,177,391,196
c--145-_jpg.rf.F40BRPQ4y30st6EB9JI1.jpg,563,537,Microplastic,123,214,187,277
c--145-_jpg.rf.F40BRPQ4y30st6EB9JI1.jpg,563,537,Microplastic,504,332,543,361
c--145-_jpg.rf.F40BRPQ4y30st6EB9JI1.jpg,563,537,Microplastic,429,390,500,441
c--145-_jpg.rf.F40BRPQ4y30st6EB9JI1.jpg,563,537,Microplastic,362,431,376,447
c--145-_jpg.rf.F40BRPQ4y30st6EB9JI1.jpg,563,537,Microplastic,113,451,173,500
c--145-_jpg.rf.F40BRPQ4y30st6EB9JI1.jpg,563,537,Microplastic,430,456,466,497
c--115-_jpg.rf.VQeVgfjMDo6fZhNLviUO.jpg,563,537,Microplastic,293,0,343,18
c--115-_jpg.rf.VQeVgfjMDo6fZhNLviUO.jpg,563,537,Microplastic,446,111,460,130
c--115-_jpg.rf.VQeVgfjMDo6fZhNLviUO.jpg,563,537,Microplastic,381,132,452,219
c--115-_jpg.rf.VQeVgfjMDo6fZhNLviUO.jpg,563,537,Microplastic,211,165,246,196
c--115-_jpg.rf.VQeVgfjMDo6fZhNLviUO.jpg,563,537,Microplastic,504,233,523,254
c--115-_jpg.rf.VQeVgfjMDo6fZhNLviUO.jpg,563,537,Microplastic,481,347,510,372
c--115-_jpg.rf.VQeVgfjMDo6fZhNLviUO.jpg,563,537,Microplastic,253,402,287,446
c--115-_jpg.rf.VQeVgfjMDo6fZhNLviUO.jpg,563,537,Microplastic,464,463,484,481
c--115-_jpg.rf.VQeVgfjMDo6fZhNLviUO.jpg,563,537,Microplastic,373,495,413,522
c--115-_jpg.rf.VQeVgfjMDo6fZhNLviUO.jpg,563,537,Microplastic,344,514,361,531
c--115-_jpg.rf.VQeVgfjMDo6fZhNLviUO.jpg,563,537,Microplastic,266,513,308,536
c--184-_jpg.rf.jhcXpFqGje0BhgSGAPW8.jpg,563,537,Microplastic,61,213,94,229
c--184-_jpg.rf.jhcXpFqGje0BhgSGAPW8.jpg,563,537,Microplastic,271,322,291,344
c--184-_jpg.rf.jhcXpFqGje0BhgSGAPW8.jpg,563,537,Microplastic,317,332,347,361
c--184-_jpg.rf.jhcXpFqGje0BhgSGAPW8.jpg,563,537,Microplastic,18,395,77,445
c--184-_jpg.rf.jhcXpFqGje0BhgSGAPW8.jpg,563,537,Microplastic,373,445,417,482
c--184-_jpg.rf.jhcXpFqGje0BhgSGAPW8.jpg,563,537,Microplastic,336,468,359,492
c--184-_jpg.rf.jhcXpFqGje0BhgSGAPW8.jpg,563,537,Microplastic,377,497,420,534
c--183-_jpg.rf.dP9KDucj2Vy4DsIjR8CP.jpg,563,537,Microplastic,185,88,207,105
c--183-_jpg.rf.dP9KDucj2Vy4DsIjR8CP.jpg,563,537,Microplastic,319,136,330,152
c--183-_jpg.rf.dP9KDucj2Vy4DsIjR8CP.jpg,563,537,Microplastic,358,152,370,163
c--183-_jpg.rf.dP9KDucj2Vy4DsIjR8CP.jpg,563,537,Microplastic,250,176,266,188
c--183-_jpg.rf.dP9KDucj2Vy4DsIjR8CP.jpg,563,537,Microplastic,136,228,188,262
c--183-_jpg.rf.dP9KDucj2Vy4DsIjR8CP.jpg,563,537,Microplastic,497,253,530,300
c--183-_jpg.rf.dP9KDucj2Vy4DsIjR8CP.jpg,563,537,Microplastic,71,379,86,402
c--183-_jpg.rf.dP9KDucj2Vy4DsIjR8CP.jpg,563,537,Microplastic,272,395,297,412
c--183-_jpg.rf.dP9KDucj2Vy4DsIjR8CP.jpg,563,537,Microplastic,393,475,423,496
c--183-_jpg.rf.dP9KDucj2Vy4DsIjR8CP.jpg,563,537,Microplastic,286,473,318,521
c--194-_jpg.rf.WfvxKHd5La5lf1QH4IeT.jpg,563,537,Microplastic,6,167,74,241
c--194-_jpg.rf.WfvxKHd5La5lf1QH4IeT.jpg,563,537,Microplastic,85,263,107,297
c--194-_jpg.rf.WfvxKHd5La5lf1QH4IeT.jpg,563,537,Microplastic,400,415,428,440
c--194-_jpg.rf.WfvxKHd5La5lf1QH4IeT.jpg,563,537,Microplastic,346,503,378,535
c--182-_jpg.rf.lsQVKPTqnJQT0FitjbeV.jpg,563,537,Microplastic,243,107,263,127
c--182-_jpg.rf.lsQVKPTqnJQT0FitjbeV.jpg,563,537,Microplastic,416,84,477,163
c--182-_jpg.rf.lsQVKPTqnJQT0FitjbeV.jpg,563,537,Microplastic,361,172,374,186
c--182-_jpg.rf.lsQVKPTqnJQT0FitjbeV.jpg,563,537,Microplastic,121,229,144,245
c--182-_jpg.rf.lsQVKPTqnJQT0FitjbeV.jpg,563,537,Microplastic,297,264,309,280
c--182-_jpg.rf.lsQVKPTqnJQT0FitjbeV.jpg,563,537,Microplastic,26,353,62,397
c--182-_jpg.rf.lsQVKPTqnJQT0FitjbeV.jpg,563,537,Microplastic,399,403,409,414
c--15-_jpg.rf.YPbNvuyonCmji9rfDFZw.jpg,563,537,Microplastic,193,0,218,15
c--15-_jpg.rf.YPbNvuyonCmji9rfDFZw.jpg,563,537,Microplastic,100,9,124,39
c--15-_jpg.rf.YPbNvuyonCmji9rfDFZw.jpg,563,537,Microplastic,412,47,453,90
c--15-_jpg.rf.YPbNvuyonCmji9rfDFZw.jpg,563,537,Microplastic,431,100,468,128
c--15-_jpg.rf.YPbNvuyonCmji9rfDFZw.jpg,563,537,Microplastic,381,94,428,137
c--15-_jpg.rf.YPbNvuyonCmji9rfDFZw.jpg,563,537,Microplastic,424,125,497,174
c--15-_jpg.rf.YPbNvuyonCmji9rfDFZw.jpg,563,537,Microplastic,341,149,357,165
c--15-_jpg.rf.YPbNvuyonCmji9rfDFZw.jpg,563,537,Microplastic,124,168,139,185
c--15-_jpg.rf.YPbNvuyonCmji9rfDFZw.jpg,563,537,Microplastic,256,171,298,204
c--15-_jpg.rf.YPbNvuyonCmji9rfDFZw.jpg,563,537,Microplastic,96,210,111,222
c--15-_jpg.rf.YPbNvuyonCmji9rfDFZw.jpg,563,537,Microplastic,302,238,331,281
c--15-_jpg.rf.YPbNvuyonCmji9rfDFZw.jpg,563,537,Microplastic,358,333,375,352
c--15-_jpg.rf.YPbNvuyonCmji9rfDFZw.jpg,563,537,Microplastic,347,347,381,373
c--15-_jpg.rf.YPbNvuyonCmji9rfDFZw.jpg,563,537,Microplastic,262,353,283,376
c--15-_jpg.rf.YPbNvuyonCmji9rfDFZw.jpg,563,537,Microplastic,197,399,238,419
c--15-_jpg.rf.YPbNvuyonCmji9rfDFZw.jpg,563,537,Microplastic,198,387,241,444
c--15-_jpg.rf.YPbNvuyonCmji9rfDFZw.jpg,563,537,Microplastic,182,524,209,536
c--15-_jpg.rf.YPbNvuyonCmji9rfDFZw.jpg,563,537,Microplastic,62,495,133,536
f--137-_jpg.rf.OzhqPlSTV6VSYhjkzfY3.jpg,563,537,Microplastic,181,0,233,14
f--137-_jpg.rf.OzhqPlSTV6VSYhjkzfY3.jpg,563,537,Microplastic,20,10,58,48
f--137-_jpg.rf.OzhqPlSTV6VSYhjkzfY3.jpg,563,537,Microplastic,193,104,220,153
f--137-_jpg.rf.OzhqPlSTV6VSYhjkzfY3.jpg,563,537,Microplastic,312,175,343,200
f--137-_jpg.rf.OzhqPlSTV6VSYhjkzfY3.jpg,563,537,Microplastic,282,176,310,205
f--137-_jpg.rf.OzhqPlSTV6VSYhjkzfY3.jpg,563,537,Microplastic,385,243,405,266
f--137-_jpg.rf.OzhqPlSTV6VSYhjkzfY3.jpg,563,537,Microplastic,238,378,287,418
f--137-_jpg.rf.OzhqPlSTV6VSYhjkzfY3.jpg,563,537,Microplastic,0,415,45,497
f--137-_jpg.rf.OzhqPlSTV6VSYhjkzfY3.jpg,563,537,Microplastic,250,444,385,536
f--137-_jpg.rf.OzhqPlSTV6VSYhjkzfY3.jpg,563,537,Microplastic,51,478,127,536
c--127-_jpg.rf.sDlYJxLNUJOCtjOxnMaB.jpg,563,537,Microplastic,203,28,222,57
c--127-_jpg.rf.sDlYJxLNUJOCtjOxnMaB.jpg,563,537,Microplastic,12,66,44,92
c--127-_jpg.rf.sDlYJxLNUJOCtjOxnMaB.jpg,563,537,Microplastic,556,87,562,124
c--127-_jpg.rf.sDlYJxLNUJOCtjOxnMaB.jpg,563,537,Microplastic,0,97,6,119
c--127-_jpg.rf.sDlYJxLNUJOCtjOxnMaB.jpg,563,537,Microplastic,352,125,370,146
c--127-_jpg.rf.sDlYJxLNUJOCtjOxnMaB.jpg,563,537,Microplastic,494,111,537,168
c--127-_jpg.rf.sDlYJxLNUJOCtjOxnMaB.jpg,563,537,Microplastic,82,142,119,176
c--127-_jpg.rf.sDlYJxLNUJOCtjOxnMaB.jpg,563,537,Microplastic,185,184,205,207
c--127-_jpg.rf.sDlYJxLNUJOCtjOxnMaB.jpg,563,537,Microplastic,113,195,134,222
c--127-_jpg.rf.sDlYJxLNUJOCtjOxnMaB.jpg,563,537,Microplastic,77,275,108,318
c--127-_jpg.rf.sDlYJxLNUJOCtjOxnMaB.jpg,563,537,Microplastic,398,349,434,390
c--127-_jpg.rf.sDlYJxLNUJOCtjOxnMaB.jpg,563,537,Microplastic,146,420,166,440
c--181-_jpg.rf.rNlzaSy9nrU3agxfD12v.jpg,563,537,Microplastic,405,66,467,112
c--181-_jpg.rf.rNlzaSy9nrU3agxfD12v.jpg,563,537,Microplastic,361,163,373,180
c--181-_jpg.rf.rNlzaSy9nrU3agxfD12v.jpg,563,537,Microplastic,496,234,509,251
c--181-_jpg.rf.rNlzaSy9nrU3agxfD12v.jpg,563,537,Microplastic,12,274,38,309
c--181-_jpg.rf.rNlzaSy9nrU3agxfD12v.jpg,563,537,Microplastic,164,392,171,404
c--181-_jpg.rf.rNlzaSy9nrU3agxfD12v.jpg,563,537,Microplastic,77,406,95,429
c--181-_jpg.rf.rNlzaSy9nrU3agxfD12v.jpg,563,537,Microplastic,153,512,208,536
d--60-_jpg.rf.sU0WDIlhFBx7o2zh3DFH.jpg,563,537,Microplastic,111,0,215,76
d--60-_jpg.rf.sU0WDIlhFBx7o2zh3DFH.jpg,563,537,Microplastic,494,311,562,403
d--60-_jpg.rf.sU0WDIlhFBx7o2zh3DFH.jpg,563,537,Microplastic,503,393,562,521
d--50-_jpg.rf.vgQdk1weIxVdf3EV2NCR.jpg,563,537,Microplastic,391,0,503,110
d--50-_jpg.rf.vgQdk1weIxVdf3EV2NCR.jpg,563,537,Microplastic,196,235,309,376
d--50-_jpg.rf.vgQdk1weIxVdf3EV2NCR.jpg,563,537,Microplastic,102,281,204,376
d--50-_jpg.rf.vgQdk1weIxVdf3EV2NCR.jpg,563,537,Microplastic,486,295,562,425
d--40-_jpg.rf.yhSsniFjyxkTKLaD4fnp.jpg,563,537,Microplastic,93,204,290,390
d--40-_jpg.rf.yhSsniFjyxkTKLaD4fnp.jpg,563,537,Microplastic,29,300,138,474
d--40-_jpg.rf.yhSsniFjyxkTKLaD4fnp.jpg,563,537,Microplastic,411,163,562,343
d--71-_jpg.rf.lL0HZklryhyxpPv5rFrA.jpg,563,537,Microplastic,298,0,402,82
d--71-_jpg.rf.lL0HZklryhyxpPv5rFrA.jpg,563,537,Microplastic,96,227,242,356
d--71-_jpg.rf.lL0HZklryhyxpPv5rFrA.jpg,563,537,Microplastic,535,75,562,200
d--71-_jpg.rf.lL0HZklryhyxpPv5rFrA.jpg,563,537,Microplastic,398,497,541,536
d--53-_jpg.rf.tmuds50g8WDAeAj9ypoa.jpg,563,537,Microplastic,229,0,405,125
d--53-_jpg.rf.tmuds50g8WDAeAj9ypoa.jpg,563,537,Microplastic,135,96,317,268
d--48-_jpg.rf.qFWige3gPbYWk16UzpGp.jpg,563,537,Microplastic,152,186,262,284
d--48-_jpg.rf.qFWige3gPbYWk16UzpGp.jpg,563,537,Microplastic,203,476,312,536
Screenshot 2026-04-16 at 4-45-53 PM_png.rf.lWmlfRbqKbbFwrddcvTa.png,1526,854,Microplastic,1299,499,1353,577
Screenshot 2026-04-16 at 4-45-53 PM_png.rf.lWmlfRbqKbbFwrddcvTa.png,1526,854,Microplastic,1136,805,1181,844
Screenshot 2026-04-16 at 4-45-53 PM_png.rf.lWmlfRbqKbbFwrddcvTa.png,1526,854,Microplastic,0,54,39,104
Screenshot 2026-04-16 at 4-45-53 PM_png.rf.lWmlfRbqKbbFwrddcvTa.png,1526,854,Microplastic,371,450,851,629
d--62-_jpg.rf.mZcYbDRUXRcWEVGHrXr3.jpg,563,537,Microplastic,154,91,291,190
d--62-_jpg.rf.mZcYbDRUXRcWEVGHrXr3.jpg,563,537,Microplastic,514,139,562,237
d--62-_jpg.rf.mZcYbDRUXRcWEVGHrXr3.jpg,563,537,Microplastic,182,416,326,536
d--62-_jpg.rf.mZcYbDRUXRcWEVGHrXr3.jpg,563,537,Microplastic,0,468,88,536
b--188-_jpg.rf.9PVCWHkcaUWDuGnE9P1g.jpg,563,537,Microplastic,342,37,368,75
b--188-_jpg.rf.9PVCWHkcaUWDuGnE9P1g.jpg,563,537,Microplastic,425,127,457,155
b--188-_jpg.rf.9PVCWHkcaUWDuGnE9P1g.jpg,563,537,Microplastic,401,233,424,276
b--188-_jpg.rf.9PVCWHkcaUWDuGnE9P1g.jpg,563,537,Microplastic,55,282,80,347
b--188-_jpg.rf.9PVCWHkcaUWDuGnE9P1g.jpg,563,537,Microplastic,95,320,121,360
b--188-_jpg.rf.9PVCWHkcaUWDuGnE9P1g.jpg,563,537,Microplastic,345,362,367,383
b--188-_jpg.rf.9PVCWHkcaUWDuGnE9P1g.jpg,563,537,Microplastic,469,364,497,399
b--188-_jpg.rf.9PVCWHkcaUWDuGnE9P1g.jpg,563,537,Microplastic,2,420,32,472
b--163-_jpg.rf.5O786tEehmYff9Mx3RSs.jpg,563,537,Microplastic,24,0,45,9
b--163-_jpg.rf.5O786tEehmYff9Mx3RSs.jpg,563,537,Microplastic,219,76,239,90
b--163-_jpg.rf.5O786tEehmYff9Mx3RSs.jpg,563,537,Microplastic,95,107,118,128
b--163-_jpg.rf.5O786tEehmYff9Mx3RSs.jpg,563,537,Microplastic,317,109,356,139
b--163-_jpg.rf.5O786tEehmYff9Mx3RSs.jpg,563,537,Microplastic,4,122,25,141
b--163-_jpg.rf.5O786tEehmYff9Mx3RSs.jpg,563,537,Microplastic,162,142,172,158
b--163-_jpg.rf.5O786tEehmYff9Mx3RSs.jpg,563,537,Microplastic,196,156,214,171
b--163-_jpg.rf.5O786tEehmYff9Mx3RSs.jpg,563,537,Microplastic,94,160,120,192
b--163-_jpg.rf.5O786tEehmYff9Mx3RSs.jpg,563,537,Microplastic,349,169,371,194
b--163-_jpg.rf.5O786tEehmYff9Mx3RSs.jpg,563,537,Microplastic,172,182,188,199
b--163-_jpg.rf.5O786tEehmYff9Mx3RSs.jpg,563,537,Microplastic,49,192,70,221
b--163-_jpg.rf.5O786tEehmYff9Mx3RSs.jpg,563,537,Microplastic,470,182,542,241
b--163-_jpg.rf.5O786tEehmYff9Mx3RSs.jpg,563,537,Microplastic,369,190,397,249
b--163-_jpg.rf.5O786tEehmYff9Mx3RSs.jpg,563,537,Microplastic,159,214,190,258
b--163-_jpg.rf.5O786tEehmYff9Mx3RSs.jpg,563,537,Microplastic,64,280,91,308
b--163-_jpg.rf.5O786tEehmYff9Mx3RSs.jpg,563,537,Microplastic,482,280,537,329
b--163-_jpg.rf.5O786tEehmYff9Mx3RSs.jpg,563,537,Microplastic,224,295,235,319
b--163-_jpg.rf.5O786tEehmYff9Mx3RSs.jpg,563,537,Microplastic,349,300,371,319
b--163-_jpg.rf.5O786tEehmYff9Mx3RSs.jpg,563,537,Microplastic,0,327,27,381
b--163-_jpg.rf.5O786tEehmYff9Mx3RSs.jpg,563,537,Microplastic,399,367,424,386
b--163-_jpg.rf.5O786tEehmYff9Mx3RSs.jpg,563,537,Microplastic,247,382,264,406
b--163-_jpg.rf.5O786tEehmYff9Mx3RSs.jpg,563,537,Microplastic,42,380,77,421
b--163-_jpg.rf.5O786tEehmYff9Mx3RSs.jpg,563,537,Microplastic,289,380,348,437
b--163-_jpg.rf.5O786tEehmYff9Mx3RSs.jpg,563,537,Microplastic,242,415,257,435
b--163-_jpg.rf.5O786tEehmYff9Mx3RSs.jpg,563,537,Microplastic,442,449,472,478
b--163-_jpg.rf.5O786tEehmYff9Mx3RSs.jpg,563,537,Microplastic,82,454,117,483
b--163-_jpg.rf.5O786tEehmYff9Mx3RSs.jpg,563,537,Microplastic,22,517,64,536
b--163-_jpg.rf.5O786tEehmYff9Mx3RSs.jpg,563,537,Microplastic,334,522,366,536
d--91-_jpg.rf.UaF46cdAoXYcPRtylQNN.jpg,563,537,Microplastic,210,189,326,343
f--101-_jpg.rf.W1C52kWqnjf18qADe0f6.jpg,563,537,Microplastic,394,74,437,127
f--101-_jpg.rf.W1C52kWqnjf18qADe0f6.jpg,563,537,Microplastic,440,194,486,232
f--101-_jpg.rf.W1C52kWqnjf18qADe0f6.jpg,563,537,Microplastic,459,287,492,328
f--101-_jpg.rf.W1C52kWqnjf18qADe0f6.jpg,563,537,Microplastic,199,320,243,384
f--101-_jpg.rf.W1C52kWqnjf18qADe0f6.jpg,563,537,Microplastic,287,367,332,428
f--101-_jpg.rf.W1C52kWqnjf18qADe0f6.jpg,563,537,Microplastic,384,434,413,478
f--101-_jpg.rf.W1C52kWqnjf18qADe0f6.jpg,563,537,Microplastic,135,520,230,536
d--83-_jpg.rf.DpvThc5eUNoOxHtX4MBH.jpg,563,537,Microplastic,0,0,57,73
d--83-_jpg.rf.DpvThc5eUNoOxHtX4MBH.jpg,563,537,Microplastic,169,150,291,272
d--83-_jpg.rf.DpvThc5eUNoOxHtX4MBH.jpg,563,537,Microplastic,504,207,562,365
d--83-_jpg.rf.DpvThc5eUNoOxHtX4MBH.jpg,563,537,Microplastic,139,501,251,536
f--100-_jpg.rf.KzIXlpivdXeiACoQWx77.jpg,563,537,Microplastic,340,0,428,74
f--100-_jpg.rf.KzIXlpivdXeiACoQWx77.jpg,563,537,Microplastic,164,65,192,109
f--100-_jpg.rf.KzIXlpivdXeiACoQWx77.jpg,563,537,Microplastic,269,79,287,106
f--100-_jpg.rf.KzIXlpivdXeiACoQWx77.jpg,563,537,Microplastic,341,107,387,157
f--100-_jpg.rf.KzIXlpivdXeiACoQWx77.jpg,563,537,Microplastic,489,164,519,204
f--100-_jpg.rf.KzIXlpivdXeiACoQWx77.jpg,563,537,Microplastic,144,169,170,202
f--100-_jpg.rf.KzIXlpivdXeiACoQWx77.jpg,563,537,Microplastic,449,235,541,308
f--100-_jpg.rf.KzIXlpivdXeiACoQWx77.jpg,563,537,Microplastic,335,315,354,345
f--100-_jpg.rf.KzIXlpivdXeiACoQWx77.jpg,563,537,Microplastic,385,340,398,365
f--100-_jpg.rf.KzIXlpivdXeiACoQWx77.jpg,563,537,Microplastic,164,342,212,412
f--100-_jpg.rf.KzIXlpivdXeiACoQWx77.jpg,563,537,Microplastic,292,372,317,403
f--100-_jpg.rf.KzIXlpivdXeiACoQWx77.jpg,563,537,Microplastic,0,460,56,519
f--100-_jpg.rf.KzIXlpivdXeiACoQWx77.jpg,563,537,Microplastic,204,0,263,20
f--105-_jpg.rf.XL6oXROjbjsnXdx7EJ65.jpg,563,537,Microplastic,369,47,472,136
f--105-_jpg.rf.XL6oXROjbjsnXdx7EJ65.jpg,563,537,Microplastic,157,269,191,309
f--105-_jpg.rf.XL6oXROjbjsnXdx7EJ65.jpg,563,537,Microplastic,474,307,509,382
f--105-_jpg.rf.XL6oXROjbjsnXdx7EJ65.jpg,563,537,Microplastic,115,320,166,375
f--105-_jpg.rf.XL6oXROjbjsnXdx7EJ65.jpg,563,537,Microplastic,67,389,104,431
f--105-_jpg.rf.XL6oXROjbjsnXdx7EJ65.jpg,563,537,Microplastic,447,404,474,439
f--105-_jpg.rf.XL6oXROjbjsnXdx7EJ65.jpg,563,537,Microplastic,172,519,232,536
f--105-_jpg.rf.XL6oXROjbjsnXdx7EJ65.jpg,563,537,Microplastic,319,522,360,536
f--1-_jpg.rf.K3M6HqtQCTIhWxdtNpcW.jpg,563,537,Microplastic,104,129,140,188
f--1-_jpg.rf.K3M6HqtQCTIhWxdtNpcW.jpg,563,537,Microplastic,44,299,76,345
f--1-_jpg.rf.K3M6HqtQCTIhWxdtNpcW.jpg,563,537,Microplastic,349,322,380,358
f--1-_jpg.rf.K3M6HqtQCTIhWxdtNpcW.jpg,563,537,Microplastic,335,465,400,536
c--178-_jpg.rf.iEqJcnvRaeZNPRxlGFjP.jpg,563,537,Microplastic,120,18,144,34
c--178-_jpg.rf.iEqJcnvRaeZNPRxlGFjP.jpg,563,537,Microplastic,202,0,242,54
c--178-_jpg.rf.iEqJcnvRaeZNPRxlGFjP.jpg,563,537,Microplastic,261,179,300,217
c--178-_jpg.rf.iEqJcnvRaeZNPRxlGFjP.jpg,563,537,Microplastic,171,367,187,384
c--178-_jpg.rf.iEqJcnvRaeZNPRxlGFjP.jpg,563,537,Microplastic,368,473,391,504
c--178-_jpg.rf.iEqJcnvRaeZNPRxlGFjP.jpg,563,537,Microplastic,216,519,225,535
c--185-_jpg.rf.tQpbZvBvnjacM3t0Ncqs.jpg,563,537,Microplastic,0,32,23,50
c--185-_jpg.rf.tQpbZvBvnjacM3t0Ncqs.jpg,563,537,Microplastic,470,149,509,200
c--185-_jpg.rf.tQpbZvBvnjacM3t0Ncqs.jpg,563,537,Microplastic,300,261,329,285
c--185-_jpg.rf.tQpbZvBvnjacM3t0Ncqs.jpg,563,537,Microplastic,399,289,436,321
c--185-_jpg.rf.tQpbZvBvnjacM3t0Ncqs.jpg,563,537,Microplastic,239,319,271,348
c--185-_jpg.rf.tQpbZvBvnjacM3t0Ncqs.jpg,563,537,Microplastic,82,381,134,440
c--185-_jpg.rf.tQpbZvBvnjacM3t0Ncqs.jpg,563,537,Microplastic,29,495,76,536
c--17-_jpg.rf.nSmdw5jXVPuDS65vaR6K.jpg,563,537,Microplastic,321,0,368,17
c--17-_jpg.rf.nSmdw5jXVPuDS65vaR6K.jpg,563,537,Microplastic,420,56,471,95
c--17-_jpg.rf.nSmdw5jXVPuDS65vaR6K.jpg,563,537,Microplastic,226,92,262,137
c--17-_jpg.rf.nSmdw5jXVPuDS65vaR6K.jpg,563,537,Microplastic,363,157,379,171
c--17-_jpg.rf.nSmdw5jXVPuDS65vaR6K.jpg,563,537,Microplastic,328,237,345,249
c--17-_jpg.rf.nSmdw5jXVPuDS65vaR6K.jpg,563,537,Microplastic,494,234,560,269
c--17-_jpg.rf.nSmdw5jXVPuDS65vaR6K.jpg,563,537,Microplastic,244,357,290,389
c--17-_jpg.rf.nSmdw5jXVPuDS65vaR6K.jpg,563,537,Microplastic,501,384,532,407
c--17-_jpg.rf.nSmdw5jXVPuDS65vaR6K.jpg,563,537,Microplastic,38,387,70,413
c--17-_jpg.rf.nSmdw5jXVPuDS65vaR6K.jpg,563,537,Microplastic,44,502,112,536
c--168-_jpg.rf.zD7NnIU3Ot7KQ9UqtoGq.jpg,563,537,Microplastic,402,8,443,51
c--168-_jpg.rf.zD7NnIU3Ot7KQ9UqtoGq.jpg,563,537,Microplastic,455,407,489,431
c--168-_jpg.rf.zD7NnIU3Ot7KQ9UqtoGq.jpg,563,537,Microplastic,118,425,142,452
c--168-_jpg.rf.zD7NnIU3Ot7KQ9UqtoGq.jpg,563,537,Microplastic,436,459,470,490
c--168-_jpg.rf.zD7NnIU3Ot7KQ9UqtoGq.jpg,563,537,Microplastic,58,482,108,524
c--171-_jpg.rf.dj81eMRpmufJ6ZObgNeu.jpg,563,537,Microplastic,6,112,37,138
c--171-_jpg.rf.dj81eMRpmufJ6ZObgNeu.jpg,563,537,Microplastic,415,210,430,223
c--171-_jpg.rf.dj81eMRpmufJ6ZObgNeu.jpg,563,537,Microplastic,528,218,548,237
c--171-_jpg.rf.dj81eMRpmufJ6ZObgNeu.jpg,563,537,Microplastic,184,300,200,317
c--171-_jpg.rf.dj81eMRpmufJ6ZObgNeu.jpg,563,537,Microplastic,37,489,83,523
c--18-_jpg.rf.rhJVdU8ru14WlHgC5NFk.jpg,563,537,Microplastic,330,0,365,15
c--18-_jpg.rf.rhJVdU8ru14WlHgC5NFk.jpg,563,537,Microplastic,114,41,128,52
c--18-_jpg.rf.rhJVdU8ru14WlHgC5NFk.jpg,563,537,Microplastic,245,86,259,118
c--18-_jpg.rf.rhJVdU8ru14WlHgC5NFk.jpg,563,537,Microplastic,330,150,346,164
c--18-_jpg.rf.rhJVdU8ru14WlHgC5NFk.jpg,563,537,Microplastic,107,205,131,233
c--18-_jpg.rf.rhJVdU8ru14WlHgC5NFk.jpg,563,537,Microplastic,463,211,497,237
c--18-_jpg.rf.rhJVdU8ru14WlHgC5NFk.jpg,563,537,Microplastic,498,226,510,236
c--18-_jpg.rf.rhJVdU8ru14WlHgC5NFk.jpg,563,537,Microplastic,250,262,281,285
c--18-_jpg.rf.rhJVdU8ru14WlHgC5NFk.jpg,563,537,Microplastic,481,278,504,301
c--18-_jpg.rf.rhJVdU8ru14WlHgC5NFk.jpg,563,537,Microplastic,453,456,467,468
c--18-_jpg.rf.rhJVdU8ru14WlHgC5NFk.jpg,563,537,Microplastic,416,457,447,479
c--18-_jpg.rf.rhJVdU8ru14WlHgC5NFk.jpg,563,537,Microplastic,395,494,413,510
c--18-_jpg.rf.rhJVdU8ru14WlHgC5NFk.jpg,563,537,Microplastic,360,501,398,530
b--185-_jpg.rf.79VMTzjNFXs4wrbelipP.jpg,563,537,Microplastic,185,0,241,21
b--185-_jpg.rf.79VMTzjNFXs4wrbelipP.jpg,563,537,Microplastic,160,152,185,176
b--185-_jpg.rf.79VMTzjNFXs4wrbelipP.jpg,563,537,Microplastic,455,154,482,180
b--185-_jpg.rf.79VMTzjNFXs4wrbelipP.jpg,563,537,Microplastic,309,154,343,208
b--185-_jpg.rf.79VMTzjNFXs4wrbelipP.jpg,563,537,Microplastic,341,219,377,238
b--185-_jpg.rf.79VMTzjNFXs4wrbelipP.jpg,563,537,Microplastic,325,249,354,277
b--185-_jpg.rf.79VMTzjNFXs4wrbelipP.jpg,563,537,Microplastic,109,257,130,288
b--185-_jpg.rf.79VMTzjNFXs4wrbelipP.jpg,563,537,Microplastic,59,302,75,331
b--185-_jpg.rf.79VMTzjNFXs4wrbelipP.jpg,563,537,Microplastic,230,360,252,396
b--185-_jpg.rf.79VMTzjNFXs4wrbelipP.jpg,563,537,Microplastic,305,377,333,398
b--185-_jpg.rf.79VMTzjNFXs4wrbelipP.jpg,563,537,Microplastic,280,395,310,421
b--185-_jpg.rf.79VMTzjNFXs4wrbelipP.jpg,563,537,Microplastic,217,457,248,486
b--142-_jpg.rf.MSvRyMXRJGfSZgjJaNmW.jpg,563,537,Microplastic,159,0,197,16
b--142-_jpg.rf.MSvRyMXRJGfSZgjJaNmW.jpg,563,537,Microplastic,105,0,150,14
b--142-_jpg.rf.MSvRyMXRJGfSZgjJaNmW.jpg,563,537,Microplastic,209,0,281,45
b--142-_jpg.rf.MSvRyMXRJGfSZgjJaNmW.jpg,563,537,Microplastic,300,67,338,104
b--142-_jpg.rf.MSvRyMXRJGfSZgjJaNmW.jpg,563,537,Microplastic,199,102,226,122
b--142-_jpg.rf.MSvRyMXRJGfSZgjJaNmW.jpg,563,537,Microplastic,179,140,198,160
b--142-_jpg.rf.MSvRyMXRJGfSZgjJaNmW.jpg,563,537,Microplastic,105,142,124,176
b--142-_jpg.rf.MSvRyMXRJGfSZgjJaNmW.jpg,563,537,Microplastic,132,207,185,247
b--142-_jpg.rf.MSvRyMXRJGfSZgjJaNmW.jpg,563,537,Microplastic,164,235,196,257
b--142-_jpg.rf.MSvRyMXRJGfSZgjJaNmW.jpg,563,537,Microplastic,220,234,240,262
b--142-_jpg.rf.MSvRyMXRJGfSZgjJaNmW.jpg,563,537,Microplastic,205,275,222,294
b--142-_jpg.rf.MSvRyMXRJGfSZgjJaNmW.jpg,563,537,Microplastic,449,287,473,327
b--142-_jpg.rf.MSvRyMXRJGfSZgjJaNmW.jpg,563,537,Microplastic,174,300,198,320
b--142-_jpg.rf.MSvRyMXRJGfSZgjJaNmW.jpg,563,537,Microplastic,95,299,114,331
b--142-_jpg.rf.MSvRyMXRJGfSZgjJaNmW.jpg,563,537,Microplastic,144,387,159,411
b--142-_jpg.rf.MSvRyMXRJGfSZgjJaNmW.jpg,563,537,Microplastic,252,400,289,424
b--142-_jpg.rf.MSvRyMXRJGfSZgjJaNmW.jpg,563,537,Microplastic,479,452,521,498
b--142-_jpg.rf.MSvRyMXRJGfSZgjJaNmW.jpg,563,537,Microplastic,234,464,251,489
b--142-_jpg.rf.MSvRyMXRJGfSZgjJaNmW.jpg,563,537,Microplastic,262,472,299,498
b--181-_jpg.rf.8wMr2MIZifQQJO6CCxRO.jpg,563,537,Microplastic,57,0,111,44
b--181-_jpg.rf.8wMr2MIZifQQJO6CCxRO.jpg,563,537,Microplastic,342,9,373,38
b--181-_jpg.rf.8wMr2MIZifQQJO6CCxRO.jpg,563,537,Microplastic,366,35,392,59
b--181-_jpg.rf.8wMr2MIZifQQJO6CCxRO.jpg,563,537,Microplastic,92,50,115,80
b--181-_jpg.rf.8wMr2MIZifQQJO6CCxRO.jpg,563,537,Microplastic,214,69,250,116
b--181-_jpg.rf.8wMr2MIZifQQJO6CCxRO.jpg,563,537,Microplastic,409,99,437,130
b--181-_jpg.rf.8wMr2MIZifQQJO6CCxRO.jpg,563,537,Microplastic,155,110,182,138
b--181-_jpg.rf.8wMr2MIZifQQJO6CCxRO.jpg,563,537,Microplastic,295,122,338,165
b--181-_jpg.rf.8wMr2MIZifQQJO6CCxRO.jpg,563,537,Microplastic,436,124,469,167
b--181-_jpg.rf.8wMr2MIZifQQJO6CCxRO.jpg,563,537,Microplastic,0,182,18,210
b--181-_jpg.rf.8wMr2MIZifQQJO6CCxRO.jpg,563,537,Microplastic,465,252,502,302
b--181-_jpg.rf.8wMr2MIZifQQJO6CCxRO.jpg,563,537,Microplastic,150,420,212,483
d--95-_jpg.rf.XKTtY3pHqABAEs6OjCi1.jpg,563,537,Microplastic,0,176,20,299
d--95-_jpg.rf.XKTtY3pHqABAEs6OjCi1.jpg,563,537,Microplastic,351,372,454,481
d--95-_jpg.rf.XKTtY3pHqABAEs6OjCi1.jpg,563,537,Microplastic,422,446,552,536
d--99-_jpg.rf.VCRVASYXxUGD8fc6lP9Z.jpg,563,537,Microplastic,132,218,242,342
d--99-_jpg.rf.VCRVASYXxUGD8fc6lP9Z.jpg,563,537,Microplastic,248,476,383,536
f--102-_jpg.rf.RW7UiYAIib3rADrdqn75.jpg,563,537,Microplastic,195,0,238,53
f--102-_jpg.rf.RW7UiYAIib3rADrdqn75.jpg,563,537,Microplastic,0,120,37,194
f--102-_jpg.rf.RW7UiYAIib3rADrdqn75.jpg,563,537,Microplastic,425,292,483,383
f--102-_jpg.rf.RW7UiYAIib3rADrdqn75.jpg,563,537,Microplastic,0,457,55,488
f--10-_jpg.rf.KRZtt0K9Hkk36TOalxi2.jpg,563,537,Microplastic,309,0,370,60
f--10-_jpg.rf.KRZtt0K9Hkk36TOalxi2.jpg,563,537,Microplastic,89,5,132,93
f--10-_jpg.rf.KRZtt0K9Hkk36TOalxi2.jpg,563,537,Microplastic,489,187,524,236
f--10-_jpg.rf.KRZtt0K9Hkk36TOalxi2.jpg,563,537,Microplastic,317,252,354,308
f--10-_jpg.rf.KRZtt0K9Hkk36TOalxi2.jpg,563,537,Microplastic,300,382,334,412
f--10-_jpg.rf.KRZtt0K9Hkk36TOalxi2.jpg,563,537,Microplastic,455,375,510,423
f--10-_jpg.rf.KRZtt0K9Hkk36TOalxi2.jpg,563,537,Microplastic,215,507,279,536
d--9-_jpg.rf.V8OnoEB9R5Bw8m9qjLX5.jpg,563,537,Microplastic,356,328,482,448
c--180-_jpg.rf.yJmKYTQp5aP5dUpz0Qk4.jpg,563,537,Microplastic,96,78,120,99
c--180-_jpg.rf.yJmKYTQp5aP5dUpz0Qk4.jpg,563,537,Microplastic,512,133,526,157
c--180-_jpg.rf.yJmKYTQp5aP5dUpz0Qk4.jpg,563,537,Microplastic,433,155,481,181
c--180-_jpg.rf.yJmKYTQp5aP5dUpz0Qk4.jpg,563,537,Microplastic,366,206,378,221
c--180-_jpg.rf.yJmKYTQp5aP5dUpz0Qk4.jpg,563,537,Microplastic,351,251,364,271
c--180-_jpg.rf.yJmKYTQp5aP5dUpz0Qk4.jpg,563,537,Microplastic,393,293,404,307
c--180-_jpg.rf.yJmKYTQp5aP5dUpz0Qk4.jpg,563,537,Microplastic,0,292,3,313
c--180-_jpg.rf.yJmKYTQp5aP5dUpz0Qk4.jpg,563,537,Microplastic,206,307,240,343
c--180-_jpg.rf.yJmKYTQp5aP5dUpz0Qk4.jpg,563,537,Microplastic,78,445,98,459
c--180-_jpg.rf.yJmKYTQp5aP5dUpz0Qk4.jpg,563,537,Microplastic,332,457,377,519
c--180-_jpg.rf.yJmKYTQp5aP5dUpz0Qk4.jpg,563,537,Microplastic,554,491,562,520
b--187-_jpg.rf.4OFuWOQRGpq2SZOLvsD6.jpg,563,537,Microplastic,199,0,219,23
b--187-_jpg.rf.4OFuWOQRGpq2SZOLvsD6.jpg,563,537,Microplastic,27,20,48,50
b--187-_jpg.rf.4OFuWOQRGpq2SZOLvsD6.jpg,563,537,Microplastic,269,122,291,141
b--187-_jpg.rf.4OFuWOQRGpq2SZOLvsD6.jpg,563,537,Microplastic,209,125,247,153
b--187-_jpg.rf.4OFuWOQRGpq2SZOLvsD6.jpg,563,537,Microplastic,95,164,121,186
b--187-_jpg.rf.4OFuWOQRGpq2SZOLvsD6.jpg,563,537,Microplastic,265,174,280,206
b--187-_jpg.rf.4OFuWOQRGpq2SZOLvsD6.jpg,563,537,Microplastic,15,199,46,215
b--187-_jpg.rf.4OFuWOQRGpq2SZOLvsD6.jpg,563,537,Microplastic,249,260,266,283
b--187-_jpg.rf.4OFuWOQRGpq2SZOLvsD6.jpg,563,537,Microplastic,29,314,48,339
b--187-_jpg.rf.4OFuWOQRGpq2SZOLvsD6.jpg,563,537,Microplastic,140,329,169,353
b--187-_jpg.rf.4OFuWOQRGpq2SZOLvsD6.jpg,563,537,Microplastic,205,334,222,350
b--187-_jpg.rf.4OFuWOQRGpq2SZOLvsD6.jpg,563,537,Microplastic,360,345,385,367
b--187-_jpg.rf.4OFuWOQRGpq2SZOLvsD6.jpg,563,537,Microplastic,120,369,132,395
b--187-_jpg.rf.4OFuWOQRGpq2SZOLvsD6.jpg,563,537,Microplastic,49,512,67,536
b--180-_jpg.rf.PHqCGCeO2KoIHLXWnfeG.jpg,563,537,Microplastic,237,0,284,36
b--180-_jpg.rf.PHqCGCeO2KoIHLXWnfeG.jpg,563,537,Microplastic,144,99,182,116
b--180-_jpg.rf.PHqCGCeO2KoIHLXWnfeG.jpg,563,537,Microplastic,162,167,191,201
b--180-_jpg.rf.PHqCGCeO2KoIHLXWnfeG.jpg,563,537,Microplastic,317,239,342,264
b--180-_jpg.rf.PHqCGCeO2KoIHLXWnfeG.jpg,563,537,Microplastic,24,220,76,285
b--180-_jpg.rf.PHqCGCeO2KoIHLXWnfeG.jpg,563,537,Microplastic,129,390,163,408
b--180-_jpg.rf.PHqCGCeO2KoIHLXWnfeG.jpg,563,537,Microplastic,22,459,45,507
b--180-_jpg.rf.PHqCGCeO2KoIHLXWnfeG.jpg,563,537,Microplastic,52,524,85,536
d--89-_jpg.rf.EhjYCxCWlmotAAmaSPIM.jpg,563,537,Microplastic,0,0,73,173
d--89-_jpg.rf.EhjYCxCWlmotAAmaSPIM.jpg,563,537,Microplastic,173,306,297,424
d--89-_jpg.rf.EhjYCxCWlmotAAmaSPIM.jpg,563,537,Microplastic,451,311,562,408
b--166-_jpg.rf.N4PCV6LBxJRnUocVFaOB.jpg,563,537,Microplastic,167,37,189,67
b--166-_jpg.rf.N4PCV6LBxJRnUocVFaOB.jpg,563,537,Microplastic,394,32,448,75
b--166-_jpg.rf.N4PCV6LBxJRnUocVFaOB.jpg,563,537,Microplastic,229,37,272,72
b--166-_jpg.rf.N4PCV6LBxJRnUocVFaOB.jpg,563,537,Microplastic,332,54,357,84
b--166-_jpg.rf.N4PCV6LBxJRnUocVFaOB.jpg,563,537,Microplastic,42,94,68,116
b--166-_jpg.rf.N4PCV6LBxJRnUocVFaOB.jpg,563,537,Microplastic,35,116,66,150
b--166-_jpg.rf.N4PCV6LBxJRnUocVFaOB.jpg,563,537,Microplastic,142,135,161,157
b--166-_jpg.rf.N4PCV6LBxJRnUocVFaOB.jpg,563,537,Microplastic,90,174,116,202
b--166-_jpg.rf.N4PCV6LBxJRnUocVFaOB.jpg,563,537,Microplastic,190,177,216,200
b--166-_jpg.rf.N4PCV6LBxJRnUocVFaOB.jpg,563,537,Microplastic,255,174,296,216
b--166-_jpg.rf.N4PCV6LBxJRnUocVFaOB.jpg,563,537,Microplastic,142,187,169,244
b--166-_jpg.rf.N4PCV6LBxJRnUocVFaOB.jpg,563,537,Microplastic,281,220,299,234
b--166-_jpg.rf.N4PCV6LBxJRnUocVFaOB.jpg,563,537,Microplastic,349,232,365,256
b--166-_jpg.rf.N4PCV6LBxJRnUocVFaOB.jpg,563,537,Microplastic,29,274,45,290
b--166-_jpg.rf.N4PCV6LBxJRnUocVFaOB.jpg,563,537,Microplastic,84,272,97,293
b--166-_jpg.rf.N4PCV6LBxJRnUocVFaOB.jpg,563,537,Microplastic,124,310,154,336
b--166-_jpg.rf.N4PCV6LBxJRnUocVFaOB.jpg,563,537,Microplastic,240,360,253,372
b--166-_jpg.rf.N4PCV6LBxJRnUocVFaOB.jpg,563,537,Microplastic,271,361,287,378
b--166-_jpg.rf.N4PCV6LBxJRnUocVFaOB.jpg,563,537,Microplastic,35,355,93,424
b--166-_jpg.rf.N4PCV6LBxJRnUocVFaOB.jpg,563,537,Microplastic,232,421,253,443
b--166-_jpg.rf.N4PCV6LBxJRnUocVFaOB.jpg,563,537,Microplastic,167,499,209,536
b--166-_jpg.rf.N4PCV6LBxJRnUocVFaOB.jpg,563,537,Microplastic,249,507,272,536
b--182-_jpg.rf.E96HnKtvrBp9VVROBScC.jpg,563,537,Microplastic,222,0,256,16
b--182-_jpg.rf.E96HnKtvrBp9VVROBScC.jpg,563,537,Microplastic,52,0,90,33
b--182-_jpg.rf.E96HnKtvrBp9VVROBScC.jpg,563,537,Microplastic,124,39,159,80
b--182-_jpg.rf.E96HnKtvrBp9VVROBScC.jpg,563,537,Microplastic,190,87,213,108
b--182-_jpg.rf.E96HnKtvrBp9VVROBScC.jpg,563,537,Microplastic,19,122,55,167
b--182-_jpg.rf.E96HnKtvrBp9VVROBScC.jpg,563,537,Microplastic,403,139,466,220
b--182-_jpg.rf.E96HnKtvrBp9VVROBScC.jpg,563,537,Microplastic,294,274,329,306
b--193-_jpg.rf.C5bih6tpBP9jwBE4N3B1.jpg,563,537,Microplastic,229,17,250,43
b--193-_jpg.rf.C5bih6tpBP9jwBE4N3B1.jpg,563,537,Microplastic,209,79,236,134
b--193-_jpg.rf.C5bih6tpBP9jwBE4N3B1.jpg,563,537,Microplastic,109,294,132,315
b--193-_jpg.rf.C5bih6tpBP9jwBE4N3B1.jpg,563,537,Microplastic,209,320,239,349
b--193-_jpg.rf.C5bih6tpBP9jwBE4N3B1.jpg,563,537,Microplastic,179,355,196,388
b--193-_jpg.rf.C5bih6tpBP9jwBE4N3B1.jpg,563,537,Microplastic,95,384,117,419
b--193-_jpg.rf.C5bih6tpBP9jwBE4N3B1.jpg,563,537,Microplastic,410,447,442,487
b--193-_jpg.rf.C5bih6tpBP9jwBE4N3B1.jpg,563,537,Microplastic,252,449,279,490
f--12-_jpg.rf.YMvzrMlMhq2BdUeaC2eR.jpg,563,537,Microplastic,289,0,380,29
f--12-_jpg.rf.YMvzrMlMhq2BdUeaC2eR.jpg,563,537,Microplastic,295,257,345,302
f--12-_jpg.rf.YMvzrMlMhq2BdUeaC2eR.jpg,563,537,Microplastic,365,279,395,310
f--12-_jpg.rf.YMvzrMlMhq2BdUeaC2eR.jpg,563,537,Microplastic,314,432,357,498
f--12-_jpg.rf.YMvzrMlMhq2BdUeaC2eR.jpg,563,537,Microplastic,353,488,399,527
d--93-_jpg.rf.ft65GGs83IYQHilxEVOm.jpg,563,537,Microplastic,104,0,216,72
d--93-_jpg.rf.ft65GGs83IYQHilxEVOm.jpg,563,537,Microplastic,488,235,562,348
b--139-_jpg.rf.IvfESCnKQvTeY2AuTJ2v.jpg,563,537,Microplastic,79,0,108,30
b--139-_jpg.rf.IvfESCnKQvTeY2AuTJ2v.jpg,563,537,Microplastic,194,0,239,54
b--139-_jpg.rf.IvfESCnKQvTeY2AuTJ2v.jpg,563,537,Microplastic,120,100,154,130
b--139-_jpg.rf.IvfESCnKQvTeY2AuTJ2v.jpg,563,537,Microplastic,369,89,403,143
b--139-_jpg.rf.IvfESCnKQvTeY2AuTJ2v.jpg,563,537,Microplastic,94,139,130,171
b--139-_jpg.rf.IvfESCnKQvTeY2AuTJ2v.jpg,563,537,Microplastic,179,257,204,286
b--139-_jpg.rf.IvfESCnKQvTeY2AuTJ2v.jpg,563,537,Microplastic,294,270,320,300
b--139-_jpg.rf.IvfESCnKQvTeY2AuTJ2v.jpg,563,537,Microplastic,265,300,293,332
b--139-_jpg.rf.IvfESCnKQvTeY2AuTJ2v.jpg,563,537,Microplastic,204,354,226,374
b--139-_jpg.rf.IvfESCnKQvTeY2AuTJ2v.jpg,563,537,Microplastic,322,347,356,392
b--139-_jpg.rf.IvfESCnKQvTeY2AuTJ2v.jpg,563,537,Microplastic,305,392,337,426
b--139-_jpg.rf.IvfESCnKQvTeY2AuTJ2v.jpg,563,537,Microplastic,402,514,420,535
b--139-_jpg.rf.IvfESCnKQvTeY2AuTJ2v.jpg,563,537,Microplastic,330,520,370,536
d--82-_jpg.rf.cBYAmOwfIl8HNSZxkIkj.jpg,563,537,Microplastic,303,0,438,71
d--82-_jpg.rf.cBYAmOwfIl8HNSZxkIkj.jpg,563,537,Microplastic,0,123,35,251
d--82-_jpg.rf.cBYAmOwfIl8HNSZxkIkj.jpg,563,537,Microplastic,166,494,314,536
d--87-_jpg.rf.iEzSD89Ow9riXP2lVAsB.jpg,563,537,Microplastic,323,33,499,174
d--87-_jpg.rf.iEzSD89Ow9riXP2lVAsB.jpg,563,537,Microplastic,64,235,210,363
d--87-_jpg.rf.iEzSD89Ow9riXP2lVAsB.jpg,563,537,Microplastic,491,381,562,536
f--183-_jpg.rf.AORe2QMP268Q2CQVwt6J.jpg,563,537,Microplastic,230,200,290,279
f--183-_jpg.rf.AORe2QMP268Q2CQVwt6J.jpg,563,537,Microplastic,432,274,520,323
f--183-_jpg.rf.AORe2QMP268Q2CQVwt6J.jpg,563,537,Microplastic,0,345,17,405
f--183-_jpg.rf.AORe2QMP268Q2CQVwt6J.jpg,563,537,Microplastic,220,425,278,504
f--183-_jpg.rf.AORe2QMP268Q2CQVwt6J.jpg,563,537,Microplastic,94,434,154,507
b--179-_jpg.rf.ib8RsmOh8DdSrGGAbyci.jpg,563,537,Microplastic,255,0,285,6
b--179-_jpg.rf.ib8RsmOh8DdSrGGAbyci.jpg,563,537,Microplastic,97,0,121,21
b--179-_jpg.rf.ib8RsmOh8DdSrGGAbyci.jpg,563,537,Microplastic,294,10,324,41
b--179-_jpg.rf.ib8RsmOh8DdSrGGAbyci.jpg,563,537,Microplastic,331,34,375,59
b--179-_jpg.rf.ib8RsmOh8DdSrGGAbyci.jpg,563,537,Microplastic,0,34,25,79
b--179-_jpg.rf.ib8RsmOh8DdSrGGAbyci.jpg,563,537,Microplastic,195,90,210,108
b--179-_jpg.rf.ib8RsmOh8DdSrGGAbyci.jpg,563,537,Microplastic,249,129,275,148
b--179-_jpg.rf.ib8RsmOh8DdSrGGAbyci.jpg,563,537,Microplastic,294,150,309,174
b--179-_jpg.rf.ib8RsmOh8DdSrGGAbyci.jpg,563,537,Microplastic,349,189,376,230
b--179-_jpg.rf.ib8RsmOh8DdSrGGAbyci.jpg,563,537,Microplastic,50,240,82,276
b--179-_jpg.rf.ib8RsmOh8DdSrGGAbyci.jpg,563,537,Microplastic,149,282,176,330
b--179-_jpg.rf.ib8RsmOh8DdSrGGAbyci.jpg,563,537,Microplastic,35,467,66,516
d--88-_jpg.rf.aRjVMvYrv0KljQxW2DQa.jpg,563,537,Microplastic,208,0,381,62
d--88-_jpg.rf.aRjVMvYrv0KljQxW2DQa.jpg,563,537,Microplastic,450,92,562,248
d--88-_jpg.rf.aRjVMvYrv0KljQxW2DQa.jpg,563,537,Microplastic,79,255,230,361
d--96-_jpg.rf.ZKWliPaOq7kupYYYaqhW.jpg,563,537,Microplastic,7,394,107,496
d--76-_jpg.rf.zJZYZnEQw6SGHjcv9XFe.jpg,563,537,Microplastic,187,0,372,38
d--76-_jpg.rf.zJZYZnEQw6SGHjcv9XFe.jpg,563,537,Microplastic,0,0,103,64
d--76-_jpg.rf.zJZYZnEQw6SGHjcv9XFe.jpg,563,537,Microplastic,368,442,518,536
c--192-_jpg.rf.lcHA0tHl6rV5X10LJxOA.jpg,563,537,Microplastic,87,44,137,105
c--192-_jpg.rf.lcHA0tHl6rV5X10LJxOA.jpg,563,537,Microplastic,501,123,525,149
c--192-_jpg.rf.lcHA0tHl6rV5X10LJxOA.jpg,563,537,Microplastic,99,160,127,184
c--192-_jpg.rf.lcHA0tHl6rV5X10LJxOA.jpg,563,537,Microplastic,381,162,394,183
c--192-_jpg.rf.lcHA0tHl6rV5X10LJxOA.jpg,563,537,Microplastic,404,209,433,248
c--192-_jpg.rf.lcHA0tHl6rV5X10LJxOA.jpg,563,537,Microplastic,362,237,391,259
c--192-_jpg.rf.lcHA0tHl6rV5X10LJxOA.jpg,563,537,Microplastic,181,264,258,302
c--192-_jpg.rf.lcHA0tHl6rV5X10LJxOA.jpg,563,537,Microplastic,292,435,322,464
c--192-_jpg.rf.lcHA0tHl6rV5X10LJxOA.jpg,563,537,Microplastic,383,523,403,536
c--192-_jpg.rf.lcHA0tHl6rV5X10LJxOA.jpg,563,537,Microplastic,237,493,306,536
b--189-_jpg.rf.ShMi0pO7ku5JcwEkDine.jpg,563,537,Microplastic,335,39,361,79
b--189-_jpg.rf.ShMi0pO7ku5JcwEkDine.jpg,563,537,Microplastic,159,114,190,151
b--189-_jpg.rf.ShMi0pO7ku5JcwEkDine.jpg,563,537,Microplastic,434,194,468,230
b--189-_jpg.rf.ShMi0pO7ku5JcwEkDine.jpg,563,537,Microplastic,449,354,477,382
b--189-_jpg.rf.ShMi0pO7ku5JcwEkDine.jpg,563,537,Microplastic,37,354,63,407
b--189-_jpg.rf.ShMi0pO7ku5JcwEkDine.jpg,563,537,Microplastic,42,469,79,507
b--189-_jpg.rf.ShMi0pO7ku5JcwEkDine.jpg,563,537,Microplastic,205,500,241,535
b--172-_jpg.rf.Po9OwW9aEWy3kEF7cQqK.jpg,563,537,Microplastic,299,0,322,16
b--172-_jpg.rf.Po9OwW9aEWy3kEF7cQqK.jpg,563,537,Microplastic,215,59,238,84
b--172-_jpg.rf.Po9OwW9aEWy3kEF7cQqK.jpg,563,537,Microplastic,287,79,312,99
b--172-_jpg.rf.Po9OwW9aEWy3kEF7cQqK.jpg,563,537,Microplastic,138,140,152,153
b--172-_jpg.rf.Po9OwW9aEWy3kEF7cQqK.jpg,563,537,Microplastic,380,150,402,175
b--172-_jpg.rf.Po9OwW9aEWy3kEF7cQqK.jpg,563,537,Microplastic,170,160,204,189
b--172-_jpg.rf.Po9OwW9aEWy3kEF7cQqK.jpg,563,537,Microplastic,180,201,220,220
b--172-_jpg.rf.Po9OwW9aEWy3kEF7cQqK.jpg,563,537,Microplastic,283,207,302,223
b--172-_jpg.rf.Po9OwW9aEWy3kEF7cQqK.jpg,563,537,Microplastic,302,207,322,235
b--172-_jpg.rf.Po9OwW9aEWy3kEF7cQqK.jpg,563,537,Microplastic,314,267,335,296
b--172-_jpg.rf.Po9OwW9aEWy3kEF7cQqK.jpg,563,537,Microplastic,165,265,201,300
b--172-_jpg.rf.Po9OwW9aEWy3kEF7cQqK.jpg,563,537,Microplastic,14,294,54,347
b--172-_jpg.rf.Po9OwW9aEWy3kEF7cQqK.jpg,563,537,Microplastic,230,297,280,344
b--172-_jpg.rf.Po9OwW9aEWy3kEF7cQqK.jpg,563,537,Microplastic,62,314,77,339
b--172-_jpg.rf.Po9OwW9aEWy3kEF7cQqK.jpg,563,537,Microplastic,214,320,238,353
b--172-_jpg.rf.Po9OwW9aEWy3kEF7cQqK.jpg,563,537,Microplastic,137,340,156,365
b--172-_jpg.rf.Po9OwW9aEWy3kEF7cQqK.jpg,563,537,Microplastic,82,352,123,379
b--172-_jpg.rf.Po9OwW9aEWy3kEF7cQqK.jpg,563,537,Microplastic,275,372,290,398
b--172-_jpg.rf.Po9OwW9aEWy3kEF7cQqK.jpg,563,537,Microplastic,298,400,319,427
b--172-_jpg.rf.Po9OwW9aEWy3kEF7cQqK.jpg,563,537,Microplastic,169,400,204,443
b--172-_jpg.rf.Po9OwW9aEWy3kEF7cQqK.jpg,563,537,Microplastic,485,422,501,441
b--172-_jpg.rf.Po9OwW9aEWy3kEF7cQqK.jpg,563,537,Microplastic,177,459,223,491
b--172-_jpg.rf.Po9OwW9aEWy3kEF7cQqK.jpg,563,537,Microplastic,249,519,275,536
b--184-_jpg.rf.anKJSf4eVKwLUX2l2q48.jpg,563,537,Microplastic,202,0,230,15
b--184-_jpg.rf.anKJSf4eVKwLUX2l2q48.jpg,563,537,Microplastic,130,167,178,236
b--184-_jpg.rf.anKJSf4eVKwLUX2l2q48.jpg,563,537,Microplastic,302,214,326,248
b--184-_jpg.rf.anKJSf4eVKwLUX2l2q48.jpg,563,537,Microplastic,0,292,12,333
b--184-_jpg.rf.anKJSf4eVKwLUX2l2q48.jpg,563,537,Microplastic,130,347,158,392
b--184-_jpg.rf.anKJSf4eVKwLUX2l2q48.jpg,563,537,Microplastic,244,380,279,407
b--183-_jpg.rf.QPECCn5dPMcQlDRaixuo.jpg,563,537,Microplastic,287,0,326,25
b--183-_jpg.rf.QPECCn5dPMcQlDRaixuo.jpg,563,537,Microplastic,292,87,317,116
b--183-_jpg.rf.QPECCn5dPMcQlDRaixuo.jpg,563,537,Microplastic,415,94,473,159
b--183-_jpg.rf.QPECCn5dPMcQlDRaixuo.jpg,563,537,Microplastic,149,159,176,186
b--183-_jpg.rf.QPECCn5dPMcQlDRaixuo.jpg,563,537,Microplastic,179,232,203,251
b--183-_jpg.rf.QPECCn5dPMcQlDRaixuo.jpg,563,537,Microplastic,302,230,336,261
b--183-_jpg.rf.QPECCn5dPMcQlDRaixuo.jpg,563,537,Microplastic,295,360,333,401
b--183-_jpg.rf.QPECCn5dPMcQlDRaixuo.jpg,563,537,Microplastic,9,380,39,420
b--183-_jpg.rf.QPECCn5dPMcQlDRaixuo.jpg,563,537,Microplastic,242,444,277,483
b--183-_jpg.rf.QPECCn5dPMcQlDRaixuo.jpg,563,537,Microplastic,17,514,64,536
d--98-_jpg.rf.kjr8u5YGIwS7i4WncBN5.jpg,563,537,Microplastic,191,325,313,433
d--98-_jpg.rf.kjr8u5YGIwS7i4WncBN5.jpg,563,537,Microplastic,252,435,374,531
d--98-_jpg.rf.kjr8u5YGIwS7i4WncBN5.jpg,563,537,Microplastic,443,0,562,97
f--78-_jpg.rf.2le6FHRgD5ZvG19JjbLs.jpg,563,537,Microplastic,112,0,172,72
f--78-_jpg.rf.2le6FHRgD5ZvG19JjbLs.jpg,563,537,Microplastic,300,47,341,88
f--78-_jpg.rf.2le6FHRgD5ZvG19JjbLs.jpg,563,537,Microplastic,470,210,519,257
f--78-_jpg.rf.2le6FHRgD5ZvG19JjbLs.jpg,563,537,Microplastic,289,219,324,282
f--78-_jpg.rf.2le6FHRgD5ZvG19JjbLs.jpg,563,537,Microplastic,207,245,264,296
f--78-_jpg.rf.2le6FHRgD5ZvG19JjbLs.jpg,563,537,Microplastic,55,452,142,531
f--87-_jpg.rf.4LIfNOiJNZ8X9UBZYJFf.jpg,563,537,Microplastic,50,0,130,44
f--87-_jpg.rf.4LIfNOiJNZ8X9UBZYJFf.jpg,563,537,Microplastic,282,0,381,52
f--87-_jpg.rf.4LIfNOiJNZ8X9UBZYJFf.jpg,563,537,Microplastic,487,154,523,200
f--87-_jpg.rf.4LIfNOiJNZ8X9UBZYJFf.jpg,563,537,Microplastic,487,239,545,282
f--87-_jpg.rf.4LIfNOiJNZ8X9UBZYJFf.jpg,563,537,Microplastic,205,269,278,347
f--87-_jpg.rf.4LIfNOiJNZ8X9UBZYJFf.jpg,563,537,Microplastic,430,385,514,441
f--87-_jpg.rf.4LIfNOiJNZ8X9UBZYJFf.jpg,563,537,Microplastic,30,500,99,536
Screenshot 2026-04-19 at 4-21-39 PM_png.rf.Yv45hBnqz80DIwoAtkZY.png,1524,864,Microplastic,1243,824,1269,848
Screenshot 2026-04-19 at 4-21-39 PM_png.rf.Yv45hBnqz80DIwoAtkZY.png,1524,864,Microplastic,68,86,100,115
Screenshot 2026-04-19 at 4-21-39 PM_png.rf.Yv45hBnqz80DIwoAtkZY.png,1524,864,Microplastic,495,179,544,219
Screenshot 2026-04-19 at 4-21-39 PM_png.rf.Yv45hBnqz80DIwoAtkZY.png,1524,864,Microplastic,238,812,287,841
Screenshot 2026-04-19 at 4-21-13 PM_png.rf.X4b4qBeRtVHGHUG6BvHo.png,1574,846,Microplastic,403,814,433,844
Screenshot 2026-04-19 at 4-21-13 PM_png.rf.X4b4qBeRtVHGHUG6BvHo.png,1574,846,Microplastic,662,761,706,800
Screenshot 2026-04-19 at 4-21-13 PM_png.rf.X4b4qBeRtVHGHUG6BvHo.png,1574,846,Microplastic,714,818,761,845
Screenshot 2026-04-19 at 4-21-13 PM_png.rf.X4b4qBeRtVHGHUG6BvHo.png,1574,846,Microplastic,527,769,560,804
Screenshot 2026-04-19 at 4-21-13 PM_png.rf.X4b4qBeRtVHGHUG6BvHo.png,1574,846,Microplastic,24,112,50,134
Screenshot 2026-04-19 at 4-21-13 PM_png.rf.X4b4qBeRtVHGHUG6BvHo.png,1574,846,Microplastic,223,727,251,755
Screenshot 2026-04-19 at 4-21-13 PM_png.rf.X4b4qBeRtVHGHUG6BvHo.png,1574,846,Microplastic,167,617,196,649
Screenshot 2026-04-19 at 4-21-13 PM_png.rf.X4b4qBeRtVHGHUG6BvHo.png,1574,846,Microplastic,65,295,97,320
Screenshot 2026-04-19 at 4-21-13 PM_png.rf.X4b4qBeRtVHGHUG6BvHo.png,1574,846,Microplastic,589,109,615,141
Screenshot 2026-04-19 at 4-21-13 PM_png.rf.X4b4qBeRtVHGHUG6BvHo.png,1574,846,Microplastic,1442,24,1468,53
Screenshot 2026-04-19 at 4-21-13 PM_png.rf.X4b4qBeRtVHGHUG6BvHo.png,1574,846,Microplastic,31,425,136,525
Screenshot 2026-04-19 at 4-21-13 PM_png.rf.X4b4qBeRtVHGHUG6BvHo.png,1574,846,Microplastic,691,667,714,690
Screenshot 2026-04-19 at 4-21-13 PM_png.rf.X4b4qBeRtVHGHUG6BvHo.png,1574,846,Microplastic,733,51,765,85
Screenshot 2026-04-19 at 4-21-13 PM_png.rf.X4b4qBeRtVHGHUG6BvHo.png,1574,846,Microplastic,786,586,884,691
Screenshot 2026-04-19 at 4-21-13 PM_png.rf.X4b4qBeRtVHGHUG6BvHo.png,1574,846,Microplastic,1276,403,1397,518
Screenshot 2026-04-19 at 4-21-13 PM_png.rf.X4b4qBeRtVHGHUG6BvHo.png,1574,846,Microplastic,1485,709,1508,733
Screenshot 2026-04-19 at 4-21-13 PM_png.rf.X4b4qBeRtVHGHUG6BvHo.png,1574,846,Microplastic,261,198,288,225
Screenshot 2026-04-19 at 4-21-13 PM_png.rf.X4b4qBeRtVHGHUG6BvHo.png,1574,846,Microplastic,152,236,177,258
Screenshot 2026-04-19 at 4-21-13 PM_png.rf.X4b4qBeRtVHGHUG6BvHo.png,1574,846,Microplastic,861,309,891,354
Screenshot 2026-04-19 at 4-21-13 PM_png.rf.X4b4qBeRtVHGHUG6BvHo.png,1574,846,Microplastic,220,110,244,133
Screenshot 2026-04-19 at 4-21-13 PM_png.rf.X4b4qBeRtVHGHUG6BvHo.png,1574,846,Microplastic,1421,704,1467,741
Screenshot 2026-04-19 at 4-21-13 PM_png.rf.X4b4qBeRtVHGHUG6BvHo.png,1574,846,Microplastic,1036,776,1087,826
Screenshot 2026-04-19 at 4-21-13 PM_png.rf.X4b4qBeRtVHGHUG6BvHo.png,1574,846,Microplastic,279,479,318,520
Screenshot 2026-04-19 at 4-21-13 PM_png.rf.X4b4qBeRtVHGHUG6BvHo.png,1574,846,Microplastic,1183,742,1205,762
Screenshot 2026-04-19 at 4-21-13 PM_png.rf.X4b4qBeRtVHGHUG6BvHo.png,1574,846,Microplastic,482,292,514,324
Screenshot 2026-04-19 at 4-21-13 PM_png.rf.X4b4qBeRtVHGHUG6BvHo.png,1574,846,Microplastic,1433,632,1473,666
Screenshot 2026-04-19 at 4-21-13 PM_png.rf.X4b4qBeRtVHGHUG6BvHo.png,1574,846,Microplastic,1132,530,1178,585
Screenshot 2026-04-19 at 4-21-13 PM_png.rf.X4b4qBeRtVHGHUG6BvHo.png,1574,846,Microplastic,916,558,941,580
Screenshot 2026-04-19 at 4-21-13 PM_png.rf.X4b4qBeRtVHGHUG6BvHo.png,1574,846,Microplastic,406,187,440,221
Screenshot 2026-04-19 at 4-21-13 PM_png.rf.X4b4qBeRtVHGHUG6BvHo.png,1574,846,Microplastic,889,386,913,410
Screenshot 2026-04-19 at 4-21-13 PM_png.rf.X4b4qBeRtVHGHUG6BvHo.png,1574,846,Microplastic,1214,610,1279,669
Screenshot 2026-04-19 at 4-21-13 PM_png.rf.X4b4qBeRtVHGHUG6BvHo.png,1574,846,Microplastic,837,12,964,106
Screenshot 2026-04-19 at 4-21-13 PM_png.rf.X4b4qBeRtVHGHUG6BvHo.png,1574,846,Microplastic,1539,302,1569,346
Screenshot 2026-04-19 at 4-21-13 PM_png.rf.X4b4qBeRtVHGHUG6BvHo.png,1574,846,Microplastic,1451,523,1476,548
Screenshot 2026-04-19 at 4-21-13 PM_png.rf.X4b4qBeRtVHGHUG6BvHo.png,1574,846,Microplastic,1503,470,1544,513
Screenshot 2026-04-19 at 4-21-13 PM_png.rf.X4b4qBeRtVHGHUG6BvHo.png,1574,846,Microplastic,1504,90,1527,113
Screenshot 2026-04-19 at 4-21-13 PM_png.rf.X4b4qBeRtVHGHUG6BvHo.png,1574,846,Microplastic,1068,436,1138,506
Screenshot 2026-04-19 at 4-21-13 PM_png.rf.X4b4qBeRtVHGHUG6BvHo.png,1574,846,Microplastic,835,463,931,530
Screenshot 2026-04-19 at 4-21-13 PM_png.rf.X4b4qBeRtVHGHUG6BvHo.png,1574,846,Microplastic,1132,253,1188,306
Screenshot 2026-04-19 at 4-21-13 PM_png.rf.X4b4qBeRtVHGHUG6BvHo.png,1574,846,Microplastic,1359,649,1380,670
Screenshot 2026-04-19 at 4-21-13 PM_png.rf.X4b4qBeRtVHGHUG6BvHo.png,1574,846,Microplastic,1216,559,1249,593
Screenshot 2026-04-19 at 4-21-13 PM_png.rf.X4b4qBeRtVHGHUG6BvHo.png,1574,846,Microplastic,1402,359,1501,424
Screenshot 2026-04-19 at 4-21-13 PM_png.rf.X4b4qBeRtVHGHUG6BvHo.png,1574,846,Microplastic,923,301,1014,385
Screenshot 2026-04-19 at 4-21-13 PM_png.rf.X4b4qBeRtVHGHUG6BvHo.png,1574,846,Microplastic,1054,69,1075,96
Screenshot 2026-04-19 at 4-21-13 PM_png.rf.X4b4qBeRtVHGHUG6BvHo.png,1574,846,Microplastic,1334,211,1400,278
Screenshot 2026-04-19 at 4-21-13 PM_png.rf.X4b4qBeRtVHGHUG6BvHo.png,1574,846,Microplastic,86,427,111,451
Screenshot 2026-04-19 at 4-21-13 PM_png.rf.X4b4qBeRtVHGHUG6BvHo.png,1574,846,Microplastic,1492,224,1547,268
Screenshot 2026-04-19 at 4-21-13 PM_png.rf.X4b4qBeRtVHGHUG6BvHo.png,1574,846,Microplastic,1231,538,1254,561
Screenshot 2026-04-19 at 4-21-13 PM_png.rf.X4b4qBeRtVHGHUG6BvHo.png,1574,846,Microplastic,762,154,802,207
Screenshot 2026-04-19 at 4-21-13 PM_png.rf.X4b4qBeRtVHGHUG6BvHo.png,1574,846,Microplastic,1056,66,1116,129
Screenshot 2026-04-19 at 4-21-13 PM_png.rf.X4b4qBeRtVHGHUG6BvHo.png,1574,846,Microplastic,1283,400,1324,430
Screenshot 2026-04-19 at 4-21-13 PM_png.rf.X4b4qBeRtVHGHUG6BvHo.png,1574,846,Microplastic,1404,368,1431,399
Screenshot 2026-04-19 at 4-21-13 PM_png.rf.X4b4qBeRtVHGHUG6BvHo.png,1574,846,Microplastic,1,474,17,507
Screenshot 2026-04-19 at 4-21-13 PM_png.rf.X4b4qBeRtVHGHUG6BvHo.png,1574,846,Microplastic,46,496,68,517
Screenshot 2026-04-19 at 4-21-13 PM_png.rf.X4b4qBeRtVHGHUG6BvHo.png,1574,846,Microplastic,1254,332,1279,359
Screenshot 2026-04-19 at 4-21-13 PM_png.rf.X4b4qBeRtVHGHUG6BvHo.png,1574,846,Microplastic,1243,188,1276,231
Screenshot 2026-04-19 at 4-21-13 PM_png.rf.X4b4qBeRtVHGHUG6BvHo.png,1574,846,Microplastic,1054,295,1078,316
Screenshot 2026-04-19 at 4-21-13 PM_png.rf.X4b4qBeRtVHGHUG6BvHo.png,1574,846,Microplastic,1456,495,1477,518
Screenshot 2026-04-19 at 4-21-13 PM_png.rf.X4b4qBeRtVHGHUG6BvHo.png,1574,846,Microplastic,239,54,355,133
Screenshot 2026-04-19 at 4-21-13 PM_png.rf.X4b4qBeRtVHGHUG6BvHo.png,1574,846,Microplastic,1208,478,1239,510
Screenshot 2026-04-19 at 4-21-13 PM_png.rf.X4b4qBeRtVHGHUG6BvHo.png,1574,846,Microplastic,712,369,780,435
Screenshot 2026-04-19 at 4-21-13 PM_png.rf.X4b4qBeRtVHGHUG6BvHo.png,1574,846,Microplastic,795,587,816,610
Screenshot 2026-04-19 at 4-21-13 PM_png.rf.X4b4qBeRtVHGHUG6BvHo.png,1574,846,Microplastic,1536,348,1574,421
Screenshot 2026-04-19 at 4-21-13 PM_png.rf.X4b4qBeRtVHGHUG6BvHo.png,1574,846,Microplastic,81,745,100,766
Screenshot 2026-04-19 at 4-21-13 PM_png.rf.X4b4qBeRtVHGHUG6BvHo.png,1574,846,Microplastic,588,718,608,737
Screenshot 2026-04-19 at 4-21-13 PM_png.rf.X4b4qBeRtVHGHUG6BvHo.png,1574,846,Microplastic,1488,655,1508,675
Screenshot 2026-04-19 at 4-21-13 PM_png.rf.X4b4qBeRtVHGHUG6BvHo.png,1574,846,Microplastic,1304,572,1335,600
Screenshot 2026-04-19 at 4-21-13 PM_png.rf.X4b4qBeRtVHGHUG6BvHo.png,1574,846,Microplastic,1237,139,1259,160
Screenshot 2026-04-19 at 4-21-13 PM_png.rf.X4b4qBeRtVHGHUG6BvHo.png,1574,846,Microplastic,894,210,955,261
b--50-_jpg.rf.GVp9Bkpf4QTzFWZl8OtO.jpg,563,537,Microplastic,0,529,46,536
b--50-_jpg.rf.GVp9Bkpf4QTzFWZl8OtO.jpg,563,537,Microplastic,56,331,76,347
b--50-_jpg.rf.GVp9Bkpf4QTzFWZl8OtO.jpg,563,537,Microplastic,0,342,20,359
b--50-_jpg.rf.GVp9Bkpf4QTzFWZl8OtO.jpg,563,537,Microplastic,200,243,237,290
b--50-_jpg.rf.GVp9Bkpf4QTzFWZl8OtO.jpg,563,537,Microplastic,130,107,148,139
b--50-_jpg.rf.GVp9Bkpf4QTzFWZl8OtO.jpg,563,537,Microplastic,169,179,212,196
b--50-_jpg.rf.GVp9Bkpf4QTzFWZl8OtO.jpg,563,537,Microplastic,304,0,326,20
b--50-_jpg.rf.GVp9Bkpf4QTzFWZl8OtO.jpg,563,537,Microplastic,347,214,372,236
b--50-_jpg.rf.GVp9Bkpf4QTzFWZl8OtO.jpg,563,537,Microplastic,289,305,326,351
b--50-_jpg.rf.GVp9Bkpf4QTzFWZl8OtO.jpg,563,537,Microplastic,266,177,281,200
b--50-_jpg.rf.GVp9Bkpf4QTzFWZl8OtO.jpg,563,537,Microplastic,111,383,141,413
b--50-_jpg.rf.GVp9Bkpf4QTzFWZl8OtO.jpg,563,537,Microplastic,109,435,155,461
b--50-_jpg.rf.GVp9Bkpf4QTzFWZl8OtO.jpg,563,537,Microplastic,244,391,265,416
b--50-_jpg.rf.GVp9Bkpf4QTzFWZl8OtO.jpg,563,537,Microplastic,250,448,269,467
b--50-_jpg.rf.GVp9Bkpf4QTzFWZl8OtO.jpg,563,537,Microplastic,427,461,452,486
b--50-_jpg.rf.GVp9Bkpf4QTzFWZl8OtO.jpg,563,537,Microplastic,453,404,478,441
b--50-_jpg.rf.GVp9Bkpf4QTzFWZl8OtO.jpg,563,537,Microplastic,483,175,495,191
b--50-_jpg.rf.GVp9Bkpf4QTzFWZl8OtO.jpg,563,537,Microplastic,66,493,80,505
b--162-_jpg.rf.EAsgiUTgL124eM8uUJOR.jpg,563,537,Microplastic,0,0,28,80
b--162-_jpg.rf.EAsgiUTgL124eM8uUJOR.jpg,563,537,Microplastic,266,50,287,70
b--162-_jpg.rf.EAsgiUTgL124eM8uUJOR.jpg,563,537,Microplastic,178,87,220,116
b--162-_jpg.rf.EAsgiUTgL124eM8uUJOR.jpg,563,537,Microplastic,176,170,186,187
b--162-_jpg.rf.EAsgiUTgL124eM8uUJOR.jpg,563,537,Microplastic,99,167,136,203
b--162-_jpg.rf.EAsgiUTgL124eM8uUJOR.jpg,563,537,Microplastic,414,178,429,200
b--162-_jpg.rf.EAsgiUTgL124eM8uUJOR.jpg,563,537,Microplastic,277,179,292,202
b--162-_jpg.rf.EAsgiUTgL124eM8uUJOR.jpg,563,537,Microplastic,313,200,337,228
b--162-_jpg.rf.EAsgiUTgL124eM8uUJOR.jpg,563,537,Microplastic,289,205,308,232
b--162-_jpg.rf.EAsgiUTgL124eM8uUJOR.jpg,563,537,Microplastic,258,231,274,248
b--162-_jpg.rf.EAsgiUTgL124eM8uUJOR.jpg,563,537,Microplastic,303,240,325,269
b--162-_jpg.rf.EAsgiUTgL124eM8uUJOR.jpg,563,537,Microplastic,195,250,213,269
b--162-_jpg.rf.EAsgiUTgL124eM8uUJOR.jpg,563,537,Microplastic,0,253,6,276
b--162-_jpg.rf.EAsgiUTgL124eM8uUJOR.jpg,563,537,Microplastic,159,265,191,307
b--162-_jpg.rf.EAsgiUTgL124eM8uUJOR.jpg,563,537,Microplastic,6,331,40,375
b--162-_jpg.rf.EAsgiUTgL124eM8uUJOR.jpg,563,537,Microplastic,129,340,174,392
b--162-_jpg.rf.EAsgiUTgL124eM8uUJOR.jpg,563,537,Microplastic,279,367,294,394
b--162-_jpg.rf.EAsgiUTgL124eM8uUJOR.jpg,563,537,Microplastic,315,378,335,402
b--162-_jpg.rf.EAsgiUTgL124eM8uUJOR.jpg,563,537,Microplastic,329,387,348,407
b--162-_jpg.rf.EAsgiUTgL124eM8uUJOR.jpg,563,537,Microplastic,245,409,276,434
b--162-_jpg.rf.EAsgiUTgL124eM8uUJOR.jpg,563,537,Microplastic,444,405,489,440
b--140-_jpg.rf.attAqOBgEbeiyNeR6894.jpg,563,537,Microplastic,282,94,310,120
b--140-_jpg.rf.attAqOBgEbeiyNeR6894.jpg,563,537,Microplastic,440,129,459,156
b--140-_jpg.rf.attAqOBgEbeiyNeR6894.jpg,563,537,Microplastic,80,214,102,239
b--140-_jpg.rf.attAqOBgEbeiyNeR6894.jpg,563,537,Microplastic,152,215,171,249
b--140-_jpg.rf.attAqOBgEbeiyNeR6894.jpg,563,537,Microplastic,120,212,144,257
b--140-_jpg.rf.attAqOBgEbeiyNeR6894.jpg,563,537,Microplastic,15,237,38,263
b--140-_jpg.rf.attAqOBgEbeiyNeR6894.jpg,563,537,Microplastic,80,248,104,267
b--140-_jpg.rf.attAqOBgEbeiyNeR6894.jpg,563,537,Microplastic,165,279,182,306
b--140-_jpg.rf.attAqOBgEbeiyNeR6894.jpg,563,537,Microplastic,335,302,369,339
b--140-_jpg.rf.attAqOBgEbeiyNeR6894.jpg,563,537,Microplastic,284,332,308,366
b--140-_jpg.rf.attAqOBgEbeiyNeR6894.jpg,563,537,Microplastic,60,352,89,378
b--140-_jpg.rf.attAqOBgEbeiyNeR6894.jpg,563,537,Microplastic,465,380,487,408
b--140-_jpg.rf.attAqOBgEbeiyNeR6894.jpg,563,537,Microplastic,24,475,54,509
b--144-_jpg.rf.Zg77DE0FMoNrLSn3cIbd.jpg,563,537,Microplastic,55,0,94,64
b--144-_jpg.rf.Zg77DE0FMoNrLSn3cIbd.jpg,563,537,Microplastic,305,67,357,111
b--144-_jpg.rf.Zg77DE0FMoNrLSn3cIbd.jpg,563,537,Microplastic,247,79,272,108
b--144-_jpg.rf.Zg77DE0FMoNrLSn3cIbd.jpg,563,537,Microplastic,117,112,136,143
b--144-_jpg.rf.Zg77DE0FMoNrLSn3cIbd.jpg,563,537,Microplastic,172,197,187,221
b--144-_jpg.rf.Zg77DE0FMoNrLSn3cIbd.jpg,563,537,Microplastic,265,240,281,265
b--144-_jpg.rf.Zg77DE0FMoNrLSn3cIbd.jpg,563,537,Microplastic,207,240,235,273
b--144-_jpg.rf.Zg77DE0FMoNrLSn3cIbd.jpg,563,537,Microplastic,319,250,365,288
b--144-_jpg.rf.Zg77DE0FMoNrLSn3cIbd.jpg,563,537,Microplastic,469,307,505,339
b--144-_jpg.rf.Zg77DE0FMoNrLSn3cIbd.jpg,563,537,Microplastic,140,355,164,385
b--144-_jpg.rf.Zg77DE0FMoNrLSn3cIbd.jpg,563,537,Microplastic,222,382,243,398
b--144-_jpg.rf.Zg77DE0FMoNrLSn3cIbd.jpg,563,537,Microplastic,365,400,409,460
b--144-_jpg.rf.Zg77DE0FMoNrLSn3cIbd.jpg,563,537,Microplastic,229,420,250,445
b--144-_jpg.rf.Zg77DE0FMoNrLSn3cIbd.jpg,563,537,Microplastic,115,444,149,483
b--144-_jpg.rf.Zg77DE0FMoNrLSn3cIbd.jpg,563,537,Microplastic,202,452,219,486
b--144-_jpg.rf.Zg77DE0FMoNrLSn3cIbd.jpg,563,537,Microplastic,205,489,224,505
b--144-_jpg.rf.Zg77DE0FMoNrLSn3cIbd.jpg,563,537,Microplastic,412,482,440,514
b--177-_jpg.rf.gJ6K7zLV7z3g6wowwyn3.jpg,563,537,Microplastic,169,0,196,29
b--177-_jpg.rf.gJ6K7zLV7z3g6wowwyn3.jpg,563,537,Microplastic,355,20,381,49
b--177-_jpg.rf.gJ6K7zLV7z3g6wowwyn3.jpg,563,537,Microplastic,525,49,549,78
b--177-_jpg.rf.gJ6K7zLV7z3g6wowwyn3.jpg,563,537,Microplastic,540,89,562,111
b--177-_jpg.rf.gJ6K7zLV7z3g6wowwyn3.jpg,563,537,Microplastic,127,100,153,136
b--177-_jpg.rf.gJ6K7zLV7z3g6wowwyn3.jpg,563,537,Microplastic,162,130,192,170
b--177-_jpg.rf.gJ6K7zLV7z3g6wowwyn3.jpg,563,537,Microplastic,200,170,228,198
b--177-_jpg.rf.gJ6K7zLV7z3g6wowwyn3.jpg,563,537,Microplastic,297,189,317,219
b--177-_jpg.rf.gJ6K7zLV7z3g6wowwyn3.jpg,563,537,Microplastic,335,184,367,224
b--177-_jpg.rf.gJ6K7zLV7z3g6wowwyn3.jpg,563,537,Microplastic,134,257,150,284
b--177-_jpg.rf.gJ6K7zLV7z3g6wowwyn3.jpg,563,537,Microplastic,222,259,237,295
b--177-_jpg.rf.gJ6K7zLV7z3g6wowwyn3.jpg,563,537,Microplastic,515,325,562,388
b--177-_jpg.rf.gJ6K7zLV7z3g6wowwyn3.jpg,563,537,Microplastic,62,340,92,393
b--177-_jpg.rf.gJ6K7zLV7z3g6wowwyn3.jpg,563,537,Microplastic,242,365,259,385
b--177-_jpg.rf.gJ6K7zLV7z3g6wowwyn3.jpg,563,537,Microplastic,99,380,127,408
b--177-_jpg.rf.gJ6K7zLV7z3g6wowwyn3.jpg,563,537,Microplastic,322,414,354,441
b--164-_jpg.rf.JRZkOsskGW7pPY31rPJv.jpg,563,537,Microplastic,114,0,148,7
b--164-_jpg.rf.JRZkOsskGW7pPY31rPJv.jpg,563,537,Microplastic,154,27,182,51
b--164-_jpg.rf.JRZkOsskGW7pPY31rPJv.jpg,563,537,Microplastic,75,17,121,67
b--164-_jpg.rf.JRZkOsskGW7pPY31rPJv.jpg,563,537,Microplastic,281,46,297,59
b--164-_jpg.rf.JRZkOsskGW7pPY31rPJv.jpg,563,537,Microplastic,412,42,440,64
b--164-_jpg.rf.JRZkOsskGW7pPY31rPJv.jpg,563,537,Microplastic,257,64,287,94
b--164-_jpg.rf.JRZkOsskGW7pPY31rPJv.jpg,563,537,Microplastic,122,102,143,123
b--164-_jpg.rf.JRZkOsskGW7pPY31rPJv.jpg,563,537,Microplastic,170,139,201,163
b--164-_jpg.rf.JRZkOsskGW7pPY31rPJv.jpg,563,537,Microplastic,187,167,217,193
b--164-_jpg.rf.JRZkOsskGW7pPY31rPJv.jpg,563,537,Microplastic,507,197,545,227
b--164-_jpg.rf.JRZkOsskGW7pPY31rPJv.jpg,563,537,Microplastic,345,257,373,298
b--164-_jpg.rf.JRZkOsskGW7pPY31rPJv.jpg,563,537,Microplastic,257,274,320,359
b--164-_jpg.rf.JRZkOsskGW7pPY31rPJv.jpg,563,537,Microplastic,58,308,78,329
b--164-_jpg.rf.JRZkOsskGW7pPY31rPJv.jpg,563,537,Microplastic,264,379,290,409
b--164-_jpg.rf.JRZkOsskGW7pPY31rPJv.jpg,563,537,Microplastic,186,396,201,414
b--164-_jpg.rf.JRZkOsskGW7pPY31rPJv.jpg,563,537,Microplastic,0,450,14,486
b--164-_jpg.rf.JRZkOsskGW7pPY31rPJv.jpg,563,537,Microplastic,194,454,226,489
b--164-_jpg.rf.JRZkOsskGW7pPY31rPJv.jpg,563,537,Microplastic,364,492,391,531
f--72-_jpg.rf.8movjn8FdN3NpvXQkIdH.jpg,563,537,Microplastic,290,0,340,29
f--72-_jpg.rf.8movjn8FdN3NpvXQkIdH.jpg,563,537,Microplastic,359,51,415,89
f--72-_jpg.rf.8movjn8FdN3NpvXQkIdH.jpg,563,537,Microplastic,179,164,234,212
f--72-_jpg.rf.8movjn8FdN3NpvXQkIdH.jpg,563,537,Microplastic,329,457,399,526
f--72-_jpg.rf.8movjn8FdN3NpvXQkIdH.jpg,563,537,Microplastic,62,462,111,528
f--67-_jpg.rf.7792sKRtTviI4PhHtnwl.jpg,563,537,Microplastic,309,0,344,9
f--67-_jpg.rf.7792sKRtTviI4PhHtnwl.jpg,563,537,Microplastic,400,0,450,49
f--67-_jpg.rf.7792sKRtTviI4PhHtnwl.jpg,563,537,Microplastic,257,146,298,174
f--67-_jpg.rf.7792sKRtTviI4PhHtnwl.jpg,563,537,Microplastic,497,255,534,304
f--67-_jpg.rf.7792sKRtTviI4PhHtnwl.jpg,563,537,Microplastic,255,257,317,316
f--67-_jpg.rf.7792sKRtTviI4PhHtnwl.jpg,563,537,Microplastic,339,490,382,536
f--67-_jpg.rf.7792sKRtTviI4PhHtnwl.jpg,563,537,Microplastic,139,497,191,536
d--92-_jpg.rf.giAMgBkvHw4W6ZUl6ZLH.jpg,563,537,Microplastic,143,0,231,44
d--92-_jpg.rf.giAMgBkvHw4W6ZUl6ZLH.jpg,563,537,Microplastic,363,0,520,147
d--92-_jpg.rf.giAMgBkvHw4W6ZUl6ZLH.jpg,563,537,Microplastic,470,129,562,254
d--92-_jpg.rf.giAMgBkvHw4W6ZUl6ZLH.jpg,563,537,Microplastic,110,301,247,407
f--90-_jpg.rf.HWZjQtj4sJGZZ9FeAxEE.jpg,563,537,Microplastic,362,44,414,76
f--90-_jpg.rf.HWZjQtj4sJGZZ9FeAxEE.jpg,563,537,Microplastic,369,84,413,144
f--90-_jpg.rf.HWZjQtj4sJGZZ9FeAxEE.jpg,563,537,Microplastic,99,134,135,163
f--90-_jpg.rf.HWZjQtj4sJGZZ9FeAxEE.jpg,563,537,Microplastic,442,160,484,198
f--90-_jpg.rf.HWZjQtj4sJGZZ9FeAxEE.jpg,563,537,Microplastic,189,254,248,302
f--90-_jpg.rf.HWZjQtj4sJGZZ9FeAxEE.jpg,563,537,Microplastic,102,320,135,357
f--90-_jpg.rf.HWZjQtj4sJGZZ9FeAxEE.jpg,563,537,Microplastic,269,327,300,371
f--90-_jpg.rf.HWZjQtj4sJGZZ9FeAxEE.jpg,563,537,Microplastic,395,354,483,431
f--90-_jpg.rf.HWZjQtj4sJGZZ9FeAxEE.jpg,563,537,Microplastic,4,372,52,422
f--90-_jpg.rf.HWZjQtj4sJGZZ9FeAxEE.jpg,563,537,Microplastic,149,425,206,463
f--90-_jpg.rf.HWZjQtj4sJGZZ9FeAxEE.jpg,563,537,Microplastic,60,497,113,536
f--73-_jpg.rf.Ar2PPSAph4xLAyleZbTe.jpg,563,537,Microplastic,235,5,282,58
f--73-_jpg.rf.Ar2PPSAph4xLAyleZbTe.jpg,563,537,Microplastic,165,207,210,257
f--73-_jpg.rf.Ar2PPSAph4xLAyleZbTe.jpg,563,537,Microplastic,485,280,530,327
f--73-_jpg.rf.Ar2PPSAph4xLAyleZbTe.jpg,563,537,Microplastic,227,324,268,387
f--73-_jpg.rf.Ar2PPSAph4xLAyleZbTe.jpg,563,537,Microplastic,27,444,61,495
f--73-_jpg.rf.Ar2PPSAph4xLAyleZbTe.jpg,563,537,Microplastic,369,475,404,524
27_jpg.rf.0RnGOyFrs1S0zVNosGjk.jpg,563,537,Microplastic,158,111,198,147
27_jpg.rf.0RnGOyFrs1S0zVNosGjk.jpg,563,537,Microplastic,76,142,105,173
27_jpg.rf.0RnGOyFrs1S0zVNosGjk.jpg,563,537,Microplastic,127,173,157,212
27_jpg.rf.0RnGOyFrs1S0zVNosGjk.jpg,563,537,Microplastic,204,263,248,282
27_jpg.rf.0RnGOyFrs1S0zVNosGjk.jpg,563,537,Microplastic,245,224,262,246
27_jpg.rf.0RnGOyFrs1S0zVNosGjk.jpg,563,537,Microplastic,272,181,284,198
27_jpg.rf.0RnGOyFrs1S0zVNosGjk.jpg,563,537,Microplastic,303,186,317,205
27_jpg.rf.0RnGOyFrs1S0zVNosGjk.jpg,563,537,Microplastic,336,190,357,202
27_jpg.rf.0RnGOyFrs1S0zVNosGjk.jpg,563,537,Microplastic,477,199,504,220
27_jpg.rf.0RnGOyFrs1S0zVNosGjk.jpg,563,537,Microplastic,294,308,316,330
27_jpg.rf.0RnGOyFrs1S0zVNosGjk.jpg,563,537,Microplastic,371,311,382,326
27_jpg.rf.0RnGOyFrs1S0zVNosGjk.jpg,563,537,Microplastic,314,353,328,372
27_jpg.rf.0RnGOyFrs1S0zVNosGjk.jpg,563,537,Microplastic,191,424,218,454
27_jpg.rf.0RnGOyFrs1S0zVNosGjk.jpg,563,537,Microplastic,126,446,158,472
27_jpg.rf.0RnGOyFrs1S0zVNosGjk.jpg,563,537,Microplastic,317,486,339,511
27_jpg.rf.0RnGOyFrs1S0zVNosGjk.jpg,563,537,Microplastic,104,448,117,459
27_jpg.rf.0RnGOyFrs1S0zVNosGjk.jpg,563,537,Microplastic,74,380,88,398
27_jpg.rf.0RnGOyFrs1S0zVNosGjk.jpg,563,537,Microplastic,117,306,139,326
27_jpg.rf.0RnGOyFrs1S0zVNosGjk.jpg,563,537,Microplastic,65,289,83,304
27_jpg.rf.0RnGOyFrs1S0zVNosGjk.jpg,563,537,Microplastic,58,229,68,246
27_jpg.rf.0RnGOyFrs1S0zVNosGjk.jpg,563,537,Microplastic,62,196,78,211
27_jpg.rf.0RnGOyFrs1S0zVNosGjk.jpg,563,537,Microplastic,0,241,12,261
27_jpg.rf.0RnGOyFrs1S0zVNosGjk.jpg,563,537,Microplastic,0,185,22,205
f--74-_jpg.rf.8BKxSYdAHK96o8uLpkjU.jpg,563,537,Microplastic,122,0,157,50
f--74-_jpg.rf.8BKxSYdAHK96o8uLpkjU.jpg,563,537,Microplastic,422,39,461,79
f--74-_jpg.rf.8BKxSYdAHK96o8uLpkjU.jpg,563,537,Microplastic,340,240,386,289
b--192-_jpg.rf.Y3Ryvx31NW9Wsi8sY7k3.jpg,563,537,Microplastic,219,0,237,40
b--192-_jpg.rf.Y3Ryvx31NW9Wsi8sY7k3.jpg,563,537,Microplastic,355,34,391,76
b--192-_jpg.rf.Y3Ryvx31NW9Wsi8sY7k3.jpg,563,537,Microplastic,409,89,435,126
b--192-_jpg.rf.Y3Ryvx31NW9Wsi8sY7k3.jpg,563,537,Microplastic,449,159,473,198
b--192-_jpg.rf.Y3Ryvx31NW9Wsi8sY7k3.jpg,563,537,Microplastic,240,327,282,362
b--192-_jpg.rf.Y3Ryvx31NW9Wsi8sY7k3.jpg,563,537,Microplastic,107,397,139,431
b--192-_jpg.rf.Y3Ryvx31NW9Wsi8sY7k3.jpg,563,537,Microplastic,375,494,410,536
b--160-_jpg.rf.pBTUq4tEe7KK1vdvhV1j.jpg,563,537,Microplastic,209,12,235,39
b--160-_jpg.rf.pBTUq4tEe7KK1vdvhV1j.jpg,563,537,Microplastic,397,24,429,56
b--160-_jpg.rf.pBTUq4tEe7KK1vdvhV1j.jpg,563,537,Microplastic,132,80,164,109
b--160-_jpg.rf.pBTUq4tEe7KK1vdvhV1j.jpg,563,537,Microplastic,290,167,330,212
b--160-_jpg.rf.pBTUq4tEe7KK1vdvhV1j.jpg,563,537,Microplastic,547,254,562,283
b--160-_jpg.rf.pBTUq4tEe7KK1vdvhV1j.jpg,563,537,Microplastic,115,259,152,307
b--160-_jpg.rf.pBTUq4tEe7KK1vdvhV1j.jpg,563,537,Microplastic,29,264,78,306
b--160-_jpg.rf.pBTUq4tEe7KK1vdvhV1j.jpg,563,537,Microplastic,332,314,349,339
b--160-_jpg.rf.pBTUq4tEe7KK1vdvhV1j.jpg,563,537,Microplastic,290,320,315,353
b--160-_jpg.rf.pBTUq4tEe7KK1vdvhV1j.jpg,563,537,Microplastic,402,347,424,398
b--160-_jpg.rf.pBTUq4tEe7KK1vdvhV1j.jpg,563,537,Microplastic,74,405,95,432
b--160-_jpg.rf.pBTUq4tEe7KK1vdvhV1j.jpg,563,537,Microplastic,220,447,249,475
b--160-_jpg.rf.pBTUq4tEe7KK1vdvhV1j.jpg,563,537,Microplastic,154,454,188,485
b--160-_jpg.rf.pBTUq4tEe7KK1vdvhV1j.jpg,563,537,Microplastic,405,462,450,492
b--160-_jpg.rf.pBTUq4tEe7KK1vdvhV1j.jpg,563,537,Microplastic,242,467,289,510
b--160-_jpg.rf.pBTUq4tEe7KK1vdvhV1j.jpg,563,537,Microplastic,454,507,481,536
b--160-_jpg.rf.pBTUq4tEe7KK1vdvhV1j.jpg,563,537,Microplastic,140,515,167,536
b--18-_jpg.rf.o7KOLrkr5v5vqejclujM.jpg,563,537,Microplastic,146,0,159,11
b--18-_jpg.rf.o7KOLrkr5v5vqejclujM.jpg,563,537,Microplastic,116,0,131,18
b--18-_jpg.rf.o7KOLrkr5v5vqejclujM.jpg,563,537,Microplastic,267,12,302,45
b--18-_jpg.rf.o7KOLrkr5v5vqejclujM.jpg,563,537,Microplastic,478,33,491,52
b--18-_jpg.rf.o7KOLrkr5v5vqejclujM.jpg,563,537,Microplastic,6,47,16,55
b--18-_jpg.rf.o7KOLrkr5v5vqejclujM.jpg,563,537,Microplastic,178,88,208,114
b--18-_jpg.rf.o7KOLrkr5v5vqejclujM.jpg,563,537,Microplastic,223,98,253,139
b--18-_jpg.rf.o7KOLrkr5v5vqejclujM.jpg,563,537,Microplastic,461,125,477,144
b--18-_jpg.rf.o7KOLrkr5v5vqejclujM.jpg,563,537,Microplastic,223,156,233,168
b--18-_jpg.rf.o7KOLrkr5v5vqejclujM.jpg,563,537,Microplastic,321,166,341,198
b--18-_jpg.rf.o7KOLrkr5v5vqejclujM.jpg,563,537,Microplastic,155,180,165,196
b--18-_jpg.rf.o7KOLrkr5v5vqejclujM.jpg,563,537,Microplastic,100,189,115,203
b--18-_jpg.rf.o7KOLrkr5v5vqejclujM.jpg,563,537,Microplastic,335,215,347,223
b--18-_jpg.rf.o7KOLrkr5v5vqejclujM.jpg,563,537,Microplastic,0,227,5,246
b--18-_jpg.rf.o7KOLrkr5v5vqejclujM.jpg,563,537,Microplastic,435,230,454,250
b--18-_jpg.rf.o7KOLrkr5v5vqejclujM.jpg,563,537,Microplastic,65,231,76,257
b--18-_jpg.rf.o7KOLrkr5v5vqejclujM.jpg,563,537,Microplastic,13,257,37,283
b--18-_jpg.rf.o7KOLrkr5v5vqejclujM.jpg,563,537,Microplastic,163,249,213,296
b--18-_jpg.rf.o7KOLrkr5v5vqejclujM.jpg,563,537,Microplastic,383,264,407,316
b--18-_jpg.rf.o7KOLrkr5v5vqejclujM.jpg,563,537,Microplastic,462,280,474,303
b--18-_jpg.rf.o7KOLrkr5v5vqejclujM.jpg,563,537,Microplastic,243,306,252,318
b--18-_jpg.rf.o7KOLrkr5v5vqejclujM.jpg,563,537,Microplastic,481,306,495,324
b--18-_jpg.rf.o7KOLrkr5v5vqejclujM.jpg,563,537,Microplastic,318,322,325,331
b--18-_jpg.rf.o7KOLrkr5v5vqejclujM.jpg,563,537,Microplastic,438,324,444,330
b--18-_jpg.rf.o7KOLrkr5v5vqejclujM.jpg,563,537,Microplastic,296,324,309,343
b--18-_jpg.rf.o7KOLrkr5v5vqejclujM.jpg,563,537,Microplastic,351,352,356,358
b--18-_jpg.rf.o7KOLrkr5v5vqejclujM.jpg,563,537,Microplastic,85,368,92,378
b--18-_jpg.rf.o7KOLrkr5v5vqejclujM.jpg,563,537,Microplastic,208,369,219,378
b--18-_jpg.rf.o7KOLrkr5v5vqejclujM.jpg,563,537,Microplastic,61,367,71,391
b--18-_jpg.rf.o7KOLrkr5v5vqejclujM.jpg,563,537,Microplastic,309,394,316,403
b--18-_jpg.rf.o7KOLrkr5v5vqejclujM.jpg,563,537,Microplastic,84,395,94,411
b--18-_jpg.rf.o7KOLrkr5v5vqejclujM.jpg,563,537,Microplastic,456,403,464,409
b--18-_jpg.rf.o7KOLrkr5v5vqejclujM.jpg,563,537,Microplastic,300,407,310,417
b--18-_jpg.rf.o7KOLrkr5v5vqejclujM.jpg,563,537,Microplastic,264,413,273,423
b--18-_jpg.rf.o7KOLrkr5v5vqejclujM.jpg,563,537,Microplastic,348,402,370,445
b--18-_jpg.rf.o7KOLrkr5v5vqejclujM.jpg,563,537,Microplastic,416,436,421,440
b--18-_jpg.rf.o7KOLrkr5v5vqejclujM.jpg,563,537,Microplastic,0,420,21,459
b--18-_jpg.rf.o7KOLrkr5v5vqejclujM.jpg,563,537,Microplastic,513,437,520,444
b--18-_jpg.rf.o7KOLrkr5v5vqejclujM.jpg,563,537,Microplastic,194,475,200,485
b--18-_jpg.rf.o7KOLrkr5v5vqejclujM.jpg,563,537,Microplastic,281,482,299,494
b--18-_jpg.rf.o7KOLrkr5v5vqejclujM.jpg,563,537,Microplastic,230,496,236,502
b--18-_jpg.rf.o7KOLrkr5v5vqejclujM.jpg,563,537,Microplastic,269,521,277,531
b--18-_jpg.rf.o7KOLrkr5v5vqejclujM.jpg,563,537,Microplastic,425,521,447,536
b--149-_jpg.rf.gG8mkk3NGE75yEVHbePZ.jpg,563,537,Microplastic,95,119,123,144
b--146-_jpg.rf.j9T5vHF7PiVBThMjRSoS.jpg,563,537,Microplastic,332,4,361,36
b--146-_jpg.rf.j9T5vHF7PiVBThMjRSoS.jpg,563,537,Microplastic,369,32,405,76
b--146-_jpg.rf.j9T5vHF7PiVBThMjRSoS.jpg,563,537,Microplastic,189,110,260,154
b--146-_jpg.rf.j9T5vHF7PiVBThMjRSoS.jpg,563,537,Microplastic,432,154,454,180
b--146-_jpg.rf.j9T5vHF7PiVBThMjRSoS.jpg,563,537,Microplastic,382,155,417,196
b--146-_jpg.rf.j9T5vHF7PiVBThMjRSoS.jpg,563,537,Microplastic,242,175,272,205
b--146-_jpg.rf.j9T5vHF7PiVBThMjRSoS.jpg,563,537,Microplastic,484,245,504,277
b--146-_jpg.rf.j9T5vHF7PiVBThMjRSoS.jpg,563,537,Microplastic,250,264,264,285
b--146-_jpg.rf.j9T5vHF7PiVBThMjRSoS.jpg,563,537,Microplastic,362,262,381,303
b--146-_jpg.rf.j9T5vHF7PiVBThMjRSoS.jpg,563,537,Microplastic,144,280,178,309
b--146-_jpg.rf.j9T5vHF7PiVBThMjRSoS.jpg,563,537,Microplastic,27,294,57,328
b--146-_jpg.rf.j9T5vHF7PiVBThMjRSoS.jpg,563,537,Microplastic,445,299,517,347
b--146-_jpg.rf.j9T5vHF7PiVBThMjRSoS.jpg,563,537,Microplastic,189,344,207,375
b--146-_jpg.rf.j9T5vHF7PiVBThMjRSoS.jpg,563,537,Microplastic,277,352,302,378
b--146-_jpg.rf.j9T5vHF7PiVBThMjRSoS.jpg,563,537,Microplastic,60,405,88,443
b--146-_jpg.rf.j9T5vHF7PiVBThMjRSoS.jpg,563,537,Microplastic,2,467,48,502
b--145-_jpg.rf.qittcR5Chqf3P1OUtmPf.jpg,563,537,Microplastic,310,62,341,95
b--145-_jpg.rf.qittcR5Chqf3P1OUtmPf.jpg,563,537,Microplastic,449,130,484,158
b--145-_jpg.rf.qittcR5Chqf3P1OUtmPf.jpg,563,537,Microplastic,367,170,386,200
b--145-_jpg.rf.qittcR5Chqf3P1OUtmPf.jpg,563,537,Microplastic,292,199,317,224
b--145-_jpg.rf.qittcR5Chqf3P1OUtmPf.jpg,563,537,Microplastic,484,229,515,270
b--145-_jpg.rf.qittcR5Chqf3P1OUtmPf.jpg,563,537,Microplastic,309,250,331,281
b--145-_jpg.rf.qittcR5Chqf3P1OUtmPf.jpg,563,537,Microplastic,42,254,64,282
b--145-_jpg.rf.qittcR5Chqf3P1OUtmPf.jpg,563,537,Microplastic,187,269,205,294
b--145-_jpg.rf.qittcR5Chqf3P1OUtmPf.jpg,563,537,Microplastic,125,287,145,319
b--145-_jpg.rf.qittcR5Chqf3P1OUtmPf.jpg,563,537,Microplastic,15,294,38,318
b--145-_jpg.rf.qittcR5Chqf3P1OUtmPf.jpg,563,537,Microplastic,5,349,32,385
b--145-_jpg.rf.qittcR5Chqf3P1OUtmPf.jpg,563,537,Microplastic,402,354,428,386
b--145-_jpg.rf.qittcR5Chqf3P1OUtmPf.jpg,563,537,Microplastic,209,419,232,447
b--145-_jpg.rf.qittcR5Chqf3P1OUtmPf.jpg,563,537,Microplastic,262,464,291,483
b--145-_jpg.rf.qittcR5Chqf3P1OUtmPf.jpg,563,537,Microplastic,169,487,203,511
b--145-_jpg.rf.qittcR5Chqf3P1OUtmPf.jpg,563,537,Microplastic,55,489,77,519
b--145-_jpg.rf.qittcR5Chqf3P1OUtmPf.jpg,563,537,Microplastic,387,532,406,536
b--138-_jpg.rf.SCfs7I6zOKxbYiDP4Wye.jpg,563,537,Microplastic,380,0,408,22
b--138-_jpg.rf.SCfs7I6zOKxbYiDP4Wye.jpg,563,537,Microplastic,155,44,184,82
b--138-_jpg.rf.SCfs7I6zOKxbYiDP4Wye.jpg,563,537,Microplastic,191,70,218,98
b--138-_jpg.rf.SCfs7I6zOKxbYiDP4Wye.jpg,563,537,Microplastic,107,77,145,131
b--138-_jpg.rf.SCfs7I6zOKxbYiDP4Wye.jpg,563,537,Microplastic,262,109,284,137
b--138-_jpg.rf.SCfs7I6zOKxbYiDP4Wye.jpg,563,537,Microplastic,285,115,305,131
b--138-_jpg.rf.SCfs7I6zOKxbYiDP4Wye.jpg,563,537,Microplastic,195,132,238,151
b--138-_jpg.rf.SCfs7I6zOKxbYiDP4Wye.jpg,563,537,Microplastic,520,231,547,257
b--138-_jpg.rf.SCfs7I6zOKxbYiDP4Wye.jpg,563,537,Microplastic,309,264,323,297
b--138-_jpg.rf.SCfs7I6zOKxbYiDP4Wye.jpg,563,537,Microplastic,347,272,374,302
b--138-_jpg.rf.SCfs7I6zOKxbYiDP4Wye.jpg,563,537,Microplastic,520,290,546,329
b--138-_jpg.rf.SCfs7I6zOKxbYiDP4Wye.jpg,563,537,Microplastic,69,311,104,346
b--138-_jpg.rf.SCfs7I6zOKxbYiDP4Wye.jpg,563,537,Microplastic,250,364,309,408
b--138-_jpg.rf.SCfs7I6zOKxbYiDP4Wye.jpg,563,537,Microplastic,212,379,227,401
b--138-_jpg.rf.SCfs7I6zOKxbYiDP4Wye.jpg,563,537,Microplastic,144,430,164,453
b--138-_jpg.rf.SCfs7I6zOKxbYiDP4Wye.jpg,563,537,Microplastic,502,444,534,473
b--138-_jpg.rf.SCfs7I6zOKxbYiDP4Wye.jpg,563,537,Microplastic,110,457,138,484
b--138-_jpg.rf.SCfs7I6zOKxbYiDP4Wye.jpg,563,537,Microplastic,374,479,429,524
36_jpg.rf.029OsJU33A0gqQPmST6N.jpg,563,537,Microplastic,0,272,24,293
36_jpg.rf.029OsJU33A0gqQPmST6N.jpg,563,537,Microplastic,141,237,162,251
36_jpg.rf.029OsJU33A0gqQPmST6N.jpg,563,537,Microplastic,219,224,258,245
36_jpg.rf.029OsJU33A0gqQPmST6N.jpg,563,537,Microplastic,216,404,250,425
36_jpg.rf.029OsJU33A0gqQPmST6N.jpg,563,537,Microplastic,253,337,267,363
36_jpg.rf.029OsJU33A0gqQPmST6N.jpg,563,537,Microplastic,218,364,230,379
36_jpg.rf.029OsJU33A0gqQPmST6N.jpg,563,537,Microplastic,305,109,325,133
36_jpg.rf.029OsJU33A0gqQPmST6N.jpg,563,537,Microplastic,287,45,314,76
36_jpg.rf.029OsJU33A0gqQPmST6N.jpg,563,537,Microplastic,258,91,279,116
36_jpg.rf.029OsJU33A0gqQPmST6N.jpg,563,537,Microplastic,352,41,397,77
36_jpg.rf.029OsJU33A0gqQPmST6N.jpg,563,537,Microplastic,161,127,191,148
36_jpg.rf.029OsJU33A0gqQPmST6N.jpg,563,537,Microplastic,92,0,110,22
36_jpg.rf.029OsJU33A0gqQPmST6N.jpg,563,537,Microplastic,54,86,73,107
36_jpg.rf.029OsJU33A0gqQPmST6N.jpg,563,537,Microplastic,68,170,88,189
36_jpg.rf.029OsJU33A0gqQPmST6N.jpg,563,537,Microplastic,468,278,496,314
70_jpg.rf.6bLfYbAF6IPoUUjppgmj.jpg,563,537,Microplastic,272,0,301,33
70_jpg.rf.6bLfYbAF6IPoUUjppgmj.jpg,563,537,Microplastic,192,92,209,112
70_jpg.rf.6bLfYbAF6IPoUUjppgmj.jpg,563,537,Microplastic,240,179,258,195
70_jpg.rf.6bLfYbAF6IPoUUjppgmj.jpg,563,537,Microplastic,289,184,315,207
70_jpg.rf.6bLfYbAF6IPoUUjppgmj.jpg,563,537,Microplastic,355,192,379,221
70_jpg.rf.6bLfYbAF6IPoUUjppgmj.jpg,563,537,Microplastic,264,220,284,248
70_jpg.rf.6bLfYbAF6IPoUUjppgmj.jpg,563,537,Microplastic,362,232,386,256
70_jpg.rf.6bLfYbAF6IPoUUjppgmj.jpg,563,537,Microplastic,0,280,20,310
70_jpg.rf.6bLfYbAF6IPoUUjppgmj.jpg,563,537,Microplastic,512,284,534,309
70_jpg.rf.6bLfYbAF6IPoUUjppgmj.jpg,563,537,Microplastic,180,309,210,330
70_jpg.rf.6bLfYbAF6IPoUUjppgmj.jpg,563,537,Microplastic,510,309,535,341
70_jpg.rf.6bLfYbAF6IPoUUjppgmj.jpg,563,537,Microplastic,260,312,282,340
70_jpg.rf.6bLfYbAF6IPoUUjppgmj.jpg,563,537,Microplastic,122,330,167,365
70_jpg.rf.6bLfYbAF6IPoUUjppgmj.jpg,563,537,Microplastic,417,335,448,371
70_jpg.rf.6bLfYbAF6IPoUUjppgmj.jpg,563,537,Microplastic,275,367,303,408
70_jpg.rf.6bLfYbAF6IPoUUjppgmj.jpg,563,537,Microplastic,382,432,397,450
70_jpg.rf.6bLfYbAF6IPoUUjppgmj.jpg,563,537,Microplastic,270,434,298,475
70_jpg.rf.6bLfYbAF6IPoUUjppgmj.jpg,563,537,Microplastic,357,440,382,471
70_jpg.rf.6bLfYbAF6IPoUUjppgmj.jpg,563,537,Microplastic,75,447,102,472
70_jpg.rf.6bLfYbAF6IPoUUjppgmj.jpg,563,537,Microplastic,307,464,330,495
70_jpg.rf.6bLfYbAF6IPoUUjppgmj.jpg,563,537,Microplastic,89,471,126,500
70_jpg.rf.6bLfYbAF6IPoUUjppgmj.jpg,563,537,Microplastic,42,482,72,514
f--93-_jpg.rf.Uj0EaeP7ykGgSlz2u7aB.jpg,563,537,Microplastic,307,25,342,58
f--93-_jpg.rf.Uj0EaeP7ykGgSlz2u7aB.jpg,563,537,Microplastic,397,35,433,74
f--93-_jpg.rf.Uj0EaeP7ykGgSlz2u7aB.jpg,563,537,Microplastic,55,35,109,86
f--93-_jpg.rf.Uj0EaeP7ykGgSlz2u7aB.jpg,563,537,Microplastic,294,102,355,160
f--93-_jpg.rf.Uj0EaeP7ykGgSlz2u7aB.jpg,563,537,Microplastic,0,132,50,190
f--93-_jpg.rf.Uj0EaeP7ykGgSlz2u7aB.jpg,563,537,Microplastic,177,182,213,217
f--93-_jpg.rf.Uj0EaeP7ykGgSlz2u7aB.jpg,563,537,Microplastic,504,195,562,254
f--93-_jpg.rf.Uj0EaeP7ykGgSlz2u7aB.jpg,563,537,Microplastic,315,227,346,261
f--93-_jpg.rf.Uj0EaeP7ykGgSlz2u7aB.jpg,563,537,Microplastic,192,294,219,327
f--93-_jpg.rf.Uj0EaeP7ykGgSlz2u7aB.jpg,563,537,Microplastic,180,344,229,381
f--93-_jpg.rf.Uj0EaeP7ykGgSlz2u7aB.jpg,563,537,Microplastic,262,459,297,497
f--70-_jpg.rf.FfMYz5t6AtPVbvTpk36C.jpg,563,537,Microplastic,44,0,84,14
f--70-_jpg.rf.FfMYz5t6AtPVbvTpk36C.jpg,563,537,Microplastic,410,15,458,58
f--70-_jpg.rf.FfMYz5t6AtPVbvTpk36C.jpg,563,537,Microplastic,397,110,433,132
f--70-_jpg.rf.FfMYz5t6AtPVbvTpk36C.jpg,563,537,Microplastic,279,137,313,180
f--70-_jpg.rf.FfMYz5t6AtPVbvTpk36C.jpg,563,537,Microplastic,479,232,515,272
f--70-_jpg.rf.FfMYz5t6AtPVbvTpk36C.jpg,563,537,Microplastic,0,394,16,447
f--70-_jpg.rf.FfMYz5t6AtPVbvTpk36C.jpg,563,537,Microplastic,354,432,395,503
f--70-_jpg.rf.FfMYz5t6AtPVbvTpk36C.jpg,563,537,Microplastic,69,460,123,515
f--70-_jpg.rf.FfMYz5t6AtPVbvTpk36C.jpg,563,537,Microplastic,417,475,442,507
f--70-_jpg.rf.FfMYz5t6AtPVbvTpk36C.jpg,563,537,Microplastic,254,0,289,25
f--91-_jpg.rf.PuMV9IL0EmDAO727mnTn.jpg,563,537,Microplastic,310,2,365,56
f--91-_jpg.rf.PuMV9IL0EmDAO727mnTn.jpg,563,537,Microplastic,0,19,19,85
f--91-_jpg.rf.PuMV9IL0EmDAO727mnTn.jpg,563,537,Microplastic,75,160,120,208
f--91-_jpg.rf.PuMV9IL0EmDAO727mnTn.jpg,563,537,Microplastic,435,172,470,216
f--91-_jpg.rf.PuMV9IL0EmDAO727mnTn.jpg,563,537,Microplastic,234,192,313,255
f--91-_jpg.rf.PuMV9IL0EmDAO727mnTn.jpg,563,537,Microplastic,149,207,172,243
f--91-_jpg.rf.PuMV9IL0EmDAO727mnTn.jpg,563,537,Microplastic,0,227,6,309
f--91-_jpg.rf.PuMV9IL0EmDAO727mnTn.jpg,563,537,Microplastic,275,497,346,536
f--86-_jpg.rf.WbRiL35dfL2sKX8Ie83n.jpg,563,537,Microplastic,312,0,355,25
f--86-_jpg.rf.WbRiL35dfL2sKX8Ie83n.jpg,563,537,Microplastic,369,0,440,54
f--86-_jpg.rf.WbRiL35dfL2sKX8Ie83n.jpg,563,537,Microplastic,469,100,511,134
f--86-_jpg.rf.WbRiL35dfL2sKX8Ie83n.jpg,563,537,Microplastic,483,155,529,182
f--86-_jpg.rf.WbRiL35dfL2sKX8Ie83n.jpg,563,537,Microplastic,500,194,549,238
f--86-_jpg.rf.WbRiL35dfL2sKX8Ie83n.jpg,563,537,Microplastic,232,214,292,274
f--86-_jpg.rf.WbRiL35dfL2sKX8Ie83n.jpg,563,537,Microplastic,489,307,527,336
f--86-_jpg.rf.WbRiL35dfL2sKX8Ie83n.jpg,563,537,Microplastic,74,345,136,415
f--86-_jpg.rf.WbRiL35dfL2sKX8Ie83n.jpg,563,537,Microplastic,384,432,452,492
f--86-_jpg.rf.WbRiL35dfL2sKX8Ie83n.jpg,563,537,Microplastic,0,459,43,514
f--77-_jpg.rf.G9taJmvDL2SMRmtHRisF.jpg,563,537,Microplastic,454,107,487,144
f--77-_jpg.rf.G9taJmvDL2SMRmtHRisF.jpg,563,537,Microplastic,375,165,422,226
f--77-_jpg.rf.G9taJmvDL2SMRmtHRisF.jpg,563,537,Microplastic,254,252,291,310
f--77-_jpg.rf.G9taJmvDL2SMRmtHRisF.jpg,563,537,Microplastic,382,312,425,360
f--77-_jpg.rf.G9taJmvDL2SMRmtHRisF.jpg,563,537,Microplastic,262,339,301,393
f--77-_jpg.rf.G9taJmvDL2SMRmtHRisF.jpg,563,537,Microplastic,15,432,76,506
64_jpg.rf.0CaamoNA6g6muw9DYQF3.jpg,563,537,Microplastic,110,0,141,8
64_jpg.rf.0CaamoNA6g6muw9DYQF3.jpg,563,537,Microplastic,162,0,194,7
64_jpg.rf.0CaamoNA6g6muw9DYQF3.jpg,563,537,Microplastic,230,0,263,26
64_jpg.rf.0CaamoNA6g6muw9DYQF3.jpg,563,537,Microplastic,330,14,347,36
64_jpg.rf.0CaamoNA6g6muw9DYQF3.jpg,563,537,Microplastic,200,24,214,44
64_jpg.rf.0CaamoNA6g6muw9DYQF3.jpg,563,537,Microplastic,137,40,161,60
64_jpg.rf.0CaamoNA6g6muw9DYQF3.jpg,563,537,Microplastic,405,62,430,81
64_jpg.rf.0CaamoNA6g6muw9DYQF3.jpg,563,537,Microplastic,129,79,151,92
64_jpg.rf.0CaamoNA6g6muw9DYQF3.jpg,563,537,Microplastic,219,97,243,117
64_jpg.rf.0CaamoNA6g6muw9DYQF3.jpg,563,537,Microplastic,189,99,208,127
64_jpg.rf.0CaamoNA6g6muw9DYQF3.jpg,563,537,Microplastic,227,132,263,163
64_jpg.rf.0CaamoNA6g6muw9DYQF3.jpg,563,537,Microplastic,179,140,208,169
64_jpg.rf.0CaamoNA6g6muw9DYQF3.jpg,563,537,Microplastic,212,152,233,167
64_jpg.rf.0CaamoNA6g6muw9DYQF3.jpg,563,537,Microplastic,274,160,300,188
64_jpg.rf.0CaamoNA6g6muw9DYQF3.jpg,563,537,Microplastic,189,170,210,188
64_jpg.rf.0CaamoNA6g6muw9DYQF3.jpg,563,537,Microplastic,462,174,490,194
64_jpg.rf.0CaamoNA6g6muw9DYQF3.jpg,563,537,Microplastic,140,210,157,228
64_jpg.rf.0CaamoNA6g6muw9DYQF3.jpg,563,537,Microplastic,175,212,200,233
64_jpg.rf.0CaamoNA6g6muw9DYQF3.jpg,563,537,Microplastic,72,234,91,252
64_jpg.rf.0CaamoNA6g6muw9DYQF3.jpg,563,537,Microplastic,449,237,476,270
64_jpg.rf.0CaamoNA6g6muw9DYQF3.jpg,563,537,Microplastic,120,247,140,270
64_jpg.rf.0CaamoNA6g6muw9DYQF3.jpg,563,537,Microplastic,322,247,346,278
64_jpg.rf.0CaamoNA6g6muw9DYQF3.jpg,563,537,Microplastic,382,267,404,290
64_jpg.rf.0CaamoNA6g6muw9DYQF3.jpg,563,537,Microplastic,182,304,219,335
64_jpg.rf.0CaamoNA6g6muw9DYQF3.jpg,563,537,Microplastic,442,309,482,346
64_jpg.rf.0CaamoNA6g6muw9DYQF3.jpg,563,537,Microplastic,175,377,205,416
64_jpg.rf.0CaamoNA6g6muw9DYQF3.jpg,563,537,Microplastic,55,415,81,437
64_jpg.rf.0CaamoNA6g6muw9DYQF3.jpg,563,537,Microplastic,192,419,225,451
64_jpg.rf.0CaamoNA6g6muw9DYQF3.jpg,563,537,Microplastic,107,520,126,536
64_jpg.rf.0CaamoNA6g6muw9DYQF3.jpg,563,537,Microplastic,250,529,277,536
f--83-_jpg.rf.F2EvBNmy8MnX2JIXbxmx.jpg,563,537,Microplastic,272,50,304,88
f--83-_jpg.rf.F2EvBNmy8MnX2JIXbxmx.jpg,563,537,Microplastic,142,94,175,154
f--83-_jpg.rf.F2EvBNmy8MnX2JIXbxmx.jpg,563,537,Microplastic,184,190,258,236
f--83-_jpg.rf.F2EvBNmy8MnX2JIXbxmx.jpg,563,537,Microplastic,450,262,506,307
f--83-_jpg.rf.F2EvBNmy8MnX2JIXbxmx.jpg,563,537,Microplastic,276,275,318,316
f--83-_jpg.rf.F2EvBNmy8MnX2JIXbxmx.jpg,563,537,Microplastic,4,420,56,501
a--86-_jpg.rf.9a9Nux2nr63vfim1EqUF.jpg,563,537,Microplastic,235,13,301,86
a--86-_jpg.rf.9a9Nux2nr63vfim1EqUF.jpg,563,537,Microplastic,164,207,250,294
a--86-_jpg.rf.9a9Nux2nr63vfim1EqUF.jpg,563,537,Microplastic,110,243,171,311
a--86-_jpg.rf.9a9Nux2nr63vfim1EqUF.jpg,563,537,Microplastic,340,263,428,345
a--86-_jpg.rf.9a9Nux2nr63vfim1EqUF.jpg,563,537,Microplastic,135,416,214,491
65_jpg.rf.9c091AFimuM5t3Z3vVcR.jpg,563,537,Microplastic,127,0,150,13
65_jpg.rf.9c091AFimuM5t3Z3vVcR.jpg,563,537,Microplastic,175,0,194,16
65_jpg.rf.9c091AFimuM5t3Z3vVcR.jpg,563,537,Microplastic,144,0,163,23
65_jpg.rf.9c091AFimuM5t3Z3vVcR.jpg,563,537,Microplastic,252,8,279,37
65_jpg.rf.9c091AFimuM5t3Z3vVcR.jpg,563,537,Microplastic,196,15,209,32
65_jpg.rf.9c091AFimuM5t3Z3vVcR.jpg,563,537,Microplastic,339,32,359,53
65_jpg.rf.9c091AFimuM5t3Z3vVcR.jpg,563,537,Microplastic,205,74,238,104
65_jpg.rf.9c091AFimuM5t3Z3vVcR.jpg,563,537,Microplastic,399,77,428,113
65_jpg.rf.9c091AFimuM5t3Z3vVcR.jpg,563,537,Microplastic,262,89,288,114
65_jpg.rf.9c091AFimuM5t3Z3vVcR.jpg,563,537,Microplastic,200,107,224,133
65_jpg.rf.9c091AFimuM5t3Z3vVcR.jpg,563,537,Microplastic,180,119,197,135
65_jpg.rf.9c091AFimuM5t3Z3vVcR.jpg,563,537,Microplastic,444,120,469,145
65_jpg.rf.9c091AFimuM5t3Z3vVcR.jpg,563,537,Microplastic,390,164,421,184
65_jpg.rf.9c091AFimuM5t3Z3vVcR.jpg,563,537,Microplastic,162,164,185,191
65_jpg.rf.9c091AFimuM5t3Z3vVcR.jpg,563,537,Microplastic,282,174,306,198
65_jpg.rf.9c091AFimuM5t3Z3vVcR.jpg,563,537,Microplastic,344,194,364,215
65_jpg.rf.9c091AFimuM5t3Z3vVcR.jpg,563,537,Microplastic,222,205,236,224
65_jpg.rf.9c091AFimuM5t3Z3vVcR.jpg,563,537,Microplastic,164,234,186,250
65_jpg.rf.9c091AFimuM5t3Z3vVcR.jpg,563,537,Microplastic,152,252,164,275
65_jpg.rf.9c091AFimuM5t3Z3vVcR.jpg,563,537,Microplastic,295,307,313,336
65_jpg.rf.9c091AFimuM5t3Z3vVcR.jpg,563,537,Microplastic,107,312,135,344
65_jpg.rf.9c091AFimuM5t3Z3vVcR.jpg,563,537,Microplastic,167,307,192,351
65_jpg.rf.9c091AFimuM5t3Z3vVcR.jpg,563,537,Microplastic,92,330,108,357
65_jpg.rf.9c091AFimuM5t3Z3vVcR.jpg,563,537,Microplastic,362,335,382,360
65_jpg.rf.9c091AFimuM5t3Z3vVcR.jpg,563,537,Microplastic,215,350,238,367
65_jpg.rf.9c091AFimuM5t3Z3vVcR.jpg,563,537,Microplastic,164,371,190,389
65_jpg.rf.9c091AFimuM5t3Z3vVcR.jpg,563,537,Microplastic,407,359,437,406
65_jpg.rf.9c091AFimuM5t3Z3vVcR.jpg,563,537,Microplastic,174,390,211,419
65_jpg.rf.9c091AFimuM5t3Z3vVcR.jpg,563,537,Microplastic,0,425,16,447
65_jpg.rf.9c091AFimuM5t3Z3vVcR.jpg,563,537,Microplastic,215,429,236,454
65_jpg.rf.9c091AFimuM5t3Z3vVcR.jpg,563,537,Microplastic,404,447,432,483
b--157-_jpg.rf.yKVsVl5SxaXUGe7tQ4Ik.jpg,563,537,Microplastic,235,0,272,31
b--157-_jpg.rf.yKVsVl5SxaXUGe7tQ4Ik.jpg,563,537,Microplastic,299,7,328,51
b--157-_jpg.rf.yKVsVl5SxaXUGe7tQ4Ik.jpg,563,537,Microplastic,420,100,447,122
b--157-_jpg.rf.yKVsVl5SxaXUGe7tQ4Ik.jpg,563,537,Microplastic,155,109,173,126
b--157-_jpg.rf.yKVsVl5SxaXUGe7tQ4Ik.jpg,563,537,Microplastic,435,134,459,166
b--157-_jpg.rf.yKVsVl5SxaXUGe7tQ4Ik.jpg,563,537,Microplastic,179,147,199,161
b--157-_jpg.rf.yKVsVl5SxaXUGe7tQ4Ik.jpg,563,537,Microplastic,47,154,72,183
b--157-_jpg.rf.yKVsVl5SxaXUGe7tQ4Ik.jpg,563,537,Microplastic,209,204,224,227
b--157-_jpg.rf.yKVsVl5SxaXUGe7tQ4Ik.jpg,563,537,Microplastic,335,224,361,269
b--157-_jpg.rf.yKVsVl5SxaXUGe7tQ4Ik.jpg,563,537,Microplastic,279,275,301,297
b--157-_jpg.rf.yKVsVl5SxaXUGe7tQ4Ik.jpg,563,537,Microplastic,317,300,330,316
b--157-_jpg.rf.yKVsVl5SxaXUGe7tQ4Ik.jpg,563,537,Microplastic,197,330,213,349
b--157-_jpg.rf.yKVsVl5SxaXUGe7tQ4Ik.jpg,563,537,Microplastic,129,377,158,402
b--157-_jpg.rf.yKVsVl5SxaXUGe7tQ4Ik.jpg,563,537,Microplastic,24,410,46,444
b--157-_jpg.rf.yKVsVl5SxaXUGe7tQ4Ik.jpg,563,537,Microplastic,249,437,274,459
b--157-_jpg.rf.yKVsVl5SxaXUGe7tQ4Ik.jpg,563,537,Microplastic,49,445,70,479
b--157-_jpg.rf.yKVsVl5SxaXUGe7tQ4Ik.jpg,563,537,Microplastic,22,455,41,476
b--157-_jpg.rf.yKVsVl5SxaXUGe7tQ4Ik.jpg,563,537,Microplastic,199,464,224,482
b--157-_jpg.rf.yKVsVl5SxaXUGe7tQ4Ik.jpg,563,537,Microplastic,155,480,183,536
b--157-_jpg.rf.yKVsVl5SxaXUGe7tQ4Ik.jpg,563,537,Microplastic,379,505,422,536
b--157-_jpg.rf.yKVsVl5SxaXUGe7tQ4Ik.jpg,563,537,Microplastic,209,520,253,536
47_jpg.rf.A3xKDbdKL2hs2FaslCrm.jpg,563,537,Microplastic,112,144,149,195
47_jpg.rf.A3xKDbdKL2hs2FaslCrm.jpg,563,537,Microplastic,297,253,322,275
47_jpg.rf.A3xKDbdKL2hs2FaslCrm.jpg,563,537,Microplastic,296,298,317,323
47_jpg.rf.A3xKDbdKL2hs2FaslCrm.jpg,563,537,Microplastic,287,363,326,394
47_jpg.rf.A3xKDbdKL2hs2FaslCrm.jpg,563,537,Microplastic,100,259,117,287
47_jpg.rf.A3xKDbdKL2hs2FaslCrm.jpg,563,537,Microplastic,67,298,83,334
47_jpg.rf.A3xKDbdKL2hs2FaslCrm.jpg,563,537,Microplastic,350,344,365,365
47_jpg.rf.A3xKDbdKL2hs2FaslCrm.jpg,563,537,Microplastic,382,298,401,333
47_jpg.rf.A3xKDbdKL2hs2FaslCrm.jpg,563,537,Microplastic,408,351,423,379
47_jpg.rf.A3xKDbdKL2hs2FaslCrm.jpg,563,537,Microplastic,496,294,512,319
47_jpg.rf.A3xKDbdKL2hs2FaslCrm.jpg,563,537,Microplastic,499,224,513,244
47_jpg.rf.A3xKDbdKL2hs2FaslCrm.jpg,563,537,Microplastic,553,384,562,416
47_jpg.rf.A3xKDbdKL2hs2FaslCrm.jpg,563,537,Microplastic,374,104,398,132
47_jpg.rf.A3xKDbdKL2hs2FaslCrm.jpg,563,537,Microplastic,233,78,252,97
47_jpg.rf.A3xKDbdKL2hs2FaslCrm.jpg,563,537,Microplastic,383,151,404,166
47_jpg.rf.A3xKDbdKL2hs2FaslCrm.jpg,563,537,Microplastic,419,146,431,159
47_jpg.rf.A3xKDbdKL2hs2FaslCrm.jpg,563,537,Microplastic,336,7,352,23
f--82-_jpg.rf.iTnFTpi8lFC9oKPpP5R1.jpg,563,537,Microplastic,235,9,262,43
f--82-_jpg.rf.iTnFTpi8lFC9oKPpP5R1.jpg,563,537,Microplastic,354,120,395,174
f--82-_jpg.rf.iTnFTpi8lFC9oKPpP5R1.jpg,563,537,Microplastic,190,192,226,224
f--82-_jpg.rf.iTnFTpi8lFC9oKPpP5R1.jpg,563,537,Microplastic,197,295,245,345
f--82-_jpg.rf.iTnFTpi8lFC9oKPpP5R1.jpg,563,537,Microplastic,139,384,168,409
f--82-_jpg.rf.iTnFTpi8lFC9oKPpP5R1.jpg,563,537,Microplastic,102,484,139,514
f--82-_jpg.rf.iTnFTpi8lFC9oKPpP5R1.jpg,563,537,Microplastic,300,464,372,536
f--66-_jpg.rf.X6PGqTqhN5BsUdQBAIna.jpg,563,537,Microplastic,175,0,222,22
f--66-_jpg.rf.X6PGqTqhN5BsUdQBAIna.jpg,563,537,Microplastic,257,265,314,317
f--66-_jpg.rf.X6PGqTqhN5BsUdQBAIna.jpg,563,537,Microplastic,437,342,481,384
f--66-_jpg.rf.X6PGqTqhN5BsUdQBAIna.jpg,563,537,Microplastic,394,414,424,471
f--66-_jpg.rf.X6PGqTqhN5BsUdQBAIna.jpg,563,537,Microplastic,121,516,163,536
f--66-_jpg.rf.X6PGqTqhN5BsUdQBAIna.jpg,563,537,Microplastic,82,522,124,536
f--94-_jpg.rf.iGXADniigmlatv5sZ5Kz.jpg,563,537,Microplastic,209,0,261,40
f--94-_jpg.rf.iGXADniigmlatv5sZ5Kz.jpg,563,537,Microplastic,64,34,99,72
f--94-_jpg.rf.iGXADniigmlatv5sZ5Kz.jpg,563,537,Microplastic,324,40,401,77
f--94-_jpg.rf.iGXADniigmlatv5sZ5Kz.jpg,563,537,Microplastic,175,134,200,162
f--94-_jpg.rf.iGXADniigmlatv5sZ5Kz.jpg,563,537,Microplastic,112,207,136,232
f--94-_jpg.rf.iGXADniigmlatv5sZ5Kz.jpg,563,537,Microplastic,505,247,547,299
f--94-_jpg.rf.iGXADniigmlatv5sZ5Kz.jpg,563,537,Microplastic,0,274,41,343
f--94-_jpg.rf.iGXADniigmlatv5sZ5Kz.jpg,563,537,Microplastic,362,307,389,355
f--94-_jpg.rf.iGXADniigmlatv5sZ5Kz.jpg,563,537,Microplastic,200,322,244,364
f--94-_jpg.rf.iGXADniigmlatv5sZ5Kz.jpg,563,537,Microplastic,292,394,333,435
f--94-_jpg.rf.iGXADniigmlatv5sZ5Kz.jpg,563,537,Microplastic,442,420,532,496
a--23-_jpg.rf.dKqSHJYHElfgv8BzMk5i.jpg,563,537,Microplastic,272,6,369,107
a--23-_jpg.rf.dKqSHJYHElfgv8BzMk5i.jpg,563,537,Microplastic,470,107,554,189
a--23-_jpg.rf.dKqSHJYHElfgv8BzMk5i.jpg,563,537,Microplastic,335,313,435,393
a--23-_jpg.rf.dKqSHJYHElfgv8BzMk5i.jpg,563,537,Microplastic,150,277,240,374
f--79-_jpg.rf.DGErdSboDzvxZRUEzeoc.jpg,563,537,Microplastic,147,0,214,72
f--79-_jpg.rf.DGErdSboDzvxZRUEzeoc.jpg,563,537,Microplastic,290,115,333,178
f--79-_jpg.rf.DGErdSboDzvxZRUEzeoc.jpg,563,537,Microplastic,209,222,258,292
f--79-_jpg.rf.DGErdSboDzvxZRUEzeoc.jpg,563,537,Microplastic,0,339,43,386
f--79-_jpg.rf.DGErdSboDzvxZRUEzeoc.jpg,563,537,Microplastic,370,392,429,443
f--79-_jpg.rf.DGErdSboDzvxZRUEzeoc.jpg,563,537,Microplastic,169,387,228,498
f--79-_jpg.rf.DGErdSboDzvxZRUEzeoc.jpg,563,537,Microplastic,49,460,74,505
5_jpg.rf.ATszMhJFGMkY1GpreHUY.jpg,563,537,Microplastic,329,84,364,107
5_jpg.rf.ATszMhJFGMkY1GpreHUY.jpg,563,537,Microplastic,283,67,316,105
5_jpg.rf.ATszMhJFGMkY1GpreHUY.jpg,563,537,Microplastic,409,63,447,88
5_jpg.rf.ATszMhJFGMkY1GpreHUY.jpg,563,537,Microplastic,384,122,421,158
5_jpg.rf.ATszMhJFGMkY1GpreHUY.jpg,563,537,Microplastic,330,155,354,181
5_jpg.rf.ATszMhJFGMkY1GpreHUY.jpg,563,537,Microplastic,300,229,322,271
5_jpg.rf.ATszMhJFGMkY1GpreHUY.jpg,563,537,Microplastic,147,63,180,84
5_jpg.rf.ATszMhJFGMkY1GpreHUY.jpg,563,537,Microplastic,87,100,121,143
5_jpg.rf.ATszMhJFGMkY1GpreHUY.jpg,563,537,Microplastic,304,281,331,308
5_jpg.rf.ATszMhJFGMkY1GpreHUY.jpg,563,537,Microplastic,203,428,226,453
5_jpg.rf.ATszMhJFGMkY1GpreHUY.jpg,563,537,Microplastic,85,371,100,396
5_jpg.rf.ATszMhJFGMkY1GpreHUY.jpg,563,537,Microplastic,52,395,77,414
5_jpg.rf.ATszMhJFGMkY1GpreHUY.jpg,563,537,Microplastic,378,234,409,253
5_jpg.rf.ATszMhJFGMkY1GpreHUY.jpg,563,537,Microplastic,531,323,550,342
5_jpg.rf.ATszMhJFGMkY1GpreHUY.jpg,563,537,Microplastic,366,288,383,308
5_jpg.rf.ATszMhJFGMkY1GpreHUY.jpg,563,537,Microplastic,272,252,296,272
5_jpg.rf.ATszMhJFGMkY1GpreHUY.jpg,563,537,Microplastic,267,184,286,207
5_jpg.rf.ATszMhJFGMkY1GpreHUY.jpg,563,537,Microplastic,221,116,241,132
5_jpg.rf.ATszMhJFGMkY1GpreHUY.jpg,563,537,Microplastic,213,63,237,82
5_jpg.rf.ATszMhJFGMkY1GpreHUY.jpg,563,537,Microplastic,266,0,284,8
5_jpg.rf.ATszMhJFGMkY1GpreHUY.jpg,563,537,Microplastic,251,20,268,39
5_jpg.rf.ATszMhJFGMkY1GpreHUY.jpg,563,537,Microplastic,343,419,356,434
5_jpg.rf.ATszMhJFGMkY1GpreHUY.jpg,563,537,Microplastic,430,218,442,241
5_jpg.rf.ATszMhJFGMkY1GpreHUY.jpg,563,537,Microplastic,471,181,482,195
5_jpg.rf.ATszMhJFGMkY1GpreHUY.jpg,563,537,Microplastic,441,177,453,194
5_jpg.rf.ATszMhJFGMkY1GpreHUY.jpg,563,537,Microplastic,439,160,456,175
5_jpg.rf.ATszMhJFGMkY1GpreHUY.jpg,563,537,Microplastic,83,484,103,506
5_jpg.rf.ATszMhJFGMkY1GpreHUY.jpg,563,537,Microplastic,148,286,158,294
5_jpg.rf.ATszMhJFGMkY1GpreHUY.jpg,563,537,Microplastic,189,333,207,349
5_jpg.rf.ATszMhJFGMkY1GpreHUY.jpg,563,537,Microplastic,252,299,267,318
5_jpg.rf.ATszMhJFGMkY1GpreHUY.jpg,563,537,Microplastic,232,252,244,262
5_jpg.rf.ATszMhJFGMkY1GpreHUY.jpg,563,537,Microplastic,228,233,252,252
5_jpg.rf.ATszMhJFGMkY1GpreHUY.jpg,563,537,Microplastic,194,229,209,238
5_jpg.rf.ATszMhJFGMkY1GpreHUY.jpg,563,537,Microplastic,120,232,135,247
5_jpg.rf.ATszMhJFGMkY1GpreHUY.jpg,563,537,Microplastic,0,224,12,246
5_jpg.rf.ATszMhJFGMkY1GpreHUY.jpg,563,537,Microplastic,29,166,41,176
61_jpg.rf.Fr3lUtVNQK9w9njN0vIW.jpg,563,537,Microplastic,0,42,20,76
61_jpg.rf.Fr3lUtVNQK9w9njN0vIW.jpg,563,537,Microplastic,72,72,101,99
61_jpg.rf.Fr3lUtVNQK9w9njN0vIW.jpg,563,537,Microplastic,370,97,403,135
61_jpg.rf.Fr3lUtVNQK9w9njN0vIW.jpg,563,537,Microplastic,52,104,77,134
61_jpg.rf.Fr3lUtVNQK9w9njN0vIW.jpg,563,537,Microplastic,49,204,63,226
61_jpg.rf.Fr3lUtVNQK9w9njN0vIW.jpg,563,537,Microplastic,20,220,36,236
61_jpg.rf.Fr3lUtVNQK9w9njN0vIW.jpg,563,537,Microplastic,49,225,67,248
61_jpg.rf.Fr3lUtVNQK9w9njN0vIW.jpg,563,537,Microplastic,87,230,107,258
61_jpg.rf.Fr3lUtVNQK9w9njN0vIW.jpg,563,537,Microplastic,397,250,418,277
61_jpg.rf.Fr3lUtVNQK9w9njN0vIW.jpg,563,537,Microplastic,364,304,381,326
61_jpg.rf.Fr3lUtVNQK9w9njN0vIW.jpg,563,537,Microplastic,452,305,498,332
61_jpg.rf.Fr3lUtVNQK9w9njN0vIW.jpg,563,537,Microplastic,159,310,174,333
61_jpg.rf.Fr3lUtVNQK9w9njN0vIW.jpg,563,537,Microplastic,42,347,63,367
61_jpg.rf.Fr3lUtVNQK9w9njN0vIW.jpg,563,537,Microplastic,362,354,381,379
61_jpg.rf.Fr3lUtVNQK9w9njN0vIW.jpg,563,537,Microplastic,170,354,188,381
61_jpg.rf.Fr3lUtVNQK9w9njN0vIW.jpg,563,537,Microplastic,365,389,390,407
61_jpg.rf.Fr3lUtVNQK9w9njN0vIW.jpg,563,537,Microplastic,9,440,36,473
61_jpg.rf.Fr3lUtVNQK9w9njN0vIW.jpg,563,537,Microplastic,97,492,129,510
d--78-_jpg.rf.dayrI98WZqRuGk9AG7wW.jpg,563,537,Microplastic,249,0,424,38
d--78-_jpg.rf.dayrI98WZqRuGk9AG7wW.jpg,563,537,Microplastic,463,39,562,153
d--78-_jpg.rf.dayrI98WZqRuGk9AG7wW.jpg,563,537,Microplastic,122,189,248,349
d--78-_jpg.rf.dayrI98WZqRuGk9AG7wW.jpg,563,537,Microplastic,0,447,94,536
Screenshot 2026-04-19 at 4-22-50 PM_png.rf.p0n7IimOBSMjDgZzHHnt.png,1570,824,Microplastic,814,444,897,514
Screenshot 2026-04-19 at 4-22-50 PM_png.rf.p0n7IimOBSMjDgZzHHnt.png,1570,824,Microplastic,745,702,795,746
Screenshot 2026-04-19 at 4-22-50 PM_png.rf.p0n7IimOBSMjDgZzHHnt.png,1570,824,Microplastic,1044,586,1091,624
Screenshot 2026-04-19 at 4-22-50 PM_png.rf.p0n7IimOBSMjDgZzHHnt.png,1570,824,Microplastic,622,374,664,414
Screenshot 2026-04-19 at 4-19-18 PM_png.rf.qTx5HDipmLtXFm1npkt3.png,1538,860,Microplastic,925,348,963,385
Screenshot 2026-04-19 at 4-19-18 PM_png.rf.qTx5HDipmLtXFm1npkt3.png,1538,860,Microplastic,270,406,299,435
Screenshot 2026-04-19 at 4-19-18 PM_png.rf.qTx5HDipmLtXFm1npkt3.png,1538,860,Microplastic,160,640,184,664
Screenshot 2026-04-19 at 4-19-18 PM_png.rf.qTx5HDipmLtXFm1npkt3.png,1538,860,Microplastic,390,570,413,593
Screenshot 2026-04-19 at 4-19-18 PM_png.rf.qTx5HDipmLtXFm1npkt3.png,1538,860,Microplastic,193,364,245,413
Screenshot 2026-04-19 at 4-19-18 PM_png.rf.qTx5HDipmLtXFm1npkt3.png,1538,860,Microplastic,1422,643,1460,685
Screenshot 2026-04-19 at 4-19-18 PM_png.rf.qTx5HDipmLtXFm1npkt3.png,1538,860,Microplastic,1305,375,1337,409
Screenshot 2026-04-19 at 4-19-18 PM_png.rf.qTx5HDipmLtXFm1npkt3.png,1538,860,Microplastic,902,194,925,217
Screenshot 2026-04-19 at 4-19-18 PM_png.rf.qTx5HDipmLtXFm1npkt3.png,1538,860,Microplastic,1313,557,1338,583
Screenshot 2026-04-19 at 4-19-18 PM_png.rf.qTx5HDipmLtXFm1npkt3.png,1538,860,Microplastic,1039,334,1065,360
Screenshot 2026-04-19 at 4-19-18 PM_png.rf.qTx5HDipmLtXFm1npkt3.png,1538,860,Microplastic,311,836,335,857
Screenshot 2026-04-19 at 4-19-18 PM_png.rf.qTx5HDipmLtXFm1npkt3.png,1538,860,Microplastic,247,796,272,820
Screenshot 2026-04-19 at 4-19-18 PM_png.rf.qTx5HDipmLtXFm1npkt3.png,1538,860,Microplastic,338,324,402,380
Screenshot 2026-04-19 at 4-19-18 PM_png.rf.qTx5HDipmLtXFm1npkt3.png,1538,860,Microplastic,2,215,56,268
Screenshot 2026-04-19 at 4-19-18 PM_png.rf.qTx5HDipmLtXFm1npkt3.png,1538,860,Microplastic,1000,284,1022,304
Screenshot 2026-04-19 at 4-19-18 PM_png.rf.qTx5HDipmLtXFm1npkt3.png,1538,860,Microplastic,298,503,322,529
Screenshot 2026-04-19 at 4-19-18 PM_png.rf.qTx5HDipmLtXFm1npkt3.png,1538,860,Microplastic,1425,40,1448,57
Screenshot 2026-04-19 at 4-19-18 PM_png.rf.qTx5HDipmLtXFm1npkt3.png,1538,860,Microplastic,33,791,58,814

Screenshot 2026-04-19 at 4-18-50 PM_png.rf.1OWv88GJhqptHNETZnjv.png,1340,800,Microplastic,249,538,291,577
Screenshot 2026-04-19 at 4-18-50 PM_png.rf.1OWv88GJhqptHNETZnjv.png,1340,800,Microplastic,160,16,230,74
Screenshot 2026-04-19 at 4-18-50 PM_png.rf.1OWv88GJhqptHNETZnjv.png,1340,800,Microplastic,559,696,603,739
42_jpg.rf.GffHgxgSTSYfKpSxkopq.jpg,563,537,Microplastic,69,208,91,228
42_jpg.rf.GffHgxgSTSYfKpSxkopq.jpg,563,537,Microplastic,101,183,120,195
42_jpg.rf.GffHgxgSTSYfKpSxkopq.jpg,563,537,Microplastic,96,237,128,256
42_jpg.rf.GffHgxgSTSYfKpSxkopq.jpg,563,537,Microplastic,100,296,114,312
42_jpg.rf.GffHgxgSTSYfKpSxkopq.jpg,563,537,Microplastic,14,359,31,374
42_jpg.rf.GffHgxgSTSYfKpSxkopq.jpg,563,537,Microplastic,0,412,14,449
42_jpg.rf.GffHgxgSTSYfKpSxkopq.jpg,563,537,Microplastic,128,376,145,408
42_jpg.rf.GffHgxgSTSYfKpSxkopq.jpg,563,537,Microplastic,61,450,83,483
42_jpg.rf.GffHgxgSTSYfKpSxkopq.jpg,563,537,Microplastic,309,285,344,317
42_jpg.rf.GffHgxgSTSYfKpSxkopq.jpg,563,537,Microplastic,385,263,400,294
42_jpg.rf.GffHgxgSTSYfKpSxkopq.jpg,563,537,Microplastic,379,327,415,355
42_jpg.rf.GffHgxgSTSYfKpSxkopq.jpg,563,537,Microplastic,260,477,299,497
42_jpg.rf.GffHgxgSTSYfKpSxkopq.jpg,563,537,Microplastic,262,155,281,172
42_jpg.rf.GffHgxgSTSYfKpSxkopq.jpg,563,537,Microplastic,290,220,302,233
42_jpg.rf.GffHgxgSTSYfKpSxkopq.jpg,563,537,Microplastic,195,111,201,124
42_jpg.rf.GffHgxgSTSYfKpSxkopq.jpg,563,537,Microplastic,183,50,197,63
42_jpg.rf.GffHgxgSTSYfKpSxkopq.jpg,563,537,Microplastic,215,20,231,39
42_jpg.rf.GffHgxgSTSYfKpSxkopq.jpg,563,537,Microplastic,405,84,417,102
42_jpg.rf.GffHgxgSTSYfKpSxkopq.jpg,563,537,Microplastic,369,141,382,171
42_jpg.rf.GffHgxgSTSYfKpSxkopq.jpg,563,537,Microplastic,385,172,398,189
42_jpg.rf.GffHgxgSTSYfKpSxkopq.jpg,563,537,Microplastic,552,394,562,424
42_jpg.rf.GffHgxgSTSYfKpSxkopq.jpg,563,537,Microplastic,533,404,539,425
42_jpg.rf.GffHgxgSTSYfKpSxkopq.jpg,563,537,Microplastic,150,426,166,443
42_jpg.rf.GffHgxgSTSYfKpSxkopq.jpg,563,537,Microplastic,188,372,197,393
42_jpg.rf.GffHgxgSTSYfKpSxkopq.jpg,563,537,Microplastic,194,325,211,337
44_jpg.rf.QTxitzFHAp2YPAbwmtCs.jpg,563,537,Microplastic,35,128,53,145
44_jpg.rf.QTxitzFHAp2YPAbwmtCs.jpg,563,537,Microplastic,67,190,94,215
44_jpg.rf.QTxitzFHAp2YPAbwmtCs.jpg,563,537,Microplastic,301,176,322,190
44_jpg.rf.QTxitzFHAp2YPAbwmtCs.jpg,563,537,Microplastic,69,301,112,331
44_jpg.rf.QTxitzFHAp2YPAbwmtCs.jpg,563,537,Microplastic,92,327,123,351
44_jpg.rf.QTxitzFHAp2YPAbwmtCs.jpg,563,537,Microplastic,237,387,265,409
44_jpg.rf.QTxitzFHAp2YPAbwmtCs.jpg,563,537,Microplastic,256,285,274,305
44_jpg.rf.QTxitzFHAp2YPAbwmtCs.jpg,563,537,Microplastic,107,397,126,416
44_jpg.rf.QTxitzFHAp2YPAbwmtCs.jpg,563,537,Microplastic,76,416,93,429
44_jpg.rf.QTxitzFHAp2YPAbwmtCs.jpg,563,537,Microplastic,91,439,107,453
44_jpg.rf.QTxitzFHAp2YPAbwmtCs.jpg,563,537,Microplastic,129,455,145,475
44_jpg.rf.QTxitzFHAp2YPAbwmtCs.jpg,563,537,Microplastic,482,302,510,326
44_jpg.rf.QTxitzFHAp2YPAbwmtCs.jpg,563,537,Microplastic,539,406,562,445
44_jpg.rf.QTxitzFHAp2YPAbwmtCs.jpg,563,537,Microplastic,313,318,332,337
44_jpg.rf.QTxitzFHAp2YPAbwmtCs.jpg,563,537,Microplastic,221,75,241,103
44_jpg.rf.QTxitzFHAp2YPAbwmtCs.jpg,563,537,Microplastic,206,98,223,115
44_jpg.rf.QTxitzFHAp2YPAbwmtCs.jpg,563,537,Microplastic,261,85,277,104
44_jpg.rf.QTxitzFHAp2YPAbwmtCs.jpg,563,537,Microplastic,241,3,255,20
44_jpg.rf.QTxitzFHAp2YPAbwmtCs.jpg,563,537,Microplastic,302,6,313,20
33_jpg.rf.CLZwkRjzfXtUO5TUT2Qd.jpg,563,537,Microplastic,73,387,104,404
33_jpg.rf.CLZwkRjzfXtUO5TUT2Qd.jpg,563,537,Microplastic,105,350,128,369
33_jpg.rf.CLZwkRjzfXtUO5TUT2Qd.jpg,563,537,Microplastic,136,349,150,370
33_jpg.rf.CLZwkRjzfXtUO5TUT2Qd.jpg,563,537,Microplastic,204,331,235,359
33_jpg.rf.CLZwkRjzfXtUO5TUT2Qd.jpg,563,537,Microplastic,22,255,44,279
33_jpg.rf.CLZwkRjzfXtUO5TUT2Qd.jpg,563,537,Microplastic,179,189,206,216
33_jpg.rf.CLZwkRjzfXtUO5TUT2Qd.jpg,563,537,Microplastic,132,223,151,244
33_jpg.rf.CLZwkRjzfXtUO5TUT2Qd.jpg,563,537,Microplastic,187,0,213,30
33_jpg.rf.CLZwkRjzfXtUO5TUT2Qd.jpg,563,537,Microplastic,184,65,206,99
33_jpg.rf.CLZwkRjzfXtUO5TUT2Qd.jpg,563,537,Microplastic,6,159,34,212
33_jpg.rf.CLZwkRjzfXtUO5TUT2Qd.jpg,563,537,Microplastic,0,213,22,244
33_jpg.rf.CLZwkRjzfXtUO5TUT2Qd.jpg,563,537,Microplastic,66,172,81,203
33_jpg.rf.CLZwkRjzfXtUO5TUT2Qd.jpg,563,537,Microplastic,342,205,365,240
33_jpg.rf.CLZwkRjzfXtUO5TUT2Qd.jpg,563,537,Microplastic,331,118,351,143
33_jpg.rf.CLZwkRjzfXtUO5TUT2Qd.jpg,563,537,Microplastic,389,55,402,79
33_jpg.rf.CLZwkRjzfXtUO5TUT2Qd.jpg,563,537,Microplastic,485,281,506,308
33_jpg.rf.CLZwkRjzfXtUO5TUT2Qd.jpg,563,537,Microplastic,216,469,234,489
37_jpg.rf.S90tusacXrZNF7C5fNwN.jpg,563,537,Microplastic,144,268,161,293
37_jpg.rf.S90tusacXrZNF7C5fNwN.jpg,563,537,Microplastic,99,229,113,249
37_jpg.rf.S90tusacXrZNF7C5fNwN.jpg,563,537,Microplastic,65,256,82,281
37_jpg.rf.S90tusacXrZNF7C5fNwN.jpg,563,537,Microplastic,200,404,230,427
37_jpg.rf.S90tusacXrZNF7C5fNwN.jpg,563,537,Microplastic,255,316,265,327
37_jpg.rf.S90tusacXrZNF7C5fNwN.jpg,563,537,Microplastic,283,299,294,319
37_jpg.rf.S90tusacXrZNF7C5fNwN.jpg,563,537,Microplastic,333,315,342,334
37_jpg.rf.S90tusacXrZNF7C5fNwN.jpg,563,537,Microplastic,339,271,361,288
37_jpg.rf.S90tusacXrZNF7C5fNwN.jpg,563,537,Microplastic,311,176,333,197
37_jpg.rf.S90tusacXrZNF7C5fNwN.jpg,563,537,Microplastic,413,78,432,99
37_jpg.rf.S90tusacXrZNF7C5fNwN.jpg,563,537,Microplastic,348,157,378,181
37_jpg.rf.S90tusacXrZNF7C5fNwN.jpg,563,537,Microplastic,458,146,478,172
37_jpg.rf.S90tusacXrZNF7C5fNwN.jpg,563,537,Microplastic,475,163,487,188
37_jpg.rf.S90tusacXrZNF7C5fNwN.jpg,563,537,Microplastic,353,36,369,52
37_jpg.rf.S90tusacXrZNF7C5fNwN.jpg,563,537,Microplastic,53,454,69,485
37_jpg.rf.S90tusacXrZNF7C5fNwN.jpg,563,537,Microplastic,74,435,97,457
37_jpg.rf.S90tusacXrZNF7C5fNwN.jpg,563,537,Microplastic,199,477,215,489
37_jpg.rf.S90tusacXrZNF7C5fNwN.jpg,563,537,Microplastic,124,475,135,489
37_jpg.rf.S90tusacXrZNF7C5fNwN.jpg,563,537,Microplastic,166,417,177,437
58_jpg.rf.COv6oFa1z40qoraiLPKV.jpg,563,537,Microplastic,289,90,309,118
58_jpg.rf.COv6oFa1z40qoraiLPKV.jpg,563,537,Microplastic,144,100,168,117
58_jpg.rf.COv6oFa1z40qoraiLPKV.jpg,563,537,Microplastic,215,150,237,176
58_jpg.rf.COv6oFa1z40qoraiLPKV.jpg,563,537,Microplastic,132,167,147,193
58_jpg.rf.COv6oFa1z40qoraiLPKV.jpg,563,537,Microplastic,35,195,48,214
58_jpg.rf.COv6oFa1z40qoraiLPKV.jpg,563,537,Microplastic,367,197,388,219
58_jpg.rf.COv6oFa1z40qoraiLPKV.jpg,563,537,Microplastic,477,227,496,244
58_jpg.rf.COv6oFa1z40qoraiLPKV.jpg,563,537,Microplastic,104,234,120,252
58_jpg.rf.COv6oFa1z40qoraiLPKV.jpg,563,537,Microplastic,280,235,301,268
58_jpg.rf.COv6oFa1z40qoraiLPKV.jpg,563,537,Microplastic,5,242,21,263
58_jpg.rf.COv6oFa1z40qoraiLPKV.jpg,563,537,Microplastic,220,267,238,284
58_jpg.rf.COv6oFa1z40qoraiLPKV.jpg,563,537,Microplastic,352,267,374,286
58_jpg.rf.COv6oFa1z40qoraiLPKV.jpg,563,537,Microplastic,125,287,146,306
58_jpg.rf.COv6oFa1z40qoraiLPKV.jpg,563,537,Microplastic,107,405,125,431
58_jpg.rf.COv6oFa1z40qoraiLPKV.jpg,563,537,Microplastic,237,420,260,439
58_jpg.rf.COv6oFa1z40qoraiLPKV.jpg,563,537,Microplastic,375,477,397,508
58_jpg.rf.COv6oFa1z40qoraiLPKV.jpg,563,537,Microplastic,15,495,33,516
58_jpg.rf.COv6oFa1z40qoraiLPKV.jpg,563,537,Microplastic,129,525,153,536
58_jpg.rf.COv6oFa1z40qoraiLPKV.jpg,563,537,Microplastic,43,522,63,536
51_jpg.rf.Vj7lYwv5ZHLwhbB54kkT.jpg,563,537,Microplastic,28,167,72,205
51_jpg.rf.Vj7lYwv5ZHLwhbB54kkT.jpg,563,537,Microplastic,174,136,210,169
51_jpg.rf.Vj7lYwv5ZHLwhbB54kkT.jpg,563,537,Microplastic,185,36,209,61
51_jpg.rf.Vj7lYwv5ZHLwhbB54kkT.jpg,563,537,Microplastic,113,71,139,98
51_jpg.rf.Vj7lYwv5ZHLwhbB54kkT.jpg,563,537,Microplastic,104,229,124,252
51_jpg.rf.Vj7lYwv5ZHLwhbB54kkT.jpg,563,537,Microplastic,242,317,274,354
51_jpg.rf.Vj7lYwv5ZHLwhbB54kkT.jpg,563,537,Microplastic,122,377,156,404
51_jpg.rf.Vj7lYwv5ZHLwhbB54kkT.jpg,563,537,Microplastic,177,355,189,367
51_jpg.rf.Vj7lYwv5ZHLwhbB54kkT.jpg,563,537,Microplastic,173,395,190,419
51_jpg.rf.Vj7lYwv5ZHLwhbB54kkT.jpg,563,537,Microplastic,334,6,356,26
51_jpg.rf.Vj7lYwv5ZHLwhbB54kkT.jpg,563,537,Microplastic,267,201,277,215
51_jpg.rf.Vj7lYwv5ZHLwhbB54kkT.jpg,563,537,Microplastic,406,125,422,150
51_jpg.rf.Vj7lYwv5ZHLwhbB54kkT.jpg,563,537,Microplastic,373,287,391,301
51_jpg.rf.Vj7lYwv5ZHLwhbB54kkT.jpg,563,537,Microplastic,443,398,464,424
51_jpg.rf.Vj7lYwv5ZHLwhbB54kkT.jpg,563,537,Microplastic,267,478,281,497
200_jpg.rf.5ceRQ0ipAxh2BwQTEkNu.jpg,563,537,Microplastic,460,0,495,12
200_jpg.rf.5ceRQ0ipAxh2BwQTEkNu.jpg,563,537,Microplastic,405,2,427,24
200_jpg.rf.5ceRQ0ipAxh2BwQTEkNu.jpg,563,537,Microplastic,195,9,236,43
200_jpg.rf.5ceRQ0ipAxh2BwQTEkNu.jpg,563,537,Microplastic,144,27,204,72
200_jpg.rf.5ceRQ0ipAxh2BwQTEkNu.jpg,563,537,Microplastic,92,67,117,85
200_jpg.rf.5ceRQ0ipAxh2BwQTEkNu.jpg,563,537,Microplastic,457,72,490,91
200_jpg.rf.5ceRQ0ipAxh2BwQTEkNu.jpg,563,537,Microplastic,269,87,288,115
200_jpg.rf.5ceRQ0ipAxh2BwQTEkNu.jpg,563,537,Microplastic,315,115,331,152
200_jpg.rf.5ceRQ0ipAxh2BwQTEkNu.jpg,563,537,Microplastic,509,177,547,195
200_jpg.rf.5ceRQ0ipAxh2BwQTEkNu.jpg,563,537,Microplastic,220,187,238,221
200_jpg.rf.5ceRQ0ipAxh2BwQTEkNu.jpg,563,537,Microplastic,535,289,550,315
200_jpg.rf.5ceRQ0ipAxh2BwQTEkNu.jpg,563,537,Microplastic,217,295,233,315
200_jpg.rf.5ceRQ0ipAxh2BwQTEkNu.jpg,563,537,Microplastic,25,300,44,317
200_jpg.rf.5ceRQ0ipAxh2BwQTEkNu.jpg,563,537,Microplastic,50,339,72,359
200_jpg.rf.5ceRQ0ipAxh2BwQTEkNu.jpg,563,537,Microplastic,187,339,203,359
200_jpg.rf.5ceRQ0ipAxh2BwQTEkNu.jpg,563,537,Microplastic,305,374,329,397
200_jpg.rf.5ceRQ0ipAxh2BwQTEkNu.jpg,563,537,Microplastic,189,380,199,403
200_jpg.rf.5ceRQ0ipAxh2BwQTEkNu.jpg,563,537,Microplastic,262,394,285,414
200_jpg.rf.5ceRQ0ipAxh2BwQTEkNu.jpg,563,537,Microplastic,267,497,300,530
200_jpg.rf.5ceRQ0ipAxh2BwQTEkNu.jpg,563,537,Microplastic,42,504,96,536
31_jpg.rf.B0zxTv3CHupBM8v2Or6q.jpg,563,537,Microplastic,191,115,208,150
31_jpg.rf.B0zxTv3CHupBM8v2Or6q.jpg,563,537,Microplastic,42,20,87,44
31_jpg.rf.B0zxTv3CHupBM8v2Or6q.jpg,563,537,Microplastic,111,0,126,14
31_jpg.rf.B0zxTv3CHupBM8v2Or6q.jpg,563,537,Microplastic,269,0,277,13
31_jpg.rf.B0zxTv3CHupBM8v2Or6q.jpg,563,537,Microplastic,343,16,359,37
31_jpg.rf.B0zxTv3CHupBM8v2Or6q.jpg,563,537,Microplastic,124,300,159,336
31_jpg.rf.B0zxTv3CHupBM8v2Or6q.jpg,563,537,Microplastic,177,403,199,436
31_jpg.rf.B0zxTv3CHupBM8v2Or6q.jpg,563,537,Microplastic,236,350,266,376
31_jpg.rf.B0zxTv3CHupBM8v2Or6q.jpg,563,537,Microplastic,352,299,381,318
31_jpg.rf.B0zxTv3CHupBM8v2Or6q.jpg,563,537,Microplastic,313,171,325,194
31_jpg.rf.B0zxTv3CHupBM8v2Or6q.jpg,563,537,Microplastic,346,187,385,215
31_jpg.rf.B0zxTv3CHupBM8v2Or6q.jpg,563,537,Microplastic,218,202,233,216
31_jpg.rf.B0zxTv3CHupBM8v2Or6q.jpg,563,537,Microplastic,0,392,16,412
31_jpg.rf.B0zxTv3CHupBM8v2Or6q.jpg,563,537,Microplastic,427,450,451,481
31_jpg.rf.B0zxTv3CHupBM8v2Or6q.jpg,563,537,Microplastic,356,480,372,493
54_jpg.rf.UPHujJoncycFtAolXFLj.jpg,563,537,Microplastic,58,317,99,342
54_jpg.rf.UPHujJoncycFtAolXFLj.jpg,563,537,Microplastic,103,334,128,355
54_jpg.rf.UPHujJoncycFtAolXFLj.jpg,563,537,Microplastic,96,374,125,396
54_jpg.rf.UPHujJoncycFtAolXFLj.jpg,563,537,Microplastic,209,273,225,287
54_jpg.rf.UPHujJoncycFtAolXFLj.jpg,563,537,Microplastic,6,143,23,172
54_jpg.rf.UPHujJoncycFtAolXFLj.jpg,563,537,Microplastic,199,46,221,75
54_jpg.rf.UPHujJoncycFtAolXFLj.jpg,563,537,Microplastic,134,0,151,15
54_jpg.rf.UPHujJoncycFtAolXFLj.jpg,563,537,Microplastic,96,0,115,15
54_jpg.rf.UPHujJoncycFtAolXFLj.jpg,563,537,Microplastic,269,336,289,360
54_jpg.rf.UPHujJoncycFtAolXFLj.jpg,563,537,Microplastic,277,324,295,349
54_jpg.rf.UPHujJoncycFtAolXFLj.jpg,563,537,Microplastic,309,354,328,382
54_jpg.rf.UPHujJoncycFtAolXFLj.jpg,563,537,Microplastic,347,428,382,453
54_jpg.rf.UPHujJoncycFtAolXFLj.jpg,563,537,Microplastic,61,439,85,461
54_jpg.rf.UPHujJoncycFtAolXFLj.jpg,563,537,Microplastic,113,515,129,534
54_jpg.rf.UPHujJoncycFtAolXFLj.jpg,563,537,Microplastic,347,531,366,536
54_jpg.rf.UPHujJoncycFtAolXFLj.jpg,563,537,Microplastic,33,89,49,111
54_jpg.rf.UPHujJoncycFtAolXFLj.jpg,563,537,Microplastic,252,156,267,169
54_jpg.rf.UPHujJoncycFtAolXFLj.jpg,563,537,Microplastic,137,104,155,117
25_jpg.rf.UMOwhXcf31xqV8R3XFrn.jpg,563,537,Microplastic,279,60,296,100
25_jpg.rf.UMOwhXcf31xqV8R3XFrn.jpg,563,537,Microplastic,243,184,266,216
25_jpg.rf.UMOwhXcf31xqV8R3XFrn.jpg,563,537,Microplastic,85,220,112,237
25_jpg.rf.UMOwhXcf31xqV8R3XFrn.jpg,563,537,Microplastic,104,237,120,256
25_jpg.rf.UMOwhXcf31xqV8R3XFrn.jpg,563,537,Microplastic,155,324,176,342
25_jpg.rf.UMOwhXcf31xqV8R3XFrn.jpg,563,537,Microplastic,107,331,126,354
25_jpg.rf.UMOwhXcf31xqV8R3XFrn.jpg,563,537,Microplastic,112,434,135,480
25_jpg.rf.UMOwhXcf31xqV8R3XFrn.jpg,563,537,Microplastic,291,425,326,460
25_jpg.rf.UMOwhXcf31xqV8R3XFrn.jpg,563,537,Microplastic,273,432,291,451
25_jpg.rf.UMOwhXcf31xqV8R3XFrn.jpg,563,537,Microplastic,209,457,239,474
25_jpg.rf.UMOwhXcf31xqV8R3XFrn.jpg,563,537,Microplastic,337,350,361,366
25_jpg.rf.UMOwhXcf31xqV8R3XFrn.jpg,563,537,Microplastic,323,201,356,232
25_jpg.rf.UMOwhXcf31xqV8R3XFrn.jpg,563,537,Microplastic,425,120,446,150
25_jpg.rf.UMOwhXcf31xqV8R3XFrn.jpg,563,537,Microplastic,367,52,405,83
25_jpg.rf.UMOwhXcf31xqV8R3XFrn.jpg,563,537,Microplastic,485,293,499,314
25_jpg.rf.UMOwhXcf31xqV8R3XFrn.jpg,563,537,Microplastic,455,401,468,422
25_jpg.rf.UMOwhXcf31xqV8R3XFrn.jpg,563,537,Microplastic,487,376,504,393
25_jpg.rf.UMOwhXcf31xqV8R3XFrn.jpg,563,537,Microplastic,491,357,520,376
24_jpg.rf.cpmTjJ7ygLBp83YpZcNP.jpg,563,537,Microplastic,69,124,99,153
24_jpg.rf.cpmTjJ7ygLBp83YpZcNP.jpg,563,537,Microplastic,117,200,140,225
24_jpg.rf.cpmTjJ7ygLBp83YpZcNP.jpg,563,537,Microplastic,0,350,35,364
24_jpg.rf.cpmTjJ7ygLBp83YpZcNP.jpg,563,537,Microplastic,4,367,35,394
24_jpg.rf.cpmTjJ7ygLBp83YpZcNP.jpg,563,537,Microplastic,49,359,68,373
24_jpg.rf.cpmTjJ7ygLBp83YpZcNP.jpg,563,537,Microplastic,39,234,61,264
24_jpg.rf.cpmTjJ7ygLBp83YpZcNP.jpg,563,537,Microplastic,106,313,121,342
24_jpg.rf.cpmTjJ7ygLBp83YpZcNP.jpg,563,537,Microplastic,192,318,215,343
24_jpg.rf.cpmTjJ7ygLBp83YpZcNP.jpg,563,537,Microplastic,190,440,211,463
24_jpg.rf.cpmTjJ7ygLBp83YpZcNP.jpg,563,537,Microplastic,76,442,106,459
24_jpg.rf.cpmTjJ7ygLBp83YpZcNP.jpg,563,537,Microplastic,230,403,248,423
24_jpg.rf.cpmTjJ7ygLBp83YpZcNP.jpg,563,537,Microplastic,202,416,234,441
24_jpg.rf.cpmTjJ7ygLBp83YpZcNP.jpg,563,537,Microplastic,339,352,349,367
24_jpg.rf.cpmTjJ7ygLBp83YpZcNP.jpg,563,537,Microplastic,339,323,358,336
24_jpg.rf.cpmTjJ7ygLBp83YpZcNP.jpg,563,537,Microplastic,282,279,303,301
24_jpg.rf.cpmTjJ7ygLBp83YpZcNP.jpg,563,537,Microplastic,355,245,387,265
24_jpg.rf.cpmTjJ7ygLBp83YpZcNP.jpg,563,537,Microplastic,294,133,313,170
24_jpg.rf.cpmTjJ7ygLBp83YpZcNP.jpg,563,537,Microplastic,330,164,349,187
24_jpg.rf.cpmTjJ7ygLBp83YpZcNP.jpg,563,537,Microplastic,330,196,348,208
24_jpg.rf.cpmTjJ7ygLBp83YpZcNP.jpg,563,537,Microplastic,221,181,227,208
24_jpg.rf.cpmTjJ7ygLBp83YpZcNP.jpg,563,537,Microplastic,248,189,260,210
f--88-_jpg.rf.ig0Fgv8qygc0NgW11pyL.jpg,563,537,Microplastic,355,17,379,47
f--88-_jpg.rf.ig0Fgv8qygc0NgW11pyL.jpg,563,537,Microplastic,389,45,436,82
f--88-_jpg.rf.ig0Fgv8qygc0NgW11pyL.jpg,563,537,Microplastic,400,84,470,128
f--88-_jpg.rf.ig0Fgv8qygc0NgW11pyL.jpg,563,537,Microplastic,34,114,103,203
f--88-_jpg.rf.ig0Fgv8qygc0NgW11pyL.jpg,563,537,Microplastic,462,220,522,275
f--88-_jpg.rf.ig0Fgv8qygc0NgW11pyL.jpg,563,537,Microplastic,35,289,64,331
f--88-_jpg.rf.ig0Fgv8qygc0NgW11pyL.jpg,563,537,Microplastic,317,309,352,362
f--88-_jpg.rf.ig0Fgv8qygc0NgW11pyL.jpg,563,537,Microplastic,424,310,484,365
f--88-_jpg.rf.ig0Fgv8qygc0NgW11pyL.jpg,563,537,Microplastic,345,427,418,519
f--88-_jpg.rf.ig0Fgv8qygc0NgW11pyL.jpg,563,537,Microplastic,280,504,359,536
f--88-_jpg.rf.ig0Fgv8qygc0NgW11pyL.jpg,563,537,Microplastic,15,522,35,536
f--92-_jpg.rf.vKfd6qNdK1QavBKDhblA.jpg,563,537,Microplastic,132,127,165,155
f--92-_jpg.rf.vKfd6qNdK1QavBKDhblA.jpg,563,537,Microplastic,260,137,318,193
f--92-_jpg.rf.vKfd6qNdK1QavBKDhblA.jpg,563,537,Microplastic,442,293,503,372
f--92-_jpg.rf.vKfd6qNdK1QavBKDhblA.jpg,563,537,Microplastic,417,414,498,479
f--92-_jpg.rf.vKfd6qNdK1QavBKDhblA.jpg,563,537,Microplastic,9,480,59,536
f--95-_jpg.rf.okfbwOZWGJLmxpGCrLVp.jpg,563,537,Microplastic,195,0,261,25
f--95-_jpg.rf.okfbwOZWGJLmxpGCrLVp.jpg,563,537,Microplastic,337,5,384,44
f--95-_jpg.rf.okfbwOZWGJLmxpGCrLVp.jpg,563,537,Microplastic,423,100,518,166
f--95-_jpg.rf.okfbwOZWGJLmxpGCrLVp.jpg,563,537,Microplastic,144,204,193,271
f--95-_jpg.rf.okfbwOZWGJLmxpGCrLVp.jpg,563,537,Microplastic,112,279,149,333
f--62-_jpg.rf.sBA7NexQHJfWBuPotfTa.jpg,563,537,Microplastic,490,129,533,182
f--62-_jpg.rf.sBA7NexQHJfWBuPotfTa.jpg,563,537,Microplastic,176,189,244,231
f--62-_jpg.rf.sBA7NexQHJfWBuPotfTa.jpg,563,537,Microplastic,144,402,218,443
f--62-_jpg.rf.sBA7NexQHJfWBuPotfTa.jpg,563,537,Microplastic,0,414,20,451
f--62-_jpg.rf.sBA7NexQHJfWBuPotfTa.jpg,563,537,Microplastic,495,450,542,503
f--62-_jpg.rf.sBA7NexQHJfWBuPotfTa.jpg,563,537,Microplastic,389,450,425,508
f--68-_jpg.rf.nV3y9NDgAUrcmRgbxt0e.jpg,563,537,Microplastic,102,0,175,34
f--68-_jpg.rf.nV3y9NDgAUrcmRgbxt0e.jpg,563,537,Microplastic,412,69,490,127
f--68-_jpg.rf.nV3y9NDgAUrcmRgbxt0e.jpg,563,537,Microplastic,0,452,64,509
f--68-_jpg.rf.nV3y9NDgAUrcmRgbxt0e.jpg,563,537,Microplastic,293,479,354,530
f--68-_jpg.rf.nV3y9NDgAUrcmRgbxt0e.jpg,563,537,Microplastic,110,524,159,536
f--8-_jpg.rf.jQIdCwVI6CUbGpzUajZD.jpg,563,537,Microplastic,240,0,290,48
f--8-_jpg.rf.jQIdCwVI6CUbGpzUajZD.jpg,563,537,Microplastic,377,200,408,248
f--8-_jpg.rf.jQIdCwVI6CUbGpzUajZD.jpg,563,537,Microplastic,0,242,41,293
f--8-_jpg.rf.jQIdCwVI6CUbGpzUajZD.jpg,563,537,Microplastic,175,307,208,346
f--8-_jpg.rf.jQIdCwVI6CUbGpzUajZD.jpg,563,537,Microplastic,509,337,562,388
f--8-_jpg.rf.jQIdCwVI6CUbGpzUajZD.jpg,563,537,Microplastic,325,494,356,536
f--96-_jpg.rf.tLLs7kde5od62tGBDhCm.jpg,563,537,Microplastic,137,0,193,41
f--96-_jpg.rf.tLLs7kde5od62tGBDhCm.jpg,563,537,Microplastic,242,15,292,65
f--96-_jpg.rf.tLLs7kde5od62tGBDhCm.jpg,563,537,Microplastic,432,122,478,176
f--96-_jpg.rf.tLLs7kde5od62tGBDhCm.jpg,563,537,Microplastic,139,165,179,217
f--96-_jpg.rf.tLLs7kde5od62tGBDhCm.jpg,563,537,Microplastic,482,187,536,231
f--96-_jpg.rf.tLLs7kde5od62tGBDhCm.jpg,563,537,Microplastic,267,320,289,352
f--96-_jpg.rf.tLLs7kde5od62tGBDhCm.jpg,563,537,Microplastic,95,380,114,407
f--96-_jpg.rf.tLLs7kde5od62tGBDhCm.jpg,563,537,Microplastic,9,514,84,536
f--75-_jpg.rf.oBpjb9HlYbrZvisRxhjt.jpg,563,537,Microplastic,332,12,374,75
f--75-_jpg.rf.oBpjb9HlYbrZvisRxhjt.jpg,563,537,Microplastic,432,67,469,117
f--75-_jpg.rf.oBpjb9HlYbrZvisRxhjt.jpg,563,537,Microplastic,102,267,152,318
f--75-_jpg.rf.oBpjb9HlYbrZvisRxhjt.jpg,563,537,Microplastic,252,290,308,345
f--75-_jpg.rf.oBpjb9HlYbrZvisRxhjt.jpg,563,537,Microplastic,0,429,83,506
f--84-_jpg.rf.wiayzlWOxV6Yv6vVKaFh.jpg,563,537,Microplastic,222,0,244,24
f--84-_jpg.rf.wiayzlWOxV6Yv6vVKaFh.jpg,563,537,Microplastic,94,0,155,47
f--84-_jpg.rf.wiayzlWOxV6Yv6vVKaFh.jpg,563,537,Microplastic,335,12,370,52
f--84-_jpg.rf.wiayzlWOxV6Yv6vVKaFh.jpg,563,537,Microplastic,214,160,256,202
f--84-_jpg.rf.wiayzlWOxV6Yv6vVKaFh.jpg,563,537,Microplastic,367,180,394,213
f--84-_jpg.rf.wiayzlWOxV6Yv6vVKaFh.jpg,563,537,Microplastic,440,254,477,303
f--84-_jpg.rf.wiayzlWOxV6Yv6vVKaFh.jpg,563,537,Microplastic,281,271,329,342
f--84-_jpg.rf.wiayzlWOxV6Yv6vVKaFh.jpg,563,537,Microplastic,49,447,109,536
f--85-_jpg.rf.wlaiJXnKmYV5Ii88X5O0.jpg,563,537,Microplastic,155,7,197,79
f--85-_jpg.rf.wlaiJXnKmYV5Ii88X5O0.jpg,563,537,Microplastic,329,37,368,92
f--85-_jpg.rf.wlaiJXnKmYV5Ii88X5O0.jpg,563,537,Microplastic,122,150,152,201
f--85-_jpg.rf.wlaiJXnKmYV5Ii88X5O0.jpg,563,537,Microplastic,420,174,474,228
f--85-_jpg.rf.wlaiJXnKmYV5Ii88X5O0.jpg,563,537,Microplastic,402,355,496,409
f--85-_jpg.rf.wlaiJXnKmYV5Ii88X5O0.jpg,563,537,Microplastic,35,384,88,435
f--85-_jpg.rf.wlaiJXnKmYV5Ii88X5O0.jpg,563,537,Microplastic,232,484,296,536
b--141-_jpg.rf.1SkcdDJXVDHFjQG4OGuw.jpg,563,537,Microplastic,389,44,415,78
b--141-_jpg.rf.1SkcdDJXVDHFjQG4OGuw.jpg,563,537,Microplastic,240,52,269,83
b--141-_jpg.rf.1SkcdDJXVDHFjQG4OGuw.jpg,563,537,Microplastic,55,155,97,185
b--141-_jpg.rf.1SkcdDJXVDHFjQG4OGuw.jpg,563,537,Microplastic,260,175,288,204
b--141-_jpg.rf.1SkcdDJXVDHFjQG4OGuw.jpg,563,537,Microplastic,394,187,416,219
b--141-_jpg.rf.1SkcdDJXVDHFjQG4OGuw.jpg,563,537,Microplastic,240,220,276,258
b--141-_jpg.rf.1SkcdDJXVDHFjQG4OGuw.jpg,563,537,Microplastic,472,234,508,256
b--141-_jpg.rf.1SkcdDJXVDHFjQG4OGuw.jpg,563,537,Microplastic,25,260,50,284
b--141-_jpg.rf.1SkcdDJXVDHFjQG4OGuw.jpg,563,537,Microplastic,115,265,142,303
b--141-_jpg.rf.1SkcdDJXVDHFjQG4OGuw.jpg,563,537,Microplastic,425,327,451,360
b--141-_jpg.rf.1SkcdDJXVDHFjQG4OGuw.jpg,563,537,Microplastic,289,364,324,393
b--141-_jpg.rf.1SkcdDJXVDHFjQG4OGuw.jpg,563,537,Microplastic,259,374,287,402
b--141-_jpg.rf.1SkcdDJXVDHFjQG4OGuw.jpg,563,537,Microplastic,179,362,236,424
b--141-_jpg.rf.1SkcdDJXVDHFjQG4OGuw.jpg,563,537,Microplastic,0,360,18,446
56_jpg.rf.ZdO6vrZqPflf41OQryre.jpg,563,537,Microplastic,272,0,290,14
56_jpg.rf.ZdO6vrZqPflf41OQryre.jpg,563,537,Microplastic,311,9,327,25
56_jpg.rf.ZdO6vrZqPflf41OQryre.jpg,563,537,Microplastic,347,14,366,31
56_jpg.rf.ZdO6vrZqPflf41OQryre.jpg,563,537,Microplastic,422,69,444,99
56_jpg.rf.ZdO6vrZqPflf41OQryre.jpg,563,537,Microplastic,320,97,342,119
56_jpg.rf.ZdO6vrZqPflf41OQryre.jpg,563,537,Microplastic,174,100,190,120
56_jpg.rf.ZdO6vrZqPflf41OQryre.jpg,563,537,Microplastic,375,104,399,140
56_jpg.rf.ZdO6vrZqPflf41OQryre.jpg,563,537,Microplastic,72,114,95,134
56_jpg.rf.ZdO6vrZqPflf41OQryre.jpg,563,537,Microplastic,104,139,124,155
56_jpg.rf.ZdO6vrZqPflf41OQryre.jpg,563,537,Microplastic,104,162,118,181
56_jpg.rf.ZdO6vrZqPflf41OQryre.jpg,563,537,Microplastic,402,172,422,192
56_jpg.rf.ZdO6vrZqPflf41OQryre.jpg,563,537,Microplastic,234,174,251,198
56_jpg.rf.ZdO6vrZqPflf41OQryre.jpg,563,537,Microplastic,49,172,70,204
56_jpg.rf.ZdO6vrZqPflf41OQryre.jpg,563,537,Microplastic,364,219,385,243
56_jpg.rf.ZdO6vrZqPflf41OQryre.jpg,563,537,Microplastic,322,224,350,255
56_jpg.rf.ZdO6vrZqPflf41OQryre.jpg,563,537,Microplastic,144,229,180,268
56_jpg.rf.ZdO6vrZqPflf41OQryre.jpg,563,537,Microplastic,422,232,440,265
56_jpg.rf.ZdO6vrZqPflf41OQryre.jpg,563,537,Microplastic,342,287,365,315
56_jpg.rf.ZdO6vrZqPflf41OQryre.jpg,563,537,Microplastic,45,320,69,341
56_jpg.rf.ZdO6vrZqPflf41OQryre.jpg,563,537,Microplastic,172,367,188,387
56_jpg.rf.ZdO6vrZqPflf41OQryre.jpg,563,537,Microplastic,489,369,507,390
56_jpg.rf.ZdO6vrZqPflf41OQryre.jpg,563,537,Microplastic,67,427,88,443
56_jpg.rf.ZdO6vrZqPflf41OQryre.jpg,563,537,Microplastic,110,450,134,469
a--9-_jpg.rf.0Mn63UkFP0FTpc0cVSPD.jpg,563,537,Microplastic,106,87,188,154
a--9-_jpg.rf.0Mn63UkFP0FTpc0cVSPD.jpg,563,537,Microplastic,175,185,256,276
a--9-_jpg.rf.0Mn63UkFP0FTpc0cVSPD.jpg,563,537,Microplastic,96,366,169,437
a--9-_jpg.rf.0Mn63UkFP0FTpc0cVSPD.jpg,563,537,Microplastic,282,297,368,341
f--80-_jpg.rf.WDZsqRu1r0gKeWLucI7M.jpg,563,537,Microplastic,129,85,156,125
f--80-_jpg.rf.WDZsqRu1r0gKeWLucI7M.jpg,563,537,Microplastic,75,99,116,139
f--80-_jpg.rf.WDZsqRu1r0gKeWLucI7M.jpg,563,537,Microplastic,0,132,48,200
f--80-_jpg.rf.WDZsqRu1r0gKeWLucI7M.jpg,563,537,Microplastic,429,277,475,338
f--80-_jpg.rf.WDZsqRu1r0gKeWLucI7M.jpg,563,537,Microplastic,144,314,191,375
f--80-_jpg.rf.WDZsqRu1r0gKeWLucI7M.jpg,563,537,Microplastic,88,500,123,536
b--93-_jpg.rf.gcUkBRptCxEgQ7xqVL3k.jpg,563,537,Microplastic,0,56,17,91
b--93-_jpg.rf.gcUkBRptCxEgQ7xqVL3k.jpg,563,537,Microplastic,69,110,83,121
b--93-_jpg.rf.gcUkBRptCxEgQ7xqVL3k.jpg,563,537,Microplastic,221,70,234,81
b--93-_jpg.rf.gcUkBRptCxEgQ7xqVL3k.jpg,563,537,Microplastic,96,167,109,172
b--93-_jpg.rf.gcUkBRptCxEgQ7xqVL3k.jpg,563,537,Microplastic,117,124,139,139
b--93-_jpg.rf.gcUkBRptCxEgQ7xqVL3k.jpg,563,537,Microplastic,4,420,18,446
b--93-_jpg.rf.gcUkBRptCxEgQ7xqVL3k.jpg,563,537,Microplastic,204,285,219,300
b--93-_jpg.rf.gcUkBRptCxEgQ7xqVL3k.jpg,563,537,Microplastic,211,332,230,342
b--93-_jpg.rf.gcUkBRptCxEgQ7xqVL3k.jpg,563,537,Microplastic,61,340,74,355
b--93-_jpg.rf.gcUkBRptCxEgQ7xqVL3k.jpg,563,537,Microplastic,222,380,235,393
b--93-_jpg.rf.gcUkBRptCxEgQ7xqVL3k.jpg,563,537,Microplastic,184,458,197,471
b--96-_jpg.rf.XOqA66t634SCqbBwBHCC.jpg,563,537,Microplastic,93,150,110,166
b--96-_jpg.rf.XOqA66t634SCqbBwBHCC.jpg,563,537,Microplastic,189,202,199,218
b--96-_jpg.rf.XOqA66t634SCqbBwBHCC.jpg,563,537,Microplastic,165,257,177,271
b--96-_jpg.rf.XOqA66t634SCqbBwBHCC.jpg,563,537,Microplastic,205,279,222,290
b--96-_jpg.rf.XOqA66t634SCqbBwBHCC.jpg,563,537,Microplastic,102,302,122,329
b--96-_jpg.rf.XOqA66t634SCqbBwBHCC.jpg,563,537,Microplastic,178,306,192,329
b--96-_jpg.rf.XOqA66t634SCqbBwBHCC.jpg,563,537,Microplastic,0,292,8,345
b--96-_jpg.rf.XOqA66t634SCqbBwBHCC.jpg,563,537,Microplastic,399,306,416,333
b--96-_jpg.rf.XOqA66t634SCqbBwBHCC.jpg,563,537,Microplastic,139,324,152,341
b--96-_jpg.rf.XOqA66t634SCqbBwBHCC.jpg,563,537,Microplastic,264,319,273,351
b--96-_jpg.rf.XOqA66t634SCqbBwBHCC.jpg,563,537,Microplastic,171,349,185,373
b--96-_jpg.rf.XOqA66t634SCqbBwBHCC.jpg,563,537,Microplastic,258,389,269,405
b--96-_jpg.rf.XOqA66t634SCqbBwBHCC.jpg,563,537,Microplastic,210,395,217,411
b--96-_jpg.rf.XOqA66t634SCqbBwBHCC.jpg,563,537,Microplastic,94,407,112,424
b--96-_jpg.rf.XOqA66t634SCqbBwBHCC.jpg,563,537,Microplastic,349,461,366,479
b--96-_jpg.rf.XOqA66t634SCqbBwBHCC.jpg,563,537,Microplastic,383,469,396,486
b--96-_jpg.rf.XOqA66t634SCqbBwBHCC.jpg,563,537,Microplastic,481,479,497,491
b--42-_jpg.rf.MeJ99ys4yaUkeJRaZfxF.jpg,563,537,Microplastic,409,40,439,63
b--42-_jpg.rf.MeJ99ys4yaUkeJRaZfxF.jpg,563,537,Microplastic,202,59,226,97
b--42-_jpg.rf.MeJ99ys4yaUkeJRaZfxF.jpg,563,537,Microplastic,212,145,229,164
b--42-_jpg.rf.MeJ99ys4yaUkeJRaZfxF.jpg,563,537,Microplastic,166,203,178,225
b--42-_jpg.rf.MeJ99ys4yaUkeJRaZfxF.jpg,563,537,Microplastic,337,195,380,253
b--42-_jpg.rf.MeJ99ys4yaUkeJRaZfxF.jpg,563,537,Microplastic,80,222,100,242
b--42-_jpg.rf.MeJ99ys4yaUkeJRaZfxF.jpg,563,537,Microplastic,543,224,559,244
b--42-_jpg.rf.MeJ99ys4yaUkeJRaZfxF.jpg,563,537,Microplastic,496,208,526,290
b--42-_jpg.rf.MeJ99ys4yaUkeJRaZfxF.jpg,563,537,Microplastic,187,245,223,282
b--42-_jpg.rf.MeJ99ys4yaUkeJRaZfxF.jpg,563,537,Microplastic,256,256,272,281
b--42-_jpg.rf.MeJ99ys4yaUkeJRaZfxF.jpg,563,537,Microplastic,521,261,561,307
b--42-_jpg.rf.MeJ99ys4yaUkeJRaZfxF.jpg,563,537,Microplastic,93,280,115,300
b--42-_jpg.rf.MeJ99ys4yaUkeJRaZfxF.jpg,563,537,Microplastic,265,390,280,423
b--42-_jpg.rf.MeJ99ys4yaUkeJRaZfxF.jpg,563,537,Microplastic,311,416,343,445
b--42-_jpg.rf.MeJ99ys4yaUkeJRaZfxF.jpg,563,537,Microplastic,108,459,126,486
b--42-_jpg.rf.MeJ99ys4yaUkeJRaZfxF.jpg,563,537,Microplastic,146,462,165,485
b--42-_jpg.rf.MeJ99ys4yaUkeJRaZfxF.jpg,563,537,Microplastic,327,498,357,536
b--42-_jpg.rf.MeJ99ys4yaUkeJRaZfxF.jpg,563,537,Microplastic,399,494,455,536
43_jpg.rf.ceFYJ3acIFO3sF3F18Qu.jpg,563,537,Microplastic,46,90,77,121
43_jpg.rf.ceFYJ3acIFO3sF3F18Qu.jpg,563,537,Microplastic,153,46,194,89
43_jpg.rf.ceFYJ3acIFO3sF3F18Qu.jpg,563,537,Microplastic,168,0,187,11
43_jpg.rf.ceFYJ3acIFO3sF3F18Qu.jpg,563,537,Microplastic,144,0,158,6
43_jpg.rf.ceFYJ3acIFO3sF3F18Qu.jpg,563,537,Microplastic,117,0,134,6
43_jpg.rf.ceFYJ3acIFO3sF3F18Qu.jpg,563,537,Microplastic,496,281,513,307
43_jpg.rf.ceFYJ3acIFO3sF3F18Qu.jpg,563,537,Microplastic,558,376,562,413
43_jpg.rf.ceFYJ3acIFO3sF3F18Qu.jpg,563,537,Microplastic,368,334,391,347
43_jpg.rf.ceFYJ3acIFO3sF3F18Qu.jpg,563,537,Microplastic,540,396,552,415
43_jpg.rf.ceFYJ3acIFO3sF3F18Qu.jpg,563,537,Microplastic,268,145,282,171
43_jpg.rf.ceFYJ3acIFO3sF3F18Qu.jpg,563,537,Microplastic,281,129,299,151
43_jpg.rf.ceFYJ3acIFO3sF3F18Qu.jpg,563,537,Microplastic,188,107,217,123
43_jpg.rf.ceFYJ3acIFO3sF3F18Qu.jpg,563,537,Microplastic,3,376,31,409
43_jpg.rf.ceFYJ3acIFO3sF3F18Qu.jpg,563,537,Microplastic,28,290,48,306
43_jpg.rf.ceFYJ3acIFO3sF3F18Qu.jpg,563,537,Microplastic,51,247,65,264
43_jpg.rf.ceFYJ3acIFO3sF3F18Qu.jpg,563,537,Microplastic,144,392,162,420
43_jpg.rf.ceFYJ3acIFO3sF3F18Qu.jpg,563,537,Microplastic,178,369,202,387
43_jpg.rf.ceFYJ3acIFO3sF3F18Qu.jpg,563,537,Microplastic,209,477,232,495
b--190-_jpg.rf.4Geq6JZcULhJYSuIasvN.jpg,563,537,Microplastic,207,105,241,136
b--190-_jpg.rf.4Geq6JZcULhJYSuIasvN.jpg,563,537,Microplastic,297,152,321,175
b--190-_jpg.rf.4Geq6JZcULhJYSuIasvN.jpg,563,537,Microplastic,97,157,120,184
b--190-_jpg.rf.4Geq6JZcULhJYSuIasvN.jpg,563,537,Microplastic,415,157,451,197
b--190-_jpg.rf.4Geq6JZcULhJYSuIasvN.jpg,563,537,Microplastic,202,195,236,228
b--190-_jpg.rf.4Geq6JZcULhJYSuIasvN.jpg,563,537,Microplastic,460,254,495,282
b--190-_jpg.rf.4Geq6JZcULhJYSuIasvN.jpg,563,537,Microplastic,265,260,288,284
b--190-_jpg.rf.4Geq6JZcULhJYSuIasvN.jpg,563,537,Microplastic,289,322,320,354
b--190-_jpg.rf.4Geq6JZcULhJYSuIasvN.jpg,563,537,Microplastic,448,369,475,400
b--190-_jpg.rf.4Geq6JZcULhJYSuIasvN.jpg,563,537,Microplastic,459,420,476,443
b--190-_jpg.rf.4Geq6JZcULhJYSuIasvN.jpg,563,537,Microplastic,110,440,136,467
a--92-_jpg.rf.4EOWUwE7nly01LtTcDbO.jpg,563,537,Microplastic,359,253,442,335
a--92-_jpg.rf.4EOWUwE7nly01LtTcDbO.jpg,563,537,Microplastic,240,292,305,342
a--92-_jpg.rf.4EOWUwE7nly01LtTcDbO.jpg,563,537,Microplastic,58,273,155,359
a--92-_jpg.rf.4EOWUwE7nly01LtTcDbO.jpg,563,537,Microplastic,197,380,283,450
a--92-_jpg.rf.4EOWUwE7nly01LtTcDbO.jpg,563,537,Microplastic,411,348,483,433
f--9-_jpg.rf.ynN5wAS4ExSwpIVZdBwX.jpg,563,537,Microplastic,207,0,250,21
f--9-_jpg.rf.ynN5wAS4ExSwpIVZdBwX.jpg,563,537,Microplastic,469,277,525,318
f--9-_jpg.rf.ynN5wAS4ExSwpIVZdBwX.jpg,563,537,Microplastic,121,287,176,335
f--9-_jpg.rf.ynN5wAS4ExSwpIVZdBwX.jpg,563,537,Microplastic,454,314,507,361
f--9-_jpg.rf.ynN5wAS4ExSwpIVZdBwX.jpg,563,537,Microplastic,439,388,498,430
f--9-_jpg.rf.ynN5wAS4ExSwpIVZdBwX.jpg,563,537,Microplastic,172,417,238,468
f--9-_jpg.rf.ynN5wAS4ExSwpIVZdBwX.jpg,563,537,Microplastic,105,429,172,482
a--99-_jpg.rf.83whH1NEn13RNywXkaIx.jpg,563,537,Microplastic,184,124,275,195
a--99-_jpg.rf.83whH1NEn13RNywXkaIx.jpg,563,537,Microplastic,351,76,406,146
a--99-_jpg.rf.83whH1NEn13RNywXkaIx.jpg,563,537,Microplastic,417,243,497,301
a--99-_jpg.rf.83whH1NEn13RNywXkaIx.jpg,563,537,Microplastic,181,319,235,386
a--99-_jpg.rf.83whH1NEn13RNywXkaIx.jpg,563,537,Microplastic,303,361,407,456
b--127-_jpg.rf.83eeTOA9Po4B9mS81bEx.jpg,563,537,Microplastic,220,0,249,19
b--127-_jpg.rf.83eeTOA9Po4B9mS81bEx.jpg,563,537,Microplastic,310,7,337,32
b--127-_jpg.rf.83eeTOA9Po4B9mS81bEx.jpg,563,537,Microplastic,255,47,293,87
b--127-_jpg.rf.83eeTOA9Po4B9mS81bEx.jpg,563,537,Microplastic,90,84,108,102
b--127-_jpg.rf.83eeTOA9Po4B9mS81bEx.jpg,563,537,Microplastic,182,74,213,130
b--127-_jpg.rf.83eeTOA9Po4B9mS81bEx.jpg,563,537,Microplastic,274,99,309,123
b--127-_jpg.rf.83eeTOA9Po4B9mS81bEx.jpg,563,537,Microplastic,455,124,481,168
b--127-_jpg.rf.83eeTOA9Po4B9mS81bEx.jpg,563,537,Microplastic,369,200,420,254
b--127-_jpg.rf.83eeTOA9Po4B9mS81bEx.jpg,563,537,Microplastic,442,220,478,264
b--127-_jpg.rf.83eeTOA9Po4B9mS81bEx.jpg,563,537,Microplastic,265,242,288,276
b--127-_jpg.rf.83eeTOA9Po4B9mS81bEx.jpg,563,537,Microplastic,182,270,208,292
b--127-_jpg.rf.83eeTOA9Po4B9mS81bEx.jpg,563,537,Microplastic,302,277,330,318
b--127-_jpg.rf.83eeTOA9Po4B9mS81bEx.jpg,563,537,Microplastic,412,290,434,325
b--127-_jpg.rf.83eeTOA9Po4B9mS81bEx.jpg,563,537,Microplastic,0,294,33,347
b--127-_jpg.rf.83eeTOA9Po4B9mS81bEx.jpg,563,537,Microplastic,240,309,262,338
b--127-_jpg.rf.83eeTOA9Po4B9mS81bEx.jpg,563,537,Microplastic,72,330,87,352
b--127-_jpg.rf.83eeTOA9Po4B9mS81bEx.jpg,563,537,Microplastic,397,349,429,405
b--127-_jpg.rf.83eeTOA9Po4B9mS81bEx.jpg,563,537,Microplastic,95,369,118,395
b--127-_jpg.rf.83eeTOA9Po4B9mS81bEx.jpg,563,537,Microplastic,482,374,514,415
b--127-_jpg.rf.83eeTOA9Po4B9mS81bEx.jpg,563,537,Microplastic,329,397,358,426
b--127-_jpg.rf.83eeTOA9Po4B9mS81bEx.jpg,563,537,Microplastic,59,399,87,446
b--127-_jpg.rf.83eeTOA9Po4B9mS81bEx.jpg,563,537,Microplastic,87,455,148,512
b--127-_jpg.rf.83eeTOA9Po4B9mS81bEx.jpg,563,537,Microplastic,432,474,460,517
b--129-_jpg.rf.69DFC4xLgtTQKnE8ck9x.jpg,563,537,Microplastic,330,14,366,43
b--129-_jpg.rf.69DFC4xLgtTQKnE8ck9x.jpg,563,537,Microplastic,140,60,221,92
b--129-_jpg.rf.69DFC4xLgtTQKnE8ck9x.jpg,563,537,Microplastic,42,65,77,92
b--129-_jpg.rf.69DFC4xLgtTQKnE8ck9x.jpg,563,537,Microplastic,265,70,297,92
b--129-_jpg.rf.69DFC4xLgtTQKnE8ck9x.jpg,563,537,Microplastic,389,79,423,111
b--129-_jpg.rf.69DFC4xLgtTQKnE8ck9x.jpg,563,537,Microplastic,170,110,204,154
b--129-_jpg.rf.69DFC4xLgtTQKnE8ck9x.jpg,563,537,Microplastic,334,127,359,144
b--129-_jpg.rf.69DFC4xLgtTQKnE8ck9x.jpg,563,537,Microplastic,110,154,133,187
b--129-_jpg.rf.69DFC4xLgtTQKnE8ck9x.jpg,563,537,Microplastic,319,167,367,205
b--129-_jpg.rf.69DFC4xLgtTQKnE8ck9x.jpg,563,537,Microplastic,20,194,64,235
b--129-_jpg.rf.69DFC4xLgtTQKnE8ck9x.jpg,563,537,Microplastic,167,245,187,273
b--129-_jpg.rf.69DFC4xLgtTQKnE8ck9x.jpg,563,537,Microplastic,62,337,88,355
b--129-_jpg.rf.69DFC4xLgtTQKnE8ck9x.jpg,563,537,Microplastic,262,332,291,360
b--129-_jpg.rf.69DFC4xLgtTQKnE8ck9x.jpg,563,537,Microplastic,235,395,264,419
b--129-_jpg.rf.69DFC4xLgtTQKnE8ck9x.jpg,563,537,Microplastic,429,452,457,474
b--129-_jpg.rf.69DFC4xLgtTQKnE8ck9x.jpg,563,537,Microplastic,230,440,285,493
b--129-_jpg.rf.69DFC4xLgtTQKnE8ck9x.jpg,563,537,Microplastic,112,514,166,536
84_jpg.rf.0ze0V6v8YR70CgWESrbY.jpg,563,537,Microplastic,233,50,267,80
84_jpg.rf.0ze0V6v8YR70CgWESrbY.jpg,563,537,Microplastic,425,68,451,96
84_jpg.rf.0ze0V6v8YR70CgWESrbY.jpg,563,537,Microplastic,128,84,164,109
84_jpg.rf.0ze0V6v8YR70CgWESrbY.jpg,563,537,Microplastic,223,107,244,123
84_jpg.rf.0ze0V6v8YR70CgWESrbY.jpg,563,537,Microplastic,197,124,227,150
84_jpg.rf.0ze0V6v8YR70CgWESrbY.jpg,563,537,Microplastic,246,191,273,213
84_jpg.rf.0ze0V6v8YR70CgWESrbY.jpg,563,537,Microplastic,363,364,390,380
84_jpg.rf.0ze0V6v8YR70CgWESrbY.jpg,563,537,Microplastic,162,359,193,392
84_jpg.rf.0ze0V6v8YR70CgWESrbY.jpg,563,537,Microplastic,355,373,374,394
84_jpg.rf.0ze0V6v8YR70CgWESrbY.jpg,563,537,Microplastic,240,395,264,421
84_jpg.rf.0ze0V6v8YR70CgWESrbY.jpg,563,537,Microplastic,463,467,484,484
84_jpg.rf.0ze0V6v8YR70CgWESrbY.jpg,563,537,Microplastic,150,523,181,536
84_jpg.rf.0ze0V6v8YR70CgWESrbY.jpg,563,537,Microplastic,281,519,328,536
a--87-_jpg.rf.E4ay0qO1q3YlgRsNxcrp.jpg,563,537,Microplastic,243,13,306,90
a--87-_jpg.rf.E4ay0qO1q3YlgRsNxcrp.jpg,563,537,Microplastic,388,194,486,281
a--87-_jpg.rf.E4ay0qO1q3YlgRsNxcrp.jpg,563,537,Microplastic,180,162,249,230
a--87-_jpg.rf.E4ay0qO1q3YlgRsNxcrp.jpg,563,537,Microplastic,299,259,370,331
a--87-_jpg.rf.E4ay0qO1q3YlgRsNxcrp.jpg,563,537,Microplastic,187,331,254,398
49_jpg.rf.a67HVqWxb0zDu1lqIyUH.jpg,563,537,Microplastic,132,0,149,6
49_jpg.rf.a67HVqWxb0zDu1lqIyUH.jpg,563,537,Microplastic,195,0,216,13
49_jpg.rf.a67HVqWxb0zDu1lqIyUH.jpg,563,537,Microplastic,71,8,87,22
49_jpg.rf.a67HVqWxb0zDu1lqIyUH.jpg,563,537,Microplastic,338,20,353,34
49_jpg.rf.a67HVqWxb0zDu1lqIyUH.jpg,563,537,Microplastic,35,34,57,53
49_jpg.rf.a67HVqWxb0zDu1lqIyUH.jpg,563,537,Microplastic,148,52,159,66
49_jpg.rf.a67HVqWxb0zDu1lqIyUH.jpg,563,537,Microplastic,205,66,215,74
49_jpg.rf.a67HVqWxb0zDu1lqIyUH.jpg,563,537,Microplastic,206,73,216,87
49_jpg.rf.a67HVqWxb0zDu1lqIyUH.jpg,563,537,Microplastic,186,76,203,90
49_jpg.rf.a67HVqWxb0zDu1lqIyUH.jpg,563,537,Microplastic,173,83,182,96
49_jpg.rf.a67HVqWxb0zDu1lqIyUH.jpg,563,537,Microplastic,283,96,300,109
49_jpg.rf.a67HVqWxb0zDu1lqIyUH.jpg,563,537,Microplastic,136,105,191,148
49_jpg.rf.a67HVqWxb0zDu1lqIyUH.jpg,563,537,Microplastic,425,118,464,146
49_jpg.rf.a67HVqWxb0zDu1lqIyUH.jpg,563,537,Microplastic,200,128,212,141
49_jpg.rf.a67HVqWxb0zDu1lqIyUH.jpg,563,537,Microplastic,141,147,152,156
49_jpg.rf.a67HVqWxb0zDu1lqIyUH.jpg,563,537,Microplastic,243,148,250,157
49_jpg.rf.a67HVqWxb0zDu1lqIyUH.jpg,563,537,Microplastic,129,167,141,180
49_jpg.rf.a67HVqWxb0zDu1lqIyUH.jpg,563,537,Microplastic,193,169,210,181
49_jpg.rf.a67HVqWxb0zDu1lqIyUH.jpg,563,537,Microplastic,318,183,324,193
49_jpg.rf.a67HVqWxb0zDu1lqIyUH.jpg,563,537,Microplastic,266,168,286,213
49_jpg.rf.a67HVqWxb0zDu1lqIyUH.jpg,563,537,Microplastic,202,198,220,219
49_jpg.rf.a67HVqWxb0zDu1lqIyUH.jpg,563,537,Microplastic,72,205,79,213
49_jpg.rf.a67HVqWxb0zDu1lqIyUH.jpg,563,537,Microplastic,77,207,85,215
49_jpg.rf.a67HVqWxb0zDu1lqIyUH.jpg,563,537,Microplastic,131,211,142,223
49_jpg.rf.a67HVqWxb0zDu1lqIyUH.jpg,563,537,Microplastic,60,210,79,228
49_jpg.rf.a67HVqWxb0zDu1lqIyUH.jpg,563,537,Microplastic,111,214,127,228
49_jpg.rf.a67HVqWxb0zDu1lqIyUH.jpg,563,537,Microplastic,29,216,37,227
49_jpg.rf.a67HVqWxb0zDu1lqIyUH.jpg,563,537,Microplastic,342,221,351,232
49_jpg.rf.a67HVqWxb0zDu1lqIyUH.jpg,563,537,Microplastic,327,224,337,234
49_jpg.rf.a67HVqWxb0zDu1lqIyUH.jpg,563,537,Microplastic,105,227,121,243
49_jpg.rf.a67HVqWxb0zDu1lqIyUH.jpg,563,537,Microplastic,314,237,341,256
49_jpg.rf.a67HVqWxb0zDu1lqIyUH.jpg,563,537,Microplastic,73,238,91,269
49_jpg.rf.a67HVqWxb0zDu1lqIyUH.jpg,563,537,Microplastic,33,265,48,280
49_jpg.rf.a67HVqWxb0zDu1lqIyUH.jpg,563,537,Microplastic,321,279,333,289
49_jpg.rf.a67HVqWxb0zDu1lqIyUH.jpg,563,537,Microplastic,92,287,110,299
49_jpg.rf.a67HVqWxb0zDu1lqIyUH.jpg,563,537,Microplastic,385,288,422,312
49_jpg.rf.a67HVqWxb0zDu1lqIyUH.jpg,563,537,Microplastic,500,292,521,319
49_jpg.rf.a67HVqWxb0zDu1lqIyUH.jpg,563,537,Microplastic,135,313,158,330
49_jpg.rf.a67HVqWxb0zDu1lqIyUH.jpg,563,537,Microplastic,74,315,83,336
49_jpg.rf.a67HVqWxb0zDu1lqIyUH.jpg,563,537,Microplastic,329,318,340,335
49_jpg.rf.a67HVqWxb0zDu1lqIyUH.jpg,563,537,Microplastic,45,348,70,371
49_jpg.rf.a67HVqWxb0zDu1lqIyUH.jpg,563,537,Microplastic,485,351,503,368
49_jpg.rf.a67HVqWxb0zDu1lqIyUH.jpg,563,537,Microplastic,333,365,343,383
49_jpg.rf.a67HVqWxb0zDu1lqIyUH.jpg,563,537,Microplastic,170,393,180,407
49_jpg.rf.a67HVqWxb0zDu1lqIyUH.jpg,563,537,Microplastic,216,412,229,421
49_jpg.rf.a67HVqWxb0zDu1lqIyUH.jpg,563,537,Microplastic,61,412,71,429
49_jpg.rf.a67HVqWxb0zDu1lqIyUH.jpg,563,537,Microplastic,0,431,22,451
49_jpg.rf.a67HVqWxb0zDu1lqIyUH.jpg,563,537,Microplastic,238,475,254,490
49_jpg.rf.a67HVqWxb0zDu1lqIyUH.jpg,563,537,Microplastic,219,479,230,492
49_jpg.rf.a67HVqWxb0zDu1lqIyUH.jpg,563,537,Microplastic,171,485,183,498
49_jpg.rf.a67HVqWxb0zDu1lqIyUH.jpg,563,537,Microplastic,410,511,422,523
49_jpg.rf.a67HVqWxb0zDu1lqIyUH.jpg,563,537,Microplastic,154,531,166,536
Screenshot 2026-04-19 at 4-05-22 PM_png.rf.Bik17TvZc2Gn3kDtVmss.png,1412,758,Microplastic,944,90,1018,170
48_jpg.rf.SBBUWbSzJUrKJnRKFnwS.jpg,563,537,Microplastic,302,85,336,111
48_jpg.rf.SBBUWbSzJUrKJnRKFnwS.jpg,563,537,Microplastic,274,75,296,93
48_jpg.rf.SBBUWbSzJUrKJnRKFnwS.jpg,563,537,Microplastic,169,0,201,8
48_jpg.rf.SBBUWbSzJUrKJnRKFnwS.jpg,563,537,Microplastic,119,73,139,92
48_jpg.rf.SBBUWbSzJUrKJnRKFnwS.jpg,563,537,Microplastic,5,218,22,236
48_jpg.rf.SBBUWbSzJUrKJnRKFnwS.jpg,563,537,Microplastic,51,253,72,279
48_jpg.rf.SBBUWbSzJUrKJnRKFnwS.jpg,563,537,Microplastic,264,306,293,332
48_jpg.rf.SBBUWbSzJUrKJnRKFnwS.jpg,563,537,Microplastic,539,386,561,419
48_jpg.rf.SBBUWbSzJUrKJnRKFnwS.jpg,563,537,Microplastic,288,416,311,444
48_jpg.rf.SBBUWbSzJUrKJnRKFnwS.jpg,563,537,Microplastic,478,225,494,249
48_jpg.rf.SBBUWbSzJUrKJnRKFnwS.jpg,563,537,Microplastic,291,191,305,204
48_jpg.rf.SBBUWbSzJUrKJnRKFnwS.jpg,563,537,Microplastic,217,322,240,337
b--137-_jpg.rf.37lhabAoGuUo8RH7yB8n.jpg,563,537,Microplastic,239,0,282,12
b--137-_jpg.rf.37lhabAoGuUo8RH7yB8n.jpg,563,537,Microplastic,214,5,246,43
b--137-_jpg.rf.37lhabAoGuUo8RH7yB8n.jpg,563,537,Microplastic,318,14,368,45
b--137-_jpg.rf.37lhabAoGuUo8RH7yB8n.jpg,563,537,Microplastic,373,12,410,64
b--137-_jpg.rf.37lhabAoGuUo8RH7yB8n.jpg,563,537,Microplastic,184,32,202,70
b--137-_jpg.rf.37lhabAoGuUo8RH7yB8n.jpg,563,537,Microplastic,90,94,112,127
b--137-_jpg.rf.37lhabAoGuUo8RH7yB8n.jpg,563,537,Microplastic,198,84,246,142
b--137-_jpg.rf.37lhabAoGuUo8RH7yB8n.jpg,563,537,Microplastic,465,152,496,191
b--137-_jpg.rf.37lhabAoGuUo8RH7yB8n.jpg,563,537,Microplastic,70,217,91,241
b--137-_jpg.rf.37lhabAoGuUo8RH7yB8n.jpg,563,537,Microplastic,484,210,526,252
b--137-_jpg.rf.37lhabAoGuUo8RH7yB8n.jpg,563,537,Microplastic,61,256,89,285
b--137-_jpg.rf.37lhabAoGuUo8RH7yB8n.jpg,563,537,Microplastic,301,255,363,329
b--137-_jpg.rf.37lhabAoGuUo8RH7yB8n.jpg,563,537,Microplastic,10,279,43,310
b--137-_jpg.rf.37lhabAoGuUo8RH7yB8n.jpg,563,537,Microplastic,251,313,279,344
b--137-_jpg.rf.37lhabAoGuUo8RH7yB8n.jpg,563,537,Microplastic,37,342,82,385
b--137-_jpg.rf.37lhabAoGuUo8RH7yB8n.jpg,563,537,Microplastic,111,352,135,380
b--137-_jpg.rf.37lhabAoGuUo8RH7yB8n.jpg,563,537,Microplastic,244,356,268,376
b--137-_jpg.rf.37lhabAoGuUo8RH7yB8n.jpg,563,537,Microplastic,191,366,218,396
b--137-_jpg.rf.37lhabAoGuUo8RH7yB8n.jpg,563,537,Microplastic,63,398,84,430
b--137-_jpg.rf.37lhabAoGuUo8RH7yB8n.jpg,563,537,Microplastic,150,409,179,432
b--137-_jpg.rf.37lhabAoGuUo8RH7yB8n.jpg,563,537,Microplastic,0,392,49,458
b--137-_jpg.rf.37lhabAoGuUo8RH7yB8n.jpg,563,537,Microplastic,263,463,296,492
b--137-_jpg.rf.37lhabAoGuUo8RH7yB8n.jpg,563,537,Microplastic,246,511,275,536
38_jpg.rf.qhYM9q36rmDvFdujoEbI.jpg,563,537,Microplastic,159,129,187,155
38_jpg.rf.qhYM9q36rmDvFdujoEbI.jpg,563,537,Microplastic,117,63,143,92
38_jpg.rf.qhYM9q36rmDvFdujoEbI.jpg,563,537,Microplastic,51,31,74,50
38_jpg.rf.qhYM9q36rmDvFdujoEbI.jpg,563,537,Microplastic,111,0,123,17
38_jpg.rf.qhYM9q36rmDvFdujoEbI.jpg,563,537,Microplastic,255,303,274,322
38_jpg.rf.qhYM9q36rmDvFdujoEbI.jpg,563,537,Microplastic,96,253,118,263
38_jpg.rf.qhYM9q36rmDvFdujoEbI.jpg,563,537,Microplastic,100,290,117,315
38_jpg.rf.qhYM9q36rmDvFdujoEbI.jpg,563,537,Microplastic,47,359,79,377
38_jpg.rf.qhYM9q36rmDvFdujoEbI.jpg,563,537,Microplastic,260,385,269,404
38_jpg.rf.qhYM9q36rmDvFdujoEbI.jpg,563,537,Microplastic,315,403,351,426
38_jpg.rf.qhYM9q36rmDvFdujoEbI.jpg,563,537,Microplastic,361,334,382,355
38_jpg.rf.qhYM9q36rmDvFdujoEbI.jpg,563,537,Microplastic,129,527,145,536
38_jpg.rf.qhYM9q36rmDvFdujoEbI.jpg,563,537,Microplastic,429,383,444,408
38_jpg.rf.qhYM9q36rmDvFdujoEbI.jpg,563,537,Microplastic,399,391,415,411
38_jpg.rf.qhYM9q36rmDvFdujoEbI.jpg,563,537,Microplastic,400,416,417,436
38_jpg.rf.qhYM9q36rmDvFdujoEbI.jpg,563,537,Microplastic,336,193,352,217
38_jpg.rf.qhYM9q36rmDvFdujoEbI.jpg,563,537,Microplastic,387,165,400,184
38_jpg.rf.qhYM9q36rmDvFdujoEbI.jpg,563,537,Microplastic,372,41,382,63
38_jpg.rf.qhYM9q36rmDvFdujoEbI.jpg,563,537,Microplastic,407,65,418,72
38_jpg.rf.qhYM9q36rmDvFdujoEbI.jpg,563,537,Microplastic,449,103,470,120
38_jpg.rf.qhYM9q36rmDvFdujoEbI.jpg,563,537,Microplastic,461,146,473,165
38_jpg.rf.qhYM9q36rmDvFdujoEbI.jpg,563,537,Microplastic,472,183,490,205
38_jpg.rf.qhYM9q36rmDvFdujoEbI.jpg,563,537,Microplastic,536,328,552,338
39_jpg.rf.A6Cl32cYPFriH9WRS9q2.jpg,563,537,Microplastic,105,24,123,39
39_jpg.rf.A6Cl32cYPFriH9WRS9q2.jpg,563,537,Microplastic,147,131,173,161
39_jpg.rf.A6Cl32cYPFriH9WRS9q2.jpg,563,537,Microplastic,202,277,225,305
39_jpg.rf.A6Cl32cYPFriH9WRS9q2.jpg,563,537,Microplastic,36,429,61,461
39_jpg.rf.A6Cl32cYPFriH9WRS9q2.jpg,563,537,Microplastic,141,383,154,395
39_jpg.rf.A6Cl32cYPFriH9WRS9q2.jpg,563,537,Microplastic,142,300,157,314
39_jpg.rf.A6Cl32cYPFriH9WRS9q2.jpg,563,537,Microplastic,283,425,315,473
39_jpg.rf.A6Cl32cYPFriH9WRS9q2.jpg,563,537,Microplastic,390,500,410,526
39_jpg.rf.A6Cl32cYPFriH9WRS9q2.jpg,563,537,Microplastic,352,87,373,107
39_jpg.rf.A6Cl32cYPFriH9WRS9q2.jpg,563,537,Microplastic,405,50,423,71
39_jpg.rf.A6Cl32cYPFriH9WRS9q2.jpg,563,537,Microplastic,386,107,404,118
39_jpg.rf.A6Cl32cYPFriH9WRS9q2.jpg,563,537,Microplastic,242,179,263,214
39_jpg.rf.A6Cl32cYPFriH9WRS9q2.jpg,563,537,Microplastic,211,220,226,244
39_jpg.rf.A6Cl32cYPFriH9WRS9q2.jpg,563,537,Microplastic,498,114,512,129
39_jpg.rf.A6Cl32cYPFriH9WRS9q2.jpg,563,537,Microplastic,0,155,18,189
39_jpg.rf.A6Cl32cYPFriH9WRS9q2.jpg,563,537,Microplastic,425,197,446,216
39_jpg.rf.A6Cl32cYPFriH9WRS9q2.jpg,563,537,Microplastic,517,187,529,203
39_jpg.rf.A6Cl32cYPFriH9WRS9q2.jpg,563,537,Microplastic,503,158,521,172
82_jpg.rf.BeVne6ksBRwyJrB2jBkh.jpg,563,537,Microplastic,250,0,270,10
82_jpg.rf.BeVne6ksBRwyJrB2jBkh.jpg,563,537,Microplastic,335,6,347,22
82_jpg.rf.BeVne6ksBRwyJrB2jBkh.jpg,563,537,Microplastic,355,16,369,36
82_jpg.rf.BeVne6ksBRwyJrB2jBkh.jpg,563,537,Microplastic,202,63,220,83
82_jpg.rf.BeVne6ksBRwyJrB2jBkh.jpg,563,537,Microplastic,236,75,251,93
82_jpg.rf.BeVne6ksBRwyJrB2jBkh.jpg,563,537,Microplastic,344,82,381,108
82_jpg.rf.BeVne6ksBRwyJrB2jBkh.jpg,563,537,Microplastic,216,105,236,122
82_jpg.rf.BeVne6ksBRwyJrB2jBkh.jpg,563,537,Microplastic,467,125,493,151
82_jpg.rf.BeVne6ksBRwyJrB2jBkh.jpg,563,537,Microplastic,355,189,372,214
82_jpg.rf.BeVne6ksBRwyJrB2jBkh.jpg,563,537,Microplastic,113,208,129,227
82_jpg.rf.BeVne6ksBRwyJrB2jBkh.jpg,563,537,Microplastic,165,218,179,239
82_jpg.rf.BeVne6ksBRwyJrB2jBkh.jpg,563,537,Microplastic,142,257,166,283
82_jpg.rf.BeVne6ksBRwyJrB2jBkh.jpg,563,537,Microplastic,201,273,225,295
82_jpg.rf.BeVne6ksBRwyJrB2jBkh.jpg,563,537,Microplastic,177,285,187,303
82_jpg.rf.BeVne6ksBRwyJrB2jBkh.jpg,563,537,Microplastic,346,286,368,324
82_jpg.rf.BeVne6ksBRwyJrB2jBkh.jpg,563,537,Microplastic,334,315,353,334
82_jpg.rf.BeVne6ksBRwyJrB2jBkh.jpg,563,537,Microplastic,93,344,109,363
82_jpg.rf.BeVne6ksBRwyJrB2jBkh.jpg,563,537,Microplastic,306,345,322,363
82_jpg.rf.BeVne6ksBRwyJrB2jBkh.jpg,563,537,Microplastic,368,358,384,377
82_jpg.rf.BeVne6ksBRwyJrB2jBkh.jpg,563,537,Microplastic,350,390,384,419
82_jpg.rf.BeVne6ksBRwyJrB2jBkh.jpg,563,537,Microplastic,248,435,276,460
82_jpg.rf.BeVne6ksBRwyJrB2jBkh.jpg,563,537,Microplastic,157,438,177,458
82_jpg.rf.BeVne6ksBRwyJrB2jBkh.jpg,563,537,Microplastic,114,513,158,536
b--123-_jpg.rf.Le1p6sXipS21i6ECkjk6.jpg,563,537,Microplastic,0,14,10,43
b--123-_jpg.rf.Le1p6sXipS21i6ECkjk6.jpg,563,537,Microplastic,187,62,225,90
b--123-_jpg.rf.Le1p6sXipS21i6ECkjk6.jpg,563,537,Microplastic,159,98,189,118
b--123-_jpg.rf.Le1p6sXipS21i6ECkjk6.jpg,563,537,Microplastic,219,90,249,126
b--123-_jpg.rf.Le1p6sXipS21i6ECkjk6.jpg,563,537,Microplastic,258,96,285,128
b--123-_jpg.rf.Le1p6sXipS21i6ECkjk6.jpg,563,537,Microplastic,149,128,175,159
b--123-_jpg.rf.Le1p6sXipS21i6ECkjk6.jpg,563,537,Microplastic,177,130,254,162
b--123-_jpg.rf.Le1p6sXipS21i6ECkjk6.jpg,563,537,Microplastic,290,183,299,203
b--123-_jpg.rf.Le1p6sXipS21i6ECkjk6.jpg,563,537,Microplastic,157,184,173,206
b--123-_jpg.rf.Le1p6sXipS21i6ECkjk6.jpg,563,537,Microplastic,218,183,251,218
b--123-_jpg.rf.Le1p6sXipS21i6ECkjk6.jpg,563,537,Microplastic,177,194,202,231
b--123-_jpg.rf.Le1p6sXipS21i6ECkjk6.jpg,563,537,Microplastic,310,318,326,338
b--123-_jpg.rf.Le1p6sXipS21i6ECkjk6.jpg,563,537,Microplastic,316,386,330,404
b--123-_jpg.rf.Le1p6sXipS21i6ECkjk6.jpg,563,537,Microplastic,113,390,145,426
b--123-_jpg.rf.Le1p6sXipS21i6ECkjk6.jpg,563,537,Microplastic,0,400,48,443
b--123-_jpg.rf.Le1p6sXipS21i6ECkjk6.jpg,563,537,Microplastic,255,408,284,436
b--123-_jpg.rf.Le1p6sXipS21i6ECkjk6.jpg,563,537,Microplastic,165,416,186,434
b--123-_jpg.rf.Le1p6sXipS21i6ECkjk6.jpg,563,537,Microplastic,0,449,14,473
b--123-_jpg.rf.Le1p6sXipS21i6ECkjk6.jpg,563,537,Microplastic,137,482,178,508
b--123-_jpg.rf.Le1p6sXipS21i6ECkjk6.jpg,563,537,Microplastic,484,511,499,536
a--96-_jpg.rf.JflxjqtDKcSoe0lbWiYq.jpg,563,537,Microplastic,148,117,236,203
a--96-_jpg.rf.JflxjqtDKcSoe0lbWiYq.jpg,563,537,Microplastic,113,209,173,295
a--96-_jpg.rf.JflxjqtDKcSoe0lbWiYq.jpg,563,537,Microplastic,0,229,54,302
a--96-_jpg.rf.JflxjqtDKcSoe0lbWiYq.jpg,563,537,Microplastic,301,258,382,328
a--96-_jpg.rf.JflxjqtDKcSoe0lbWiYq.jpg,563,537,Microplastic,162,410,222,468
b--134-_jpg.rf.N5SF2hTL9PHDyXokQc4U.jpg,563,537,Microplastic,327,34,368,75
b--134-_jpg.rf.N5SF2hTL9PHDyXokQc4U.jpg,563,537,Microplastic,185,65,212,102
b--134-_jpg.rf.N5SF2hTL9PHDyXokQc4U.jpg,563,537,Microplastic,49,74,136,119
b--134-_jpg.rf.N5SF2hTL9PHDyXokQc4U.jpg,563,537,Microplastic,127,126,160,154
b--134-_jpg.rf.N5SF2hTL9PHDyXokQc4U.jpg,563,537,Microplastic,192,200,213,220
b--134-_jpg.rf.N5SF2hTL9PHDyXokQc4U.jpg,563,537,Microplastic,482,195,513,232
b--134-_jpg.rf.N5SF2hTL9PHDyXokQc4U.jpg,563,537,Microplastic,277,214,301,244
b--134-_jpg.rf.N5SF2hTL9PHDyXokQc4U.jpg,563,537,Microplastic,147,227,172,255
b--134-_jpg.rf.N5SF2hTL9PHDyXokQc4U.jpg,563,537,Microplastic,94,250,146,317
b--134-_jpg.rf.N5SF2hTL9PHDyXokQc4U.jpg,563,537,Microplastic,184,280,236,324
b--134-_jpg.rf.N5SF2hTL9PHDyXokQc4U.jpg,563,537,Microplastic,211,342,232,375
b--134-_jpg.rf.N5SF2hTL9PHDyXokQc4U.jpg,563,537,Microplastic,419,335,453,383
b--134-_jpg.rf.N5SF2hTL9PHDyXokQc4U.jpg,563,537,Microplastic,200,378,228,409
b--134-_jpg.rf.N5SF2hTL9PHDyXokQc4U.jpg,563,537,Microplastic,390,452,418,482
b--134-_jpg.rf.N5SF2hTL9PHDyXokQc4U.jpg,563,537,Microplastic,147,474,220,511
b--134-_jpg.rf.N5SF2hTL9PHDyXokQc4U.jpg,563,537,Microplastic,437,494,462,519
b--122-_jpg.rf.VJrXDpkgloPSn696Y5MK.jpg,563,537,Microplastic,157,0,180,16
b--122-_jpg.rf.VJrXDpkgloPSn696Y5MK.jpg,563,537,Microplastic,200,0,247,16
b--122-_jpg.rf.VJrXDpkgloPSn696Y5MK.jpg,563,537,Microplastic,112,0,134,17
b--122-_jpg.rf.VJrXDpkgloPSn696Y5MK.jpg,563,537,Microplastic,155,62,230,113
b--122-_jpg.rf.VJrXDpkgloPSn696Y5MK.jpg,563,537,Microplastic,275,92,293,112
b--122-_jpg.rf.VJrXDpkgloPSn696Y5MK.jpg,563,537,Microplastic,315,92,335,128
b--122-_jpg.rf.VJrXDpkgloPSn696Y5MK.jpg,563,537,Microplastic,102,110,120,140
b--122-_jpg.rf.VJrXDpkgloPSn696Y5MK.jpg,563,537,Microplastic,240,119,272,138
b--122-_jpg.rf.VJrXDpkgloPSn696Y5MK.jpg,563,537,Microplastic,324,152,345,173
b--122-_jpg.rf.VJrXDpkgloPSn696Y5MK.jpg,563,537,Microplastic,549,154,562,177
b--122-_jpg.rf.VJrXDpkgloPSn696Y5MK.jpg,563,537,Microplastic,257,154,297,184
b--122-_jpg.rf.VJrXDpkgloPSn696Y5MK.jpg,563,537,Microplastic,189,155,216,196
b--122-_jpg.rf.VJrXDpkgloPSn696Y5MK.jpg,563,537,Microplastic,409,180,432,204
b--122-_jpg.rf.VJrXDpkgloPSn696Y5MK.jpg,563,537,Microplastic,220,215,240,248
b--122-_jpg.rf.VJrXDpkgloPSn696Y5MK.jpg,563,537,Microplastic,374,224,399,248
b--122-_jpg.rf.VJrXDpkgloPSn696Y5MK.jpg,563,537,Microplastic,0,225,13,258
b--122-_jpg.rf.VJrXDpkgloPSn696Y5MK.jpg,563,537,Microplastic,97,235,119,257
b--122-_jpg.rf.VJrXDpkgloPSn696Y5MK.jpg,563,537,Microplastic,67,235,92,261
b--122-_jpg.rf.VJrXDpkgloPSn696Y5MK.jpg,563,537,Microplastic,329,329,349,373
b--122-_jpg.rf.VJrXDpkgloPSn696Y5MK.jpg,563,537,Microplastic,7,392,33,410
b--122-_jpg.rf.VJrXDpkgloPSn696Y5MK.jpg,563,537,Microplastic,141,404,197,437
b--122-_jpg.rf.VJrXDpkgloPSn696Y5MK.jpg,563,537,Microplastic,189,427,237,503
b--122-_jpg.rf.VJrXDpkgloPSn696Y5MK.jpg,563,537,Microplastic,300,507,321,536
b--122-_jpg.rf.VJrXDpkgloPSn696Y5MK.jpg,563,537,Microplastic,80,525,110,536
b--63-_jpg.rf.CKslGvTQcYbLYzFLJtC1.jpg,563,537,Microplastic,297,278,336,311
b--63-_jpg.rf.CKslGvTQcYbLYzFLJtC1.jpg,563,537,Microplastic,301,263,321,280
b--63-_jpg.rf.CKslGvTQcYbLYzFLJtC1.jpg,563,537,Microplastic,235,375,256,398
b--63-_jpg.rf.CKslGvTQcYbLYzFLJtC1.jpg,563,537,Microplastic,205,349,226,364
b--63-_jpg.rf.CKslGvTQcYbLYzFLJtC1.jpg,563,537,Microplastic,312,362,328,377
b--63-_jpg.rf.CKslGvTQcYbLYzFLJtC1.jpg,563,537,Microplastic,3,162,26,178
b--63-_jpg.rf.CKslGvTQcYbLYzFLJtC1.jpg,563,537,Microplastic,71,183,96,203
b--63-_jpg.rf.CKslGvTQcYbLYzFLJtC1.jpg,563,537,Microplastic,150,151,177,173
b--63-_jpg.rf.CKslGvTQcYbLYzFLJtC1.jpg,563,537,Microplastic,164,144,188,162
b--63-_jpg.rf.CKslGvTQcYbLYzFLJtC1.jpg,563,537,Microplastic,191,257,211,276
b--63-_jpg.rf.CKslGvTQcYbLYzFLJtC1.jpg,563,537,Microplastic,253,223,262,235
b--63-_jpg.rf.CKslGvTQcYbLYzFLJtC1.jpg,563,537,Microplastic,278,223,291,246
b--63-_jpg.rf.CKslGvTQcYbLYzFLJtC1.jpg,563,537,Microplastic,286,177,311,198
b--63-_jpg.rf.CKslGvTQcYbLYzFLJtC1.jpg,563,537,Microplastic,448,481,490,498
b--63-_jpg.rf.CKslGvTQcYbLYzFLJtC1.jpg,563,537,Microplastic,506,364,517,378
b--63-_jpg.rf.CKslGvTQcYbLYzFLJtC1.jpg,563,537,Microplastic,100,531,118,536
b--63-_jpg.rf.CKslGvTQcYbLYzFLJtC1.jpg,563,537,Microplastic,25,24,36,41
b--63-_jpg.rf.CKslGvTQcYbLYzFLJtC1.jpg,563,537,Microplastic,80,63,93,81
b--63-_jpg.rf.CKslGvTQcYbLYzFLJtC1.jpg,563,537,Microplastic,29,291,45,309
b--63-_jpg.rf.CKslGvTQcYbLYzFLJtC1.jpg,563,537,Microplastic,21,322,35,343
b--63-_jpg.rf.CKslGvTQcYbLYzFLJtC1.jpg,563,537,Microplastic,113,350,130,370
53_jpg.rf.oD59vIsGT3XaWrhOK0yd.jpg,563,537,Microplastic,163,165,175,198
53_jpg.rf.oD59vIsGT3XaWrhOK0yd.jpg,563,537,Microplastic,161,0,175,8
53_jpg.rf.oD59vIsGT3XaWrhOK0yd.jpg,563,537,Microplastic,182,0,199,9
53_jpg.rf.oD59vIsGT3XaWrhOK0yd.jpg,563,537,Microplastic,106,220,134,240
53_jpg.rf.oD59vIsGT3XaWrhOK0yd.jpg,563,537,Microplastic,217,270,235,284
53_jpg.rf.oD59vIsGT3XaWrhOK0yd.jpg,563,537,Microplastic,309,224,335,246
53_jpg.rf.oD59vIsGT3XaWrhOK0yd.jpg,563,537,Microplastic,345,176,369,207
53_jpg.rf.oD59vIsGT3XaWrhOK0yd.jpg,563,537,Microplastic,304,136,319,157
53_jpg.rf.oD59vIsGT3XaWrhOK0yd.jpg,563,537,Microplastic,243,137,261,159
53_jpg.rf.oD59vIsGT3XaWrhOK0yd.jpg,563,537,Microplastic,315,156,330,170
53_jpg.rf.oD59vIsGT3XaWrhOK0yd.jpg,563,537,Microplastic,183,110,197,120
53_jpg.rf.oD59vIsGT3XaWrhOK0yd.jpg,563,537,Microplastic,73,329,100,355
53_jpg.rf.oD59vIsGT3XaWrhOK0yd.jpg,563,537,Microplastic,67,384,96,408
53_jpg.rf.oD59vIsGT3XaWrhOK0yd.jpg,563,537,Microplastic,134,424,170,449
53_jpg.rf.oD59vIsGT3XaWrhOK0yd.jpg,563,537,Microplastic,93,445,114,471
53_jpg.rf.oD59vIsGT3XaWrhOK0yd.jpg,563,537,Microplastic,384,345,399,363
53_jpg.rf.oD59vIsGT3XaWrhOK0yd.jpg,563,537,Microplastic,383,386,400,404
53_jpg.rf.oD59vIsGT3XaWrhOK0yd.jpg,563,537,Microplastic,222,439,235,456
53_jpg.rf.oD59vIsGT3XaWrhOK0yd.jpg,563,537,Microplastic,70,263,84,276
53_jpg.rf.oD59vIsGT3XaWrhOK0yd.jpg,563,537,Microplastic,39,366,55,383
53_jpg.rf.oD59vIsGT3XaWrhOK0yd.jpg,563,537,Microplastic,157,324,170,338
d--10-_jpg.rf.IePncEyktH9apo16IXRz.jpg,563,537,Microplastic,171,115,276,227
95_jpg.rf.UX5LNehGp9m4aQEM0AZ3.jpg,563,537,Microplastic,233,15,245,25
95_jpg.rf.UX5LNehGp9m4aQEM0AZ3.jpg,563,537,Microplastic,185,67,192,78
95_jpg.rf.UX5LNehGp9m4aQEM0AZ3.jpg,563,537,Microplastic,198,77,211,88
95_jpg.rf.UX5LNehGp9m4aQEM0AZ3.jpg,563,537,Microplastic,220,77,234,90
95_jpg.rf.UX5LNehGp9m4aQEM0AZ3.jpg,563,537,Microplastic,201,103,215,121
95_jpg.rf.UX5LNehGp9m4aQEM0AZ3.jpg,563,537,Microplastic,269,124,285,138
95_jpg.rf.UX5LNehGp9m4aQEM0AZ3.jpg,563,537,Microplastic,306,204,325,230
95_jpg.rf.UX5LNehGp9m4aQEM0AZ3.jpg,563,537,Microplastic,221,225,240,247
95_jpg.rf.UX5LNehGp9m4aQEM0AZ3.jpg,563,537,Microplastic,221,272,240,298
95_jpg.rf.UX5LNehGp9m4aQEM0AZ3.jpg,563,537,Microplastic,3,278,16,298
95_jpg.rf.UX5LNehGp9m4aQEM0AZ3.jpg,563,537,Microplastic,362,285,380,303
95_jpg.rf.UX5LNehGp9m4aQEM0AZ3.jpg,563,537,Microplastic,417,326,445,349
95_jpg.rf.UX5LNehGp9m4aQEM0AZ3.jpg,563,537,Microplastic,40,343,53,358
95_jpg.rf.UX5LNehGp9m4aQEM0AZ3.jpg,563,537,Microplastic,281,383,307,419
95_jpg.rf.UX5LNehGp9m4aQEM0AZ3.jpg,563,537,Microplastic,221,398,246,415
95_jpg.rf.UX5LNehGp9m4aQEM0AZ3.jpg,563,537,Microplastic,141,402,165,430
95_jpg.rf.UX5LNehGp9m4aQEM0AZ3.jpg,563,537,Microplastic,30,408,59,429
95_jpg.rf.UX5LNehGp9m4aQEM0AZ3.jpg,563,537,Microplastic,44,474,65,488
95_jpg.rf.UX5LNehGp9m4aQEM0AZ3.jpg,563,537,Microplastic,71,489,82,496
95_jpg.rf.UX5LNehGp9m4aQEM0AZ3.jpg,563,537,Microplastic,22,486,32,502
95_jpg.rf.UX5LNehGp9m4aQEM0AZ3.jpg,563,537,Microplastic,198,482,219,509
95_jpg.rf.UX5LNehGp9m4aQEM0AZ3.jpg,563,537,Microplastic,120,512,145,532
95_jpg.rf.UX5LNehGp9m4aQEM0AZ3.jpg,563,537,Microplastic,285,517,302,532
59_jpg.rf.zyBsHBGkjKXp4k5tgIfF.jpg,563,537,Microplastic,175,0,197,12
59_jpg.rf.zyBsHBGkjKXp4k5tgIfF.jpg,563,537,Microplastic,137,0,162,15
59_jpg.rf.zyBsHBGkjKXp4k5tgIfF.jpg,563,537,Microplastic,162,95,177,112
59_jpg.rf.zyBsHBGkjKXp4k5tgIfF.jpg,563,537,Microplastic,235,120,250,137
59_jpg.rf.zyBsHBGkjKXp4k5tgIfF.jpg,563,537,Microplastic,377,150,393,164
59_jpg.rf.zyBsHBGkjKXp4k5tgIfF.jpg,563,537,Microplastic,402,189,420,216
59_jpg.rf.zyBsHBGkjKXp4k5tgIfF.jpg,563,537,Microplastic,65,199,86,211
59_jpg.rf.zyBsHBGkjKXp4k5tgIfF.jpg,563,537,Microplastic,250,207,277,223
59_jpg.rf.zyBsHBGkjKXp4k5tgIfF.jpg,563,537,Microplastic,354,204,379,227
59_jpg.rf.zyBsHBGkjKXp4k5tgIfF.jpg,563,537,Microplastic,118,210,136,224
59_jpg.rf.zyBsHBGkjKXp4k5tgIfF.jpg,563,537,Microplastic,60,250,72,269
59_jpg.rf.zyBsHBGkjKXp4k5tgIfF.jpg,563,537,Microplastic,207,274,232,307
59_jpg.rf.zyBsHBGkjKXp4k5tgIfF.jpg,563,537,Microplastic,369,282,392,306
59_jpg.rf.zyBsHBGkjKXp4k5tgIfF.jpg,563,537,Microplastic,33,330,54,347
59_jpg.rf.zyBsHBGkjKXp4k5tgIfF.jpg,563,537,Microplastic,57,352,73,367
59_jpg.rf.zyBsHBGkjKXp4k5tgIfF.jpg,563,537,Microplastic,384,514,399,531
99_jpg.rf.AlR56jqStE9B1IGE1MOw.jpg,563,537,Microplastic,188,44,208,60
99_jpg.rf.AlR56jqStE9B1IGE1MOw.jpg,563,537,Microplastic,211,83,229,97
99_jpg.rf.AlR56jqStE9B1IGE1MOw.jpg,563,537,Microplastic,336,94,355,116
99_jpg.rf.AlR56jqStE9B1IGE1MOw.jpg,563,537,Microplastic,415,200,434,228
99_jpg.rf.AlR56jqStE9B1IGE1MOw.jpg,563,537,Microplastic,47,274,71,295
99_jpg.rf.AlR56jqStE9B1IGE1MOw.jpg,563,537,Microplastic,187,293,202,314
99_jpg.rf.AlR56jqStE9B1IGE1MOw.jpg,563,537,Microplastic,502,324,519,351
99_jpg.rf.AlR56jqStE9B1IGE1MOw.jpg,563,537,Microplastic,297,329,315,347
99_jpg.rf.AlR56jqStE9B1IGE1MOw.jpg,563,537,Microplastic,456,327,491,370
99_jpg.rf.AlR56jqStE9B1IGE1MOw.jpg,563,537,Microplastic,428,338,458,371
99_jpg.rf.AlR56jqStE9B1IGE1MOw.jpg,563,537,Microplastic,0,345,11,369
99_jpg.rf.AlR56jqStE9B1IGE1MOw.jpg,563,537,Microplastic,391,418,417,456
a--90-_jpg.rf.ENFGyvs8cPKBtO3VQ9a3.jpg,563,537,Microplastic,109,98,169,167
a--90-_jpg.rf.ENFGyvs8cPKBtO3VQ9a3.jpg,563,537,Microplastic,132,228,212,281
a--90-_jpg.rf.ENFGyvs8cPKBtO3VQ9a3.jpg,563,537,Microplastic,322,85,374,161
a--90-_jpg.rf.ENFGyvs8cPKBtO3VQ9a3.jpg,563,537,Microplastic,313,337,386,404
a--88-_jpg.rf.VIU2klUDNv4R86oVy8My.jpg,563,537,Microplastic,198,132,271,198
a--88-_jpg.rf.VIU2klUDNv4R86oVy8My.jpg,563,537,Microplastic,323,155,391,220
a--88-_jpg.rf.VIU2klUDNv4R86oVy8My.jpg,563,537,Microplastic,135,214,191,294
a--88-_jpg.rf.VIU2klUDNv4R86oVy8My.jpg,563,537,Microplastic,331,322,404,396
a--88-_jpg.rf.VIU2klUDNv4R86oVy8My.jpg,563,537,Microplastic,291,449,361,508
b--135-_jpg.rf.d8gPQNL1tmv4FI9vsQVX.jpg,563,537,Microplastic,215,45,237,73
b--135-_jpg.rf.d8gPQNL1tmv4FI9vsQVX.jpg,563,537,Microplastic,397,47,414,71
b--135-_jpg.rf.d8gPQNL1tmv4FI9vsQVX.jpg,563,537,Microplastic,100,65,121,86
b--135-_jpg.rf.d8gPQNL1tmv4FI9vsQVX.jpg,563,537,Microplastic,337,99,362,128
b--135-_jpg.rf.d8gPQNL1tmv4FI9vsQVX.jpg,563,537,Microplastic,442,120,469,150
b--135-_jpg.rf.d8gPQNL1tmv4FI9vsQVX.jpg,563,537,Microplastic,185,137,246,172
b--135-_jpg.rf.d8gPQNL1tmv4FI9vsQVX.jpg,563,537,Microplastic,387,144,405,168
b--135-_jpg.rf.d8gPQNL1tmv4FI9vsQVX.jpg,563,537,Microplastic,470,170,485,193
b--135-_jpg.rf.d8gPQNL1tmv4FI9vsQVX.jpg,563,537,Microplastic,406,175,430,202
b--135-_jpg.rf.d8gPQNL1tmv4FI9vsQVX.jpg,563,537,Microplastic,163,182,182,205
b--135-_jpg.rf.d8gPQNL1tmv4FI9vsQVX.jpg,563,537,Microplastic,93,187,153,233
b--135-_jpg.rf.d8gPQNL1tmv4FI9vsQVX.jpg,563,537,Microplastic,489,207,511,237
b--135-_jpg.rf.d8gPQNL1tmv4FI9vsQVX.jpg,563,537,Microplastic,232,207,261,243
b--135-_jpg.rf.d8gPQNL1tmv4FI9vsQVX.jpg,563,537,Microplastic,197,240,220,268
b--135-_jpg.rf.d8gPQNL1tmv4FI9vsQVX.jpg,563,537,Microplastic,129,252,172,275
b--135-_jpg.rf.d8gPQNL1tmv4FI9vsQVX.jpg,563,537,Microplastic,324,257,341,278
b--135-_jpg.rf.d8gPQNL1tmv4FI9vsQVX.jpg,563,537,Microplastic,159,286,186,315
b--135-_jpg.rf.d8gPQNL1tmv4FI9vsQVX.jpg,563,537,Microplastic,417,294,461,347
b--135-_jpg.rf.d8gPQNL1tmv4FI9vsQVX.jpg,563,537,Microplastic,293,324,310,338
b--135-_jpg.rf.d8gPQNL1tmv4FI9vsQVX.jpg,563,537,Microplastic,187,334,205,351
b--135-_jpg.rf.d8gPQNL1tmv4FI9vsQVX.jpg,563,537,Microplastic,322,342,337,376
b--135-_jpg.rf.d8gPQNL1tmv4FI9vsQVX.jpg,563,537,Microplastic,535,350,562,369
b--135-_jpg.rf.d8gPQNL1tmv4FI9vsQVX.jpg,563,537,Microplastic,259,363,270,382
b--135-_jpg.rf.d8gPQNL1tmv4FI9vsQVX.jpg,563,537,Microplastic,202,393,222,434
b--135-_jpg.rf.d8gPQNL1tmv4FI9vsQVX.jpg,563,537,Microplastic,92,444,119,465
b--135-_jpg.rf.d8gPQNL1tmv4FI9vsQVX.jpg,563,537,Microplastic,45,505,88,533
b--135-_jpg.rf.d8gPQNL1tmv4FI9vsQVX.jpg,563,537,Microplastic,255,520,283,536
b--128-_jpg.rf.oNvWWpMojiUlFqgF6qFQ.jpg,563,537,Microplastic,147,0,170,17
b--128-_jpg.rf.oNvWWpMojiUlFqgF6qFQ.jpg,563,537,Microplastic,232,0,285,25
b--128-_jpg.rf.oNvWWpMojiUlFqgF6qFQ.jpg,563,537,Microplastic,282,14,306,42
b--128-_jpg.rf.oNvWWpMojiUlFqgF6qFQ.jpg,563,537,Microplastic,209,40,240,68
b--128-_jpg.rf.oNvWWpMojiUlFqgF6qFQ.jpg,563,537,Microplastic,179,107,199,125
b--128-_jpg.rf.oNvWWpMojiUlFqgF6qFQ.jpg,563,537,Microplastic,390,99,449,139
b--128-_jpg.rf.oNvWWpMojiUlFqgF6qFQ.jpg,563,537,Microplastic,209,109,234,132
b--128-_jpg.rf.oNvWWpMojiUlFqgF6qFQ.jpg,563,537,Microplastic,350,154,387,182
b--128-_jpg.rf.oNvWWpMojiUlFqgF6qFQ.jpg,563,537,Microplastic,199,174,219,198
b--128-_jpg.rf.oNvWWpMojiUlFqgF6qFQ.jpg,563,537,Microplastic,54,184,76,210
b--128-_jpg.rf.oNvWWpMojiUlFqgF6qFQ.jpg,563,537,Microplastic,0,194,19,223
b--128-_jpg.rf.oNvWWpMojiUlFqgF6qFQ.jpg,563,537,Microplastic,20,225,42,248
b--128-_jpg.rf.oNvWWpMojiUlFqgF6qFQ.jpg,563,537,Microplastic,55,220,88,260
b--128-_jpg.rf.oNvWWpMojiUlFqgF6qFQ.jpg,563,537,Microplastic,252,207,295,284
b--128-_jpg.rf.oNvWWpMojiUlFqgF6qFQ.jpg,563,537,Microplastic,39,260,58,289
b--128-_jpg.rf.oNvWWpMojiUlFqgF6qFQ.jpg,563,537,Microplastic,465,264,495,322
b--128-_jpg.rf.oNvWWpMojiUlFqgF6qFQ.jpg,563,537,Microplastic,132,275,156,316
b--128-_jpg.rf.oNvWWpMojiUlFqgF6qFQ.jpg,563,537,Microplastic,115,325,137,349
b--128-_jpg.rf.oNvWWpMojiUlFqgF6qFQ.jpg,563,537,Microplastic,92,364,131,393
b--128-_jpg.rf.oNvWWpMojiUlFqgF6qFQ.jpg,563,537,Microplastic,102,389,135,407
b--128-_jpg.rf.oNvWWpMojiUlFqgF6qFQ.jpg,563,537,Microplastic,155,450,210,501
b--128-_jpg.rf.oNvWWpMojiUlFqgF6qFQ.jpg,563,537,Microplastic,7,480,35,511
b--64-_jpg.rf.GSu2gtC0sC7y8LdQlMvv.jpg,563,537,Microplastic,197,437,226,461
b--64-_jpg.rf.GSu2gtC0sC7y8LdQlMvv.jpg,563,537,Microplastic,45,0,88,34
b--64-_jpg.rf.GSu2gtC0sC7y8LdQlMvv.jpg,563,537,Microplastic,93,24,109,38
b--64-_jpg.rf.GSu2gtC0sC7y8LdQlMvv.jpg,563,537,Microplastic,352,341,370,363
b--64-_jpg.rf.GSu2gtC0sC7y8LdQlMvv.jpg,563,537,Microplastic,94,251,101,263
b--64-_jpg.rf.GSu2gtC0sC7y8LdQlMvv.jpg,563,537,Microplastic,59,282,77,297
b--64-_jpg.rf.GSu2gtC0sC7y8LdQlMvv.jpg,563,537,Microplastic,127,370,144,390
b--64-_jpg.rf.GSu2gtC0sC7y8LdQlMvv.jpg,563,537,Microplastic,291,311,303,325
b--64-_jpg.rf.GSu2gtC0sC7y8LdQlMvv.jpg,563,537,Microplastic,263,439,277,473
b--64-_jpg.rf.GSu2gtC0sC7y8LdQlMvv.jpg,563,537,Microplastic,361,50,378,77
b--64-_jpg.rf.GSu2gtC0sC7y8LdQlMvv.jpg,563,537,Microplastic,56,72,75,89
b--64-_jpg.rf.GSu2gtC0sC7y8LdQlMvv.jpg,563,537,Microplastic,456,455,476,471
b--64-_jpg.rf.GSu2gtC0sC7y8LdQlMvv.jpg,563,537,Microplastic,28,380,40,401
b--64-_jpg.rf.GSu2gtC0sC7y8LdQlMvv.jpg,563,537,Microplastic,21,516,55,536
b--64-_jpg.rf.GSu2gtC0sC7y8LdQlMvv.jpg,563,537,Microplastic,200,333,213,350
b--64-_jpg.rf.GSu2gtC0sC7y8LdQlMvv.jpg,563,537,Microplastic,170,224,178,235
b--64-_jpg.rf.GSu2gtC0sC7y8LdQlMvv.jpg,563,537,Microplastic,218,250,222,256
b--64-_jpg.rf.GSu2gtC0sC7y8LdQlMvv.jpg,563,537,Microplastic,243,200,254,211
b--64-_jpg.rf.GSu2gtC0sC7y8LdQlMvv.jpg,563,537,Microplastic,256,230,265,241
b--64-_jpg.rf.GSu2gtC0sC7y8LdQlMvv.jpg,563,537,Microplastic,291,207,296,220
b--64-_jpg.rf.GSu2gtC0sC7y8LdQlMvv.jpg,563,537,Microplastic,302,181,310,194
b--64-_jpg.rf.GSu2gtC0sC7y8LdQlMvv.jpg,563,537,Microplastic,317,229,325,241
b--64-_jpg.rf.GSu2gtC0sC7y8LdQlMvv.jpg,563,537,Microplastic,271,250,282,256
b--64-_jpg.rf.GSu2gtC0sC7y8LdQlMvv.jpg,563,537,Microplastic,311,255,322,263
b--64-_jpg.rf.GSu2gtC0sC7y8LdQlMvv.jpg,563,537,Microplastic,291,271,304,278
b--64-_jpg.rf.GSu2gtC0sC7y8LdQlMvv.jpg,563,537,Microplastic,209,288,220,298
b--64-_jpg.rf.GSu2gtC0sC7y8LdQlMvv.jpg,563,537,Microplastic,273,304,287,319
b--64-_jpg.rf.GSu2gtC0sC7y8LdQlMvv.jpg,563,537,Microplastic,254,319,261,326
b--64-_jpg.rf.GSu2gtC0sC7y8LdQlMvv.jpg,563,537,Microplastic,262,332,271,339
b--64-_jpg.rf.GSu2gtC0sC7y8LdQlMvv.jpg,563,537,Microplastic,259,347,266,355
b--64-_jpg.rf.GSu2gtC0sC7y8LdQlMvv.jpg,563,537,Microplastic,253,358,265,368
b--64-_jpg.rf.GSu2gtC0sC7y8LdQlMvv.jpg,563,537,Microplastic,283,348,296,362
b--64-_jpg.rf.GSu2gtC0sC7y8LdQlMvv.jpg,563,537,Microplastic,161,434,174,448
b--64-_jpg.rf.GSu2gtC0sC7y8LdQlMvv.jpg,563,537,Microplastic,197,396,207,402
b--64-_jpg.rf.GSu2gtC0sC7y8LdQlMvv.jpg,563,537,Microplastic,132,425,141,438
83_jpg.rf.UBo2ZZ09ytexTW4eOhIc.jpg,563,537,Microplastic,290,73,324,93
83_jpg.rf.UBo2ZZ09ytexTW4eOhIc.jpg,563,537,Microplastic,424,91,437,117
83_jpg.rf.UBo2ZZ09ytexTW4eOhIc.jpg,563,537,Microplastic,95,171,112,191
83_jpg.rf.UBo2ZZ09ytexTW4eOhIc.jpg,563,537,Microplastic,85,258,102,283
83_jpg.rf.UBo2ZZ09ytexTW4eOhIc.jpg,563,537,Microplastic,352,265,379,285
83_jpg.rf.UBo2ZZ09ytexTW4eOhIc.jpg,563,537,Microplastic,169,295,192,321
83_jpg.rf.UBo2ZZ09ytexTW4eOhIc.jpg,563,537,Microplastic,105,305,129,322
83_jpg.rf.UBo2ZZ09ytexTW4eOhIc.jpg,563,537,Microplastic,138,319,154,344
83_jpg.rf.UBo2ZZ09ytexTW4eOhIc.jpg,563,537,Microplastic,71,330,96,352
83_jpg.rf.UBo2ZZ09ytexTW4eOhIc.jpg,563,537,Microplastic,249,354,275,385
83_jpg.rf.UBo2ZZ09ytexTW4eOhIc.jpg,563,537,Microplastic,343,362,367,381
83_jpg.rf.UBo2ZZ09ytexTW4eOhIc.jpg,563,537,Microplastic,300,411,327,432
83_jpg.rf.UBo2ZZ09ytexTW4eOhIc.jpg,563,537,Microplastic,251,410,271,435
83_jpg.rf.UBo2ZZ09ytexTW4eOhIc.jpg,563,537,Microplastic,155,456,187,490
83_jpg.rf.UBo2ZZ09ytexTW4eOhIc.jpg,563,537,Microplastic,118,480,133,507
83_jpg.rf.UBo2ZZ09ytexTW4eOhIc.jpg,563,537,Microplastic,0,517,22,536
46_jpg.rf.kjbLNFGtEMCaqkX6O27Y.jpg,563,537,Microplastic,209,129,248,153
46_jpg.rf.kjbLNFGtEMCaqkX6O27Y.jpg,563,537,Microplastic,213,151,233,168
46_jpg.rf.kjbLNFGtEMCaqkX6O27Y.jpg,563,537,Microplastic,342,201,357,218
46_jpg.rf.kjbLNFGtEMCaqkX6O27Y.jpg,563,537,Microplastic,416,213,453,249
46_jpg.rf.kjbLNFGtEMCaqkX6O27Y.jpg,563,537,Microplastic,487,292,503,311
46_jpg.rf.kjbLNFGtEMCaqkX6O27Y.jpg,563,537,Microplastic,540,394,559,419
46_jpg.rf.kjbLNFGtEMCaqkX6O27Y.jpg,563,537,Microplastic,517,404,526,420
46_jpg.rf.kjbLNFGtEMCaqkX6O27Y.jpg,563,537,Microplastic,146,268,170,290
46_jpg.rf.kjbLNFGtEMCaqkX6O27Y.jpg,563,537,Microplastic,211,314,234,326
46_jpg.rf.kjbLNFGtEMCaqkX6O27Y.jpg,563,537,Microplastic,143,345,177,376
46_jpg.rf.kjbLNFGtEMCaqkX6O27Y.jpg,563,537,Microplastic,287,371,306,415
46_jpg.rf.kjbLNFGtEMCaqkX6O27Y.jpg,563,537,Microplastic,332,378,368,402
46_jpg.rf.kjbLNFGtEMCaqkX6O27Y.jpg,563,537,Microplastic,365,359,380,376
46_jpg.rf.kjbLNFGtEMCaqkX6O27Y.jpg,563,537,Microplastic,150,437,180,463
46_jpg.rf.kjbLNFGtEMCaqkX6O27Y.jpg,563,537,Microplastic,190,440,213,464
46_jpg.rf.kjbLNFGtEMCaqkX6O27Y.jpg,563,537,Microplastic,66,321,97,342
46_jpg.rf.kjbLNFGtEMCaqkX6O27Y.jpg,563,537,Microplastic,69,494,85,528
46_jpg.rf.kjbLNFGtEMCaqkX6O27Y.jpg,563,537,Microplastic,251,342,270,366
46_jpg.rf.kjbLNFGtEMCaqkX6O27Y.jpg,563,537,Microplastic,312,281,322,299
46_jpg.rf.kjbLNFGtEMCaqkX6O27Y.jpg,563,537,Microplastic,339,315,361,329
63_jpg.rf.J4IQRulvEDKBoodRLRxI.jpg,563,537,Microplastic,255,0,285,38
63_jpg.rf.J4IQRulvEDKBoodRLRxI.jpg,563,537,Microplastic,335,15,365,44
63_jpg.rf.J4IQRulvEDKBoodRLRxI.jpg,563,537,Microplastic,424,85,457,114
63_jpg.rf.J4IQRulvEDKBoodRLRxI.jpg,563,537,Microplastic,194,90,228,120
63_jpg.rf.J4IQRulvEDKBoodRLRxI.jpg,563,537,Microplastic,245,112,270,140
63_jpg.rf.J4IQRulvEDKBoodRLRxI.jpg,563,537,Microplastic,140,120,182,157
63_jpg.rf.J4IQRulvEDKBoodRLRxI.jpg,563,537,Microplastic,362,140,394,172
63_jpg.rf.J4IQRulvEDKBoodRLRxI.jpg,563,537,Microplastic,229,157,258,189
63_jpg.rf.J4IQRulvEDKBoodRLRxI.jpg,563,537,Microplastic,284,159,320,196
63_jpg.rf.J4IQRulvEDKBoodRLRxI.jpg,563,537,Microplastic,162,195,196,218
63_jpg.rf.J4IQRulvEDKBoodRLRxI.jpg,563,537,Microplastic,0,214,12,248
63_jpg.rf.J4IQRulvEDKBoodRLRxI.jpg,563,537,Microplastic,302,219,325,247
63_jpg.rf.J4IQRulvEDKBoodRLRxI.jpg,563,537,Microplastic,84,228,109,259
63_jpg.rf.J4IQRulvEDKBoodRLRxI.jpg,563,537,Microplastic,375,239,405,274
63_jpg.rf.J4IQRulvEDKBoodRLRxI.jpg,563,537,Microplastic,314,274,333,299
63_jpg.rf.J4IQRulvEDKBoodRLRxI.jpg,563,537,Microplastic,439,287,485,318
63_jpg.rf.J4IQRulvEDKBoodRLRxI.jpg,563,537,Microplastic,50,294,76,326
63_jpg.rf.J4IQRulvEDKBoodRLRxI.jpg,563,537,Microplastic,155,299,188,330
63_jpg.rf.J4IQRulvEDKBoodRLRxI.jpg,563,537,Microplastic,302,337,332,370
63_jpg.rf.J4IQRulvEDKBoodRLRxI.jpg,563,537,Microplastic,427,342,450,376
63_jpg.rf.J4IQRulvEDKBoodRLRxI.jpg,563,537,Microplastic,352,394,386,422
63_jpg.rf.J4IQRulvEDKBoodRLRxI.jpg,563,537,Microplastic,177,405,204,447
63_jpg.rf.J4IQRulvEDKBoodRLRxI.jpg,563,537,Microplastic,109,434,134,463
63_jpg.rf.J4IQRulvEDKBoodRLRxI.jpg,563,537,Microplastic,342,480,373,515
a--14-_jpg.rf.Y9S3awYc72tlEXPCklqH.jpg,563,537,Microplastic,177,0,266,70
a--14-_jpg.rf.Y9S3awYc72tlEXPCklqH.jpg,563,537,Microplastic,370,26,489,124
a--14-_jpg.rf.Y9S3awYc72tlEXPCklqH.jpg,563,537,Microplastic,196,141,265,212
a--14-_jpg.rf.Y9S3awYc72tlEXPCklqH.jpg,563,537,Microplastic,145,262,258,376
a--14-_jpg.rf.Y9S3awYc72tlEXPCklqH.jpg,563,537,Microplastic,416,336,509,427
29_jpg.rf.pygvszQMWj0omc31K6M5.jpg,563,537,Microplastic,122,170,160,203
29_jpg.rf.pygvszQMWj0omc31K6M5.jpg,563,537,Microplastic,166,141,187,164
29_jpg.rf.pygvszQMWj0omc31K6M5.jpg,563,537,Microplastic,193,172,207,190
29_jpg.rf.pygvszQMWj0omc31K6M5.jpg,563,537,Microplastic,80,145,96,164
29_jpg.rf.pygvszQMWj0omc31K6M5.jpg,563,537,Microplastic,34,218,49,233
29_jpg.rf.pygvszQMWj0omc31K6M5.jpg,563,537,Microplastic,60,228,69,242
29_jpg.rf.pygvszQMWj0omc31K6M5.jpg,563,537,Microplastic,154,231,178,251
29_jpg.rf.pygvszQMWj0omc31K6M5.jpg,563,537,Microplastic,263,223,274,238
29_jpg.rf.pygvszQMWj0omc31K6M5.jpg,563,537,Microplastic,190,339,218,362
29_jpg.rf.pygvszQMWj0omc31K6M5.jpg,563,537,Microplastic,152,355,170,372
29_jpg.rf.pygvszQMWj0omc31K6M5.jpg,563,537,Microplastic,82,526,115,536
29_jpg.rf.pygvszQMWj0omc31K6M5.jpg,563,537,Microplastic,437,64,457,96
29_jpg.rf.pygvszQMWj0omc31K6M5.jpg,563,537,Microplastic,264,57,290,79
29_jpg.rf.pygvszQMWj0omc31K6M5.jpg,563,537,Microplastic,344,0,359,17
29_jpg.rf.pygvszQMWj0omc31K6M5.jpg,563,537,Microplastic,118,0,139,8
29_jpg.rf.pygvszQMWj0omc31K6M5.jpg,563,537,Microplastic,368,158,395,181
88_jpg.rf.VAv3wyfTJIpAPpZ8JQtY.jpg,563,537,Microplastic,290,56,312,75
88_jpg.rf.VAv3wyfTJIpAPpZ8JQtY.jpg,563,537,Microplastic,159,77,176,96
88_jpg.rf.VAv3wyfTJIpAPpZ8JQtY.jpg,563,537,Microplastic,222,92,242,115
88_jpg.rf.VAv3wyfTJIpAPpZ8JQtY.jpg,563,537,Microplastic,346,124,381,150
88_jpg.rf.VAv3wyfTJIpAPpZ8JQtY.jpg,563,537,Microplastic,296,211,315,225
88_jpg.rf.VAv3wyfTJIpAPpZ8JQtY.jpg,563,537,Microplastic,137,220,164,240
88_jpg.rf.VAv3wyfTJIpAPpZ8JQtY.jpg,563,537,Microplastic,146,244,167,260
88_jpg.rf.VAv3wyfTJIpAPpZ8JQtY.jpg,563,537,Microplastic,164,282,176,296
88_jpg.rf.VAv3wyfTJIpAPpZ8JQtY.jpg,563,537,Microplastic,194,293,215,310
88_jpg.rf.VAv3wyfTJIpAPpZ8JQtY.jpg,563,537,Microplastic,12,340,40,367
88_jpg.rf.VAv3wyfTJIpAPpZ8JQtY.jpg,563,537,Microplastic,180,348,208,366
88_jpg.rf.VAv3wyfTJIpAPpZ8JQtY.jpg,563,537,Microplastic,377,427,406,456
88_jpg.rf.VAv3wyfTJIpAPpZ8JQtY.jpg,563,537,Microplastic,357,469,378,494
88_jpg.rf.VAv3wyfTJIpAPpZ8JQtY.jpg,563,537,Microplastic,127,494,159,519
88_jpg.rf.VAv3wyfTJIpAPpZ8JQtY.jpg,563,537,Microplastic,285,529,312,536
a--100-_jpg.rf.YLvS7G7TWsimuzXgA3Ai.jpg,563,537,Microplastic,276,60,338,137
a--100-_jpg.rf.YLvS7G7TWsimuzXgA3Ai.jpg,563,537,Microplastic,24,221,105,302
a--100-_jpg.rf.YLvS7G7TWsimuzXgA3Ai.jpg,563,537,Microplastic,122,196,200,285
a--100-_jpg.rf.YLvS7G7TWsimuzXgA3Ai.jpg,563,537,Microplastic,218,187,301,282
a--100-_jpg.rf.YLvS7G7TWsimuzXgA3Ai.jpg,563,537,Microplastic,130,404,202,480
b--131-_jpg.rf.WrGiXSCbt1ZFGzBukT5e.jpg,563,537,Microplastic,129,0,149,6
b--131-_jpg.rf.WrGiXSCbt1ZFGzBukT5e.jpg,563,537,Microplastic,89,0,110,22
b--131-_jpg.rf.WrGiXSCbt1ZFGzBukT5e.jpg,563,537,Microplastic,309,0,330,26
b--131-_jpg.rf.WrGiXSCbt1ZFGzBukT5e.jpg,563,537,Microplastic,342,20,357,50
b--131-_jpg.rf.WrGiXSCbt1ZFGzBukT5e.jpg,563,537,Microplastic,237,140,269,174
b--131-_jpg.rf.WrGiXSCbt1ZFGzBukT5e.jpg,563,537,Microplastic,150,142,188,173
b--131-_jpg.rf.WrGiXSCbt1ZFGzBukT5e.jpg,563,537,Microplastic,380,147,406,181
b--131-_jpg.rf.WrGiXSCbt1ZFGzBukT5e.jpg,563,537,Microplastic,269,159,288,182
b--131-_jpg.rf.WrGiXSCbt1ZFGzBukT5e.jpg,563,537,Microplastic,189,197,216,221
b--131-_jpg.rf.WrGiXSCbt1ZFGzBukT5e.jpg,563,537,Microplastic,17,200,53,248
b--131-_jpg.rf.WrGiXSCbt1ZFGzBukT5e.jpg,563,537,Microplastic,244,235,266,261
b--131-_jpg.rf.WrGiXSCbt1ZFGzBukT5e.jpg,563,537,Microplastic,359,244,388,278
b--131-_jpg.rf.WrGiXSCbt1ZFGzBukT5e.jpg,563,537,Microplastic,45,280,77,303
b--131-_jpg.rf.WrGiXSCbt1ZFGzBukT5e.jpg,563,537,Microplastic,0,274,36,324
b--131-_jpg.rf.WrGiXSCbt1ZFGzBukT5e.jpg,563,537,Microplastic,200,317,234,363
b--131-_jpg.rf.WrGiXSCbt1ZFGzBukT5e.jpg,563,537,Microplastic,349,332,387,378
b--131-_jpg.rf.WrGiXSCbt1ZFGzBukT5e.jpg,563,537,Microplastic,197,360,225,376
b--131-_jpg.rf.WrGiXSCbt1ZFGzBukT5e.jpg,563,537,Microplastic,94,354,147,406
b--131-_jpg.rf.WrGiXSCbt1ZFGzBukT5e.jpg,563,537,Microplastic,469,389,488,421
b--131-_jpg.rf.WrGiXSCbt1ZFGzBukT5e.jpg,563,537,Microplastic,41,410,66,438
b--131-_jpg.rf.WrGiXSCbt1ZFGzBukT5e.jpg,563,537,Microplastic,142,437,167,460
b--131-_jpg.rf.WrGiXSCbt1ZFGzBukT5e.jpg,563,537,Microplastic,219,447,252,488
a--91-_jpg.rf.hLnwhxEKH6ITZVPLzWvz.jpg,563,537,Microplastic,0,142,64,212
a--91-_jpg.rf.hLnwhxEKH6ITZVPLzWvz.jpg,563,537,Microplastic,69,211,135,282
a--91-_jpg.rf.hLnwhxEKH6ITZVPLzWvz.jpg,563,537,Microplastic,217,214,283,297
a--91-_jpg.rf.hLnwhxEKH6ITZVPLzWvz.jpg,563,537,Microplastic,236,370,312,456
a--98-_jpg.rf.pjYVng7OZfMOyImQqvJn.jpg,563,537,Microplastic,103,33,174,100
a--98-_jpg.rf.pjYVng7OZfMOyImQqvJn.jpg,563,537,Microplastic,146,214,222,288
a--98-_jpg.rf.pjYVng7OZfMOyImQqvJn.jpg,563,537,Microplastic,310,282,369,358
a--98-_jpg.rf.pjYVng7OZfMOyImQqvJn.jpg,563,537,Microplastic,0,268,57,347
a--97-_jpg.rf.rL0iaZJIzBG4OvyTMmip.jpg,563,537,Microplastic,108,55,178,114
a--97-_jpg.rf.rL0iaZJIzBG4OvyTMmip.jpg,563,537,Microplastic,173,221,253,281
a--97-_jpg.rf.rL0iaZJIzBG4OvyTMmip.jpg,563,537,Microplastic,331,243,391,296
a--97-_jpg.rf.rL0iaZJIzBG4OvyTMmip.jpg,563,537,Microplastic,135,320,225,385
a--97-_jpg.rf.rL0iaZJIzBG4OvyTMmip.jpg,563,537,Microplastic,0,236,68,316
b--125-_jpg.rf.rUcUicrKWvqxheB5yaeJ.jpg,563,537,Microplastic,360,19,411,50
b--125-_jpg.rf.rUcUicrKWvqxheB5yaeJ.jpg,563,537,Microplastic,215,55,257,92
b--125-_jpg.rf.rUcUicrKWvqxheB5yaeJ.jpg,563,537,Microplastic,339,67,377,95
b--125-_jpg.rf.rUcUicrKWvqxheB5yaeJ.jpg,563,537,Microplastic,315,105,359,138
b--125-_jpg.rf.rUcUicrKWvqxheB5yaeJ.jpg,563,537,Microplastic,424,122,443,157
b--125-_jpg.rf.rUcUicrKWvqxheB5yaeJ.jpg,563,537,Microplastic,212,127,228,159
b--125-_jpg.rf.rUcUicrKWvqxheB5yaeJ.jpg,563,537,Microplastic,424,180,457,210
b--125-_jpg.rf.rUcUicrKWvqxheB5yaeJ.jpg,563,537,Microplastic,34,187,78,224
b--125-_jpg.rf.rUcUicrKWvqxheB5yaeJ.jpg,563,537,Microplastic,275,199,307,224
b--125-_jpg.rf.rUcUicrKWvqxheB5yaeJ.jpg,563,537,Microplastic,524,207,551,243
b--125-_jpg.rf.rUcUicrKWvqxheB5yaeJ.jpg,563,537,Microplastic,484,247,496,287
b--125-_jpg.rf.rUcUicrKWvqxheB5yaeJ.jpg,563,537,Microplastic,469,260,487,287
b--125-_jpg.rf.rUcUicrKWvqxheB5yaeJ.jpg,563,537,Microplastic,84,260,107,292
b--125-_jpg.rf.rUcUicrKWvqxheB5yaeJ.jpg,563,537,Microplastic,284,319,311,345
b--125-_jpg.rf.rUcUicrKWvqxheB5yaeJ.jpg,563,537,Microplastic,132,338,159,364
b--125-_jpg.rf.rUcUicrKWvqxheB5yaeJ.jpg,563,537,Microplastic,449,342,468,362
b--125-_jpg.rf.rUcUicrKWvqxheB5yaeJ.jpg,563,537,Microplastic,27,337,53,376
b--125-_jpg.rf.rUcUicrKWvqxheB5yaeJ.jpg,563,537,Microplastic,215,354,240,375
b--125-_jpg.rf.rUcUicrKWvqxheB5yaeJ.jpg,563,537,Microplastic,235,355,256,377
b--125-_jpg.rf.rUcUicrKWvqxheB5yaeJ.jpg,563,537,Microplastic,52,399,80,446
b--125-_jpg.rf.rUcUicrKWvqxheB5yaeJ.jpg,563,537,Microplastic,155,427,181,455
b--125-_jpg.rf.rUcUicrKWvqxheB5yaeJ.jpg,563,537,Microplastic,429,425,461,460
b--125-_jpg.rf.rUcUicrKWvqxheB5yaeJ.jpg,563,537,Microplastic,8,437,46,470
b--125-_jpg.rf.rUcUicrKWvqxheB5yaeJ.jpg,563,537,Microplastic,129,450,172,499
b--125-_jpg.rf.rUcUicrKWvqxheB5yaeJ.jpg,563,537,Microplastic,260,459,285,490
b--125-_jpg.rf.rUcUicrKWvqxheB5yaeJ.jpg,563,537,Microplastic,14,492,44,518
b--125-_jpg.rf.rUcUicrKWvqxheB5yaeJ.jpg,563,537,Microplastic,0,512,13,536
b--125-_jpg.rf.rUcUicrKWvqxheB5yaeJ.jpg,563,537,Microplastic,442,515,470,536
85_jpg.rf.PUxsnfdJjNy14lUEZmR8.jpg,563,537,Microplastic,253,75,278,101
85_jpg.rf.PUxsnfdJjNy14lUEZmR8.jpg,563,537,Microplastic,194,99,222,121
85_jpg.rf.PUxsnfdJjNy14lUEZmR8.jpg,563,537,Microplastic,352,155,372,173
85_jpg.rf.PUxsnfdJjNy14lUEZmR8.jpg,563,537,Microplastic,173,238,209,263
85_jpg.rf.PUxsnfdJjNy14lUEZmR8.jpg,563,537,Microplastic,481,300,505,323
85_jpg.rf.PUxsnfdJjNy14lUEZmR8.jpg,563,537,Microplastic,108,315,126,337
85_jpg.rf.PUxsnfdJjNy14lUEZmR8.jpg,563,537,Microplastic,136,315,159,340
85_jpg.rf.PUxsnfdJjNy14lUEZmR8.jpg,563,537,Microplastic,247,314,273,344
85_jpg.rf.PUxsnfdJjNy14lUEZmR8.jpg,563,537,Microplastic,262,349,280,370
85_jpg.rf.PUxsnfdJjNy14lUEZmR8.jpg,563,537,Microplastic,346,355,365,379
85_jpg.rf.PUxsnfdJjNy14lUEZmR8.jpg,563,537,Microplastic,167,361,191,389
85_jpg.rf.PUxsnfdJjNy14lUEZmR8.jpg,563,537,Microplastic,115,438,141,459
85_jpg.rf.PUxsnfdJjNy14lUEZmR8.jpg,563,537,Microplastic,268,485,304,517
b--126-_jpg.rf.uNY05ABQgTh9qx5pKikD.jpg,563,537,Microplastic,139,0,179,16
b--126-_jpg.rf.uNY05ABQgTh9qx5pKikD.jpg,563,537,Microplastic,180,0,230,19
b--126-_jpg.rf.uNY05ABQgTh9qx5pKikD.jpg,563,537,Microplastic,347,49,396,79
b--126-_jpg.rf.uNY05ABQgTh9qx5pKikD.jpg,563,537,Microplastic,209,109,271,162
b--126-_jpg.rf.uNY05ABQgTh9qx5pKikD.jpg,563,537,Microplastic,175,132,194,157
b--126-_jpg.rf.uNY05ABQgTh9qx5pKikD.jpg,563,537,Microplastic,154,177,207,239
b--126-_jpg.rf.uNY05ABQgTh9qx5pKikD.jpg,563,537,Microplastic,342,262,396,308
b--126-_jpg.rf.uNY05ABQgTh9qx5pKikD.jpg,563,537,Microplastic,489,280,520,315
b--126-_jpg.rf.uNY05ABQgTh9qx5pKikD.jpg,563,537,Microplastic,234,300,262,325
b--126-_jpg.rf.uNY05ABQgTh9qx5pKikD.jpg,563,537,Microplastic,0,320,5,349
b--126-_jpg.rf.uNY05ABQgTh9qx5pKikD.jpg,563,537,Microplastic,129,322,163,358
b--126-_jpg.rf.uNY05ABQgTh9qx5pKikD.jpg,563,537,Microplastic,312,329,360,378
b--126-_jpg.rf.uNY05ABQgTh9qx5pKikD.jpg,563,537,Microplastic,135,387,164,414
b--126-_jpg.rf.uNY05ABQgTh9qx5pKikD.jpg,563,537,Microplastic,199,448,218,473
b--126-_jpg.rf.uNY05ABQgTh9qx5pKikD.jpg,563,537,Microplastic,0,452,17,488
b--126-_jpg.rf.uNY05ABQgTh9qx5pKikD.jpg,563,537,Microplastic,129,464,148,486
b--126-_jpg.rf.uNY05ABQgTh9qx5pKikD.jpg,563,537,Microplastic,89,495,114,525
b--126-_jpg.rf.uNY05ABQgTh9qx5pKikD.jpg,563,537,Microplastic,119,500,144,535
Screenshot 2026-04-19 at 3-56-10 PM_png.rf.BzOy8CUkbd34kFhrWp1y.png,1550,850,Microplastic,185,623,214,654
Screenshot 2026-04-19 at 3-56-10 PM_png.rf.BzOy8CUkbd34kFhrWp1y.png,1550,850,Microplastic,770,680,826,728
Screenshot 2026-04-19 at 3-56-10 PM_png.rf.BzOy8CUkbd34kFhrWp1y.png,1550,850,Microplastic,267,527,297,556
Screenshot 2026-04-19 at 3-56-10 PM_png.rf.BzOy8CUkbd34kFhrWp1y.png,1550,850,Microplastic,1043,401,1108,453
Screenshot 2026-04-19 at 3-56-10 PM_png.rf.BzOy8CUkbd34kFhrWp1y.png,1550,850,Microplastic,434,789,457,812
Screenshot 2026-04-19 at 3-56-10 PM_png.rf.BzOy8CUkbd34kFhrWp1y.png,1550,850,Microplastic,484,354,520,388
Screenshot 2026-04-19 at 3-56-10 PM_png.rf.BzOy8CUkbd34kFhrWp1y.png,1550,850,Microplastic,120,689,153,717
Screenshot 2026-04-19 at 3-56-10 PM_png.rf.BzOy8CUkbd34kFhrWp1y.png,1550,850,Microplastic,326,464,367,499
Screenshot 2026-04-19 at 3-56-10 PM_png.rf.BzOy8CUkbd34kFhrWp1y.png,1550,850,Microplastic,1409,24,1442,55
Screenshot 2026-04-19 at 3-56-10 PM_png.rf.BzOy8CUkbd34kFhrWp1y.png,1550,850,Microplastic,1382,814,1423,848
Screenshot 2026-04-19 at 3-56-10 PM_png.rf.BzOy8CUkbd34kFhrWp1y.png,1550,850,Microplastic,1432,84,1456,112
Screenshot 2026-04-19 at 3-56-10 PM_png.rf.BzOy8CUkbd34kFhrWp1y.png,1550,850,Microplastic,950,625,986,657
Screenshot 2026-04-19 at 3-56-10 PM_png.rf.BzOy8CUkbd34kFhrWp1y.png,1550,850,Microplastic,768,612,837,665
Screenshot 2026-04-19 at 3-56-10 PM_png.rf.BzOy8CUkbd34kFhrWp1y.png,1550,850,Microplastic,572,298,617,367
Screenshot 2026-04-19 at 3-56-10 PM_png.rf.BzOy8CUkbd34kFhrWp1y.png,1550,850,Microplastic,688,524,720,553
Screenshot 2026-04-19 at 3-56-10 PM_png.rf.BzOy8CUkbd34kFhrWp1y.png,1550,850,Microplastic,250,742,270,764
Screenshot 2026-04-19 at 3-56-10 PM_png.rf.BzOy8CUkbd34kFhrWp1y.png,1550,850,Microplastic,338,420,379,457
Screenshot 2026-04-19 at 3-56-10 PM_png.rf.BzOy8CUkbd34kFhrWp1y.png,1550,850,Microplastic,769,372,791,395
Screenshot 2026-04-19 at 3-56-10 PM_png.rf.BzOy8CUkbd34kFhrWp1y.png,1550,850,Microplastic,1182,245,1228,277
Screenshot 2026-04-19 at 3-56-10 PM_png.rf.BzOy8CUkbd34kFhrWp1y.png,1550,850,Microplastic,1346,147,1397,214
Screenshot 2026-04-19 at 3-56-10 PM_png.rf.BzOy8CUkbd34kFhrWp1y.png,1550,850,Microplastic,1133,280,1163,309
Screenshot 2026-04-19 at 3-56-10 PM_png.rf.BzOy8CUkbd34kFhrWp1y.png,1550,850,Microplastic,1368,113,1388,135
Screenshot 2026-04-19 at 3-56-10 PM_png.rf.BzOy8CUkbd34kFhrWp1y.png,1550,850,Microplastic,344,206,376,235
Screenshot 2026-04-19 at 3-56-10 PM_png.rf.BzOy8CUkbd34kFhrWp1y.png,1550,850,Microplastic,460,274,513,324
Screenshot 2026-04-19 at 3-56-10 PM_png.rf.BzOy8CUkbd34kFhrWp1y.png,1550,850,Microplastic,425,482,451,509
Screenshot 2026-04-19 at 3-56-10 PM_png.rf.BzOy8CUkbd34kFhrWp1y.png,1550,850,Microplastic,1116,15,1320,211
Screenshot 2026-04-19 at 3-56-10 PM_png.rf.BzOy8CUkbd34kFhrWp1y.png,1550,850,Microplastic,1379,85,1550,788
Screenshot 2026-04-19 at 3-56-10 PM_png.rf.BzOy8CUkbd34kFhrWp1y.png,1550,850,Microplastic,982,321,1449,818
Screenshot 2026-04-19 at 4-04-21 PM_png.rf.C07tiW3umR1RoBljimfX.png,1554,826,Microplastic,311,490,343,523
Screenshot 2026-04-19 at 4-04-21 PM_png.rf.C07tiW3umR1RoBljimfX.png,1554,826,Microplastic,305,641,331,668
Screenshot 2026-04-19 at 4-04-21 PM_png.rf.C07tiW3umR1RoBljimfX.png,1554,826,Microplastic,910,542,937,576
Screenshot 2026-04-19 at 4-04-21 PM_png.rf.C07tiW3umR1RoBljimfX.png,1554,826,Microplastic,609,732,636,768
Screenshot 2026-04-19 at 4-04-21 PM_png.rf.C07tiW3umR1RoBljimfX.png,1554,826,Microplastic,540,737,573,780
Screenshot 2026-04-19 at 4-04-21 PM_png.rf.C07tiW3umR1RoBljimfX.png,1554,826,Microplastic,1381,744,1418,780
Screenshot 2026-04-19 at 4-04-21 PM_png.rf.C07tiW3umR1RoBljimfX.png,1554,826,Microplastic,981,139,1008,168
Screenshot 2026-04-19 at 4-04-21 PM_png.rf.C07tiW3umR1RoBljimfX.png,1554,826,Microplastic,1235,344,1278,385
Screenshot 2026-04-19 at 4-04-21 PM_png.rf.C07tiW3umR1RoBljimfX.png,1554,826,Microplastic,904,156,935,188
Screenshot 2026-04-19 at 4-04-21 PM_png.rf.C07tiW3umR1RoBljimfX.png,1554,826,Microplastic,1514,307,1547,339
Screenshot 2026-04-19 at 4-04-21 PM_png.rf.C07tiW3umR1RoBljimfX.png,1554,826,Microplastic,854,2,882,28
Screenshot 2026-04-19 at 4-04-21 PM_png.rf.C07tiW3umR1RoBljimfX.png,1554,826,Microplastic,8,538,31,566
Screenshot 2026-04-19 at 4-04-21 PM_png.rf.C07tiW3umR1RoBljimfX.png,1554,826,Microplastic,741,294,766,319
Screenshot 2026-04-19 at 4-04-21 PM_png.rf.C07tiW3umR1RoBljimfX.png,1554,826,Microplastic,1045,608,1070,642
Screenshot 2026-04-19 at 4-04-21 PM_png.rf.C07tiW3umR1RoBljimfX.png,1554,826,Microplastic,433,566,454,590
Screenshot 2026-04-19 at 4-04-21 PM_png.rf.C07tiW3umR1RoBljimfX.png,1554,826,Microplastic,520,598,567,638
Screenshot 2026-04-19 at 4-04-21 PM_png.rf.C07tiW3umR1RoBljimfX.png,1554,826,Microplastic,1231,593,1254,622
Screenshot 2026-04-19 at 4-04-21 PM_png.rf.C07tiW3umR1RoBljimfX.png,1554,826,Microplastic,816,138,841,167
Screenshot 2026-04-19 at 4-04-21 PM_png.rf.C07tiW3umR1RoBljimfX.png,1554,826,Microplastic,744,341,769,368
Screenshot 2026-04-19 at 4-04-21 PM_png.rf.C07tiW3umR1RoBljimfX.png,1554,826,Microplastic,706,244,734,273
Screenshot 2026-04-19 at 4-04-21 PM_png.rf.C07tiW3umR1RoBljimfX.png,1554,826,Microplastic,1544,467,1554,495
Screenshot 2026-04-19 at 4-04-21 PM_png.rf.C07tiW3umR1RoBljimfX.png,1554,826,Microplastic,518,471,551,497
Screenshot 2026-04-19 at 4-04-21 PM_png.rf.C07tiW3umR1RoBljimfX.png,1554,826,Microplastic,606,72,631,104
Screenshot 2026-04-19 at 4-04-21 PM_png.rf.C07tiW3umR1RoBljimfX.png,1554,826,Microplastic,883,322,935,362
Screenshot 2026-04-19 at 4-04-21 PM_png.rf.C07tiW3umR1RoBljimfX.png,1554,826,Microplastic,503,123,533,155
Screenshot 2026-04-19 at 4-04-21 PM_png.rf.C07tiW3umR1RoBljimfX.png,1554,826,Microplastic,1405,682,1424,705
Screenshot 2026-04-19 at 4-04-21 PM_png.rf.C07tiW3umR1RoBljimfX.png,1554,826,Microplastic,816,203,872,267
Screenshot 2026-04-19 at 4-04-21 PM_png.rf.C07tiW3umR1RoBljimfX.png,1554,826,Microplastic,1195,568,1219,599
Screenshot 2026-04-19 at 4-04-21 PM_png.rf.C07tiW3umR1RoBljimfX.png,1554,826,Microplastic,280,77,302,102
Screenshot 2026-04-19 at 4-04-21 PM_png.rf.C07tiW3umR1RoBljimfX.png,1554,826,Microplastic,989,303,1010,332
Screenshot 2026-04-19 at 4-04-21 PM_png.rf.C07tiW3umR1RoBljimfX.png,1554,826,Microplastic,75,408,145,478
Screenshot 2026-04-19 at 4-04-21 PM_png.rf.C07tiW3umR1RoBljimfX.png,1554,826,Microplastic,455,338,484,369
Screenshot 2026-04-19 at 4-04-21 PM_png.rf.C07tiW3umR1RoBljimfX.png,1554,826,Microplastic,124,789,153,821
Screenshot 2026-04-19 at 4-04-21 PM_png.rf.C07tiW3umR1RoBljimfX.png,1554,826,Microplastic,1321,666,1342,691
Screenshot 2026-04-19 at 4-04-21 PM_png.rf.C07tiW3umR1RoBljimfX.png,1554,826,Microplastic,1380,10,1404,36
Screenshot 2026-04-19 at 4-04-21 PM_png.rf.C07tiW3umR1RoBljimfX.png,1554,826,Microplastic,532,93,567,131
Screenshot 2026-04-19 at 4-04-21 PM_png.rf.C07tiW3umR1RoBljimfX.png,1554,826,Microplastic,746,415,775,441
Screenshot 2026-04-19 at 4-04-21 PM_png.rf.C07tiW3umR1RoBljimfX.png,1554,826,Microplastic,1525,633,1551,667
Screenshot 2026-04-19 at 4-04-21 PM_png.rf.C07tiW3umR1RoBljimfX.png,1554,826,Microplastic,1310,137,1367,200
Screenshot 2026-04-19 at 4-04-21 PM_png.rf.C07tiW3umR1RoBljimfX.png,1554,826,Microplastic,584,754,605,790
Screenshot 2026-04-19 at 4-04-21 PM_png.rf.C07tiW3umR1RoBljimfX.png,1554,826,Microplastic,1094,174,1142,206
Screenshot 2026-04-19 at 4-04-21 PM_png.rf.C07tiW3umR1RoBljimfX.png,1554,826,Microplastic,1428,98,1478,157
Screenshot 2026-04-19 at 4-04-21 PM_png.rf.C07tiW3umR1RoBljimfX.png,1554,826,Microplastic,794,481,828,515
Screenshot 2026-04-19 at 4-04-21 PM_png.rf.C07tiW3umR1RoBljimfX.png,1554,826,Microplastic,1386,392,1407,417
Screenshot 2026-04-19 at 4-04-21 PM_png.rf.C07tiW3umR1RoBljimfX.png,1554,826,Microplastic,1295,668,1315,694
Screenshot 2026-04-19 at 4-04-21 PM_png.rf.C07tiW3umR1RoBljimfX.png,1554,826,Microplastic,98,185,127,209
Screenshot 2026-04-19 at 4-04-21 PM_png.rf.C07tiW3umR1RoBljimfX.png,1554,826,Microplastic,611,776,635,809
Screenshot 2026-04-19 at 4-04-21 PM_png.rf.C07tiW3umR1RoBljimfX.png,1554,826,Microplastic,39,485,57,505
Screenshot 2026-04-19 at 4-04-21 PM_png.rf.C07tiW3umR1RoBljimfX.png,1554,826,Microplastic,1196,317,1227,348
Screenshot 2026-04-19 at 4-04-21 PM_png.rf.C07tiW3umR1RoBljimfX.png,1554,826,Microplastic,808,369,839,433
Screenshot 2026-04-19 at 4-04-21 PM_png.rf.C07tiW3umR1RoBljimfX.png,1554,826,Microplastic,1084,288,1123,319
Screenshot 2026-04-19 at 4-04-21 PM_png.rf.C07tiW3umR1RoBljimfX.png,1554,826,Microplastic,834,724,918,800
Screenshot 2026-04-19 at 4-04-21 PM_png.rf.C07tiW3umR1RoBljimfX.png,1554,826,Microplastic,735,0,758,23
Screenshot 2026-04-19 at 4-04-21 PM_png.rf.C07tiW3umR1RoBljimfX.png,1554,826,Microplastic,698,134,741,170
Screenshot 2026-04-19 at 4-04-21 PM_png.rf.C07tiW3umR1RoBljimfX.png,1554,826,Microplastic,1488,619,1516,651
Screenshot 2026-04-19 at 4-04-21 PM_png.rf.C07tiW3umR1RoBljimfX.png,1554,826,Microplastic,1321,718,1344,746
Screenshot 2026-04-19 at 4-04-21 PM_png.rf.C07tiW3umR1RoBljimfX.png,1554,826,Microplastic,606,193,638,231
Screenshot 2026-04-19 at 4-04-21 PM_png.rf.C07tiW3umR1RoBljimfX.png,1554,826,Microplastic,1196,98,1229,135
Screenshot 2026-04-19 at 4-04-21 PM_png.rf.C07tiW3umR1RoBljimfX.png,1554,826,Microplastic,1190,218,1232,251
Screenshot 2026-04-19 at 4-04-21 PM_png.rf.C07tiW3umR1RoBljimfX.png,1554,826,Microplastic,1543,563,1554,590
Screenshot 2026-04-19 at 4-04-21 PM_png.rf.C07tiW3umR1RoBljimfX.png,1554,826,Microplastic,38,616,64,643
Screenshot 2026-04-19 at 4-04-21 PM_png.rf.C07tiW3umR1RoBljimfX.png,1554,826,Microplastic,483,300,508,327
Screenshot 2026-04-19 at 4-04-21 PM_png.rf.C07tiW3umR1RoBljimfX.png,1554,826,Microplastic,770,72,811,118
Screenshot 2026-04-19 at 4-04-21 PM_png.rf.C07tiW3umR1RoBljimfX.png,1554,826,Microplastic,1077,751,1105,783
Screenshot 2026-04-19 at 4-04-21 PM_png.rf.C07tiW3umR1RoBljimfX.png,1554,826,Microplastic,436,283,456,303
Screenshot 2026-04-19 at 4-04-21 PM_png.rf.C07tiW3umR1RoBljimfX.png,1554,826,Microplastic,528,159,585,208
Screenshot 2026-04-19 at 4-04-21 PM_png.rf.C07tiW3umR1RoBljimfX.png,1554,826,Microplastic,1519,62,1546,85
Screenshot 2026-04-19 at 4-04-21 PM_png.rf.C07tiW3umR1RoBljimfX.png,1554,826,Microplastic,1508,0,1551,40
Screenshot 2026-04-19 at 3-57-03 PM_png.rf.CEEnyn6wL3acEPxObrzf.png,1558,816,Microplastic,1407,264,1435,289
Screenshot 2026-04-19 at 3-57-03 PM_png.rf.CEEnyn6wL3acEPxObrzf.png,1558,816,Microplastic,980,415,1041,500
Screenshot 2026-04-19 at 3-57-03 PM_png.rf.CEEnyn6wL3acEPxObrzf.png,1558,816,Microplastic,1161,37,1197,71
Screenshot 2026-04-19 at 3-57-03 PM_png.rf.CEEnyn6wL3acEPxObrzf.png,1558,816,Microplastic,1001,583,1044,667

91_jpg.rf.KgDXfvgKIsETlrKJUOsZ.jpg,563,537,Microplastic,103,30,128,55
91_jpg.rf.KgDXfvgKIsETlrKJUOsZ.jpg,563,537,Microplastic,245,32,277,73
91_jpg.rf.KgDXfvgKIsETlrKJUOsZ.jpg,563,537,Microplastic,302,75,334,105
91_jpg.rf.KgDXfvgKIsETlrKJUOsZ.jpg,563,537,Microplastic,208,82,234,108
91_jpg.rf.KgDXfvgKIsETlrKJUOsZ.jpg,563,537,Microplastic,342,95,381,118
91_jpg.rf.KgDXfvgKIsETlrKJUOsZ.jpg,563,537,Microplastic,58,105,84,126
91_jpg.rf.KgDXfvgKIsETlrKJUOsZ.jpg,563,537,Microplastic,129,115,153,137
91_jpg.rf.KgDXfvgKIsETlrKJUOsZ.jpg,563,537,Microplastic,26,148,44,173
91_jpg.rf.KgDXfvgKIsETlrKJUOsZ.jpg,563,537,Microplastic,335,210,360,238
91_jpg.rf.KgDXfvgKIsETlrKJUOsZ.jpg,563,537,Microplastic,282,244,314,275
91_jpg.rf.KgDXfvgKIsETlrKJUOsZ.jpg,563,537,Microplastic,345,250,371,270
91_jpg.rf.KgDXfvgKIsETlrKJUOsZ.jpg,563,537,Microplastic,282,280,305,301
91_jpg.rf.KgDXfvgKIsETlrKJUOsZ.jpg,563,537,Microplastic,123,285,144,307
91_jpg.rf.KgDXfvgKIsETlrKJUOsZ.jpg,563,537,Microplastic,7,439,29,460
90_jpg.rf.I3j3xTcSIe5pSeuU5CUa.jpg,563,537,Microplastic,267,34,294,53
90_jpg.rf.I3j3xTcSIe5pSeuU5CUa.jpg,563,537,Microplastic,276,74,293,87
90_jpg.rf.I3j3xTcSIe5pSeuU5CUa.jpg,563,537,Microplastic,237,67,256,97
90_jpg.rf.I3j3xTcSIe5pSeuU5CUa.jpg,563,537,Microplastic,66,79,84,96
90_jpg.rf.I3j3xTcSIe5pSeuU5CUa.jpg,563,537,Microplastic,211,75,233,106
90_jpg.rf.I3j3xTcSIe5pSeuU5CUa.jpg,563,537,Microplastic,92,128,106,143
90_jpg.rf.I3j3xTcSIe5pSeuU5CUa.jpg,563,537,Microplastic,2,152,25,172
90_jpg.rf.I3j3xTcSIe5pSeuU5CUa.jpg,563,537,Microplastic,65,172,85,190
90_jpg.rf.I3j3xTcSIe5pSeuU5CUa.jpg,563,537,Microplastic,220,237,239,262
90_jpg.rf.I3j3xTcSIe5pSeuU5CUa.jpg,563,537,Microplastic,147,249,176,280
90_jpg.rf.I3j3xTcSIe5pSeuU5CUa.jpg,563,537,Microplastic,0,253,38,307
90_jpg.rf.I3j3xTcSIe5pSeuU5CUa.jpg,563,537,Microplastic,322,328,343,357
90_jpg.rf.I3j3xTcSIe5pSeuU5CUa.jpg,563,537,Microplastic,93,352,112,376
90_jpg.rf.I3j3xTcSIe5pSeuU5CUa.jpg,563,537,Microplastic,277,437,300,462
90_jpg.rf.I3j3xTcSIe5pSeuU5CUa.jpg,563,537,Microplastic,233,447,265,465
90_jpg.rf.I3j3xTcSIe5pSeuU5CUa.jpg,563,537,Microplastic,38,525,56,536
89_jpg.rf.b1dPIxqTEuiogU3UpnrH.jpg,563,537,Microplastic,176,38,190,55
89_jpg.rf.b1dPIxqTEuiogU3UpnrH.jpg,563,537,Microplastic,217,47,235,63
89_jpg.rf.b1dPIxqTEuiogU3UpnrH.jpg,563,537,Microplastic,269,55,284,78
89_jpg.rf.b1dPIxqTEuiogU3UpnrH.jpg,563,537,Microplastic,197,77,214,93
89_jpg.rf.b1dPIxqTEuiogU3UpnrH.jpg,563,537,Microplastic,265,136,291,162
89_jpg.rf.b1dPIxqTEuiogU3UpnrH.jpg,563,537,Microplastic,144,158,168,188
89_jpg.rf.b1dPIxqTEuiogU3UpnrH.jpg,563,537,Microplastic,318,232,357,287
89_jpg.rf.b1dPIxqTEuiogU3UpnrH.jpg,563,537,Microplastic,148,273,164,290
89_jpg.rf.b1dPIxqTEuiogU3UpnrH.jpg,563,537,Microplastic,182,272,200,291
89_jpg.rf.b1dPIxqTEuiogU3UpnrH.jpg,563,537,Microplastic,46,291,65,309
89_jpg.rf.b1dPIxqTEuiogU3UpnrH.jpg,563,537,Microplastic,290,305,301,322
89_jpg.rf.b1dPIxqTEuiogU3UpnrH.jpg,563,537,Microplastic,304,315,321,330
89_jpg.rf.b1dPIxqTEuiogU3UpnrH.jpg,563,537,Microplastic,145,364,158,385
89_jpg.rf.b1dPIxqTEuiogU3UpnrH.jpg,563,537,Microplastic,268,369,285,386
89_jpg.rf.b1dPIxqTEuiogU3UpnrH.jpg,563,537,Microplastic,356,456,380,487
89_jpg.rf.b1dPIxqTEuiogU3UpnrH.jpg,563,537,Microplastic,383,498,401,518
89_jpg.rf.b1dPIxqTEuiogU3UpnrH.jpg,563,537,Microplastic,373,507,385,529
89_jpg.rf.b1dPIxqTEuiogU3UpnrH.jpg,563,537,Microplastic,356,522,373,536
96_jpg.rf.JcZE8i4OObVd9Gr1cTE1.jpg,563,537,Microplastic,237,64,253,83
96_jpg.rf.JcZE8i4OObVd9Gr1cTE1.jpg,563,537,Microplastic,143,130,159,144
96_jpg.rf.JcZE8i4OObVd9Gr1cTE1.jpg,563,537,Microplastic,400,148,442,169
96_jpg.rf.JcZE8i4OObVd9Gr1cTE1.jpg,563,537,Microplastic,157,161,172,175
96_jpg.rf.JcZE8i4OObVd9Gr1cTE1.jpg,563,537,Microplastic,460,162,473,176
96_jpg.rf.JcZE8i4OObVd9Gr1cTE1.jpg,563,537,Microplastic,382,200,392,216
96_jpg.rf.JcZE8i4OObVd9Gr1cTE1.jpg,563,537,Microplastic,314,205,327,215
96_jpg.rf.JcZE8i4OObVd9Gr1cTE1.jpg,563,537,Microplastic,37,210,49,228
96_jpg.rf.JcZE8i4OObVd9Gr1cTE1.jpg,563,537,Microplastic,268,251,274,261
96_jpg.rf.JcZE8i4OObVd9Gr1cTE1.jpg,563,537,Microplastic,274,270,283,283
96_jpg.rf.JcZE8i4OObVd9Gr1cTE1.jpg,563,537,Microplastic,332,280,355,306
96_jpg.rf.JcZE8i4OObVd9Gr1cTE1.jpg,563,537,Microplastic,42,303,54,320
96_jpg.rf.JcZE8i4OObVd9Gr1cTE1.jpg,563,537,Microplastic,389,309,408,329
96_jpg.rf.JcZE8i4OObVd9Gr1cTE1.jpg,563,537,Microplastic,280,310,306,335
96_jpg.rf.JcZE8i4OObVd9Gr1cTE1.jpg,563,537,Microplastic,121,315,137,336
96_jpg.rf.JcZE8i4OObVd9Gr1cTE1.jpg,563,537,Microplastic,235,359,264,373
96_jpg.rf.JcZE8i4OObVd9Gr1cTE1.jpg,563,537,Microplastic,397,382,415,403
96_jpg.rf.JcZE8i4OObVd9Gr1cTE1.jpg,563,537,Microplastic,90,388,109,403
96_jpg.rf.JcZE8i4OObVd9Gr1cTE1.jpg,563,537,Microplastic,37,396,51,413
96_jpg.rf.JcZE8i4OObVd9Gr1cTE1.jpg,563,537,Microplastic,74,407,97,425
74_jpg.rf.aoIUMLIciiRoHV46mG2D.jpg,563,537,Microplastic,185,0,230,10
74_jpg.rf.aoIUMLIciiRoHV46mG2D.jpg,563,537,Microplastic,55,0,82,14
74_jpg.rf.aoIUMLIciiRoHV46mG2D.jpg,563,537,Microplastic,64,90,90,108
74_jpg.rf.aoIUMLIciiRoHV46mG2D.jpg,563,537,Microplastic,312,104,348,134
74_jpg.rf.aoIUMLIciiRoHV46mG2D.jpg,563,537,Microplastic,355,127,375,157
74_jpg.rf.aoIUMLIciiRoHV46mG2D.jpg,563,537,Microplastic,289,137,308,170
74_jpg.rf.aoIUMLIciiRoHV46mG2D.jpg,563,537,Microplastic,244,187,262,204
74_jpg.rf.aoIUMLIciiRoHV46mG2D.jpg,563,537,Microplastic,117,225,133,241
74_jpg.rf.aoIUMLIciiRoHV46mG2D.jpg,563,537,Microplastic,249,227,268,241
74_jpg.rf.aoIUMLIciiRoHV46mG2D.jpg,563,537,Microplastic,302,220,322,252
74_jpg.rf.aoIUMLIciiRoHV46mG2D.jpg,563,537,Microplastic,24,252,50,283
74_jpg.rf.aoIUMLIciiRoHV46mG2D.jpg,563,537,Microplastic,42,290,68,320
74_jpg.rf.aoIUMLIciiRoHV46mG2D.jpg,563,537,Microplastic,275,394,303,419
74_jpg.rf.aoIUMLIciiRoHV46mG2D.jpg,563,537,Microplastic,250,400,276,433
74_jpg.rf.aoIUMLIciiRoHV46mG2D.jpg,563,537,Microplastic,129,425,155,449
76_jpg.rf.HGE2H6IikDJMoM2Qi2Y0.jpg,563,537,Microplastic,217,51,235,76
76_jpg.rf.HGE2H6IikDJMoM2Qi2Y0.jpg,563,537,Microplastic,318,72,339,97
76_jpg.rf.HGE2H6IikDJMoM2Qi2Y0.jpg,563,537,Microplastic,352,93,378,116
76_jpg.rf.HGE2H6IikDJMoM2Qi2Y0.jpg,563,537,Microplastic,97,109,132,148
76_jpg.rf.HGE2H6IikDJMoM2Qi2Y0.jpg,563,537,Microplastic,174,165,200,190
76_jpg.rf.HGE2H6IikDJMoM2Qi2Y0.jpg,563,537,Microplastic,262,179,276,200
76_jpg.rf.HGE2H6IikDJMoM2Qi2Y0.jpg,563,537,Microplastic,402,182,431,212
76_jpg.rf.HGE2H6IikDJMoM2Qi2Y0.jpg,563,537,Microplastic,207,228,227,251
76_jpg.rf.HGE2H6IikDJMoM2Qi2Y0.jpg,563,537,Microplastic,379,257,400,281
76_jpg.rf.HGE2H6IikDJMoM2Qi2Y0.jpg,563,537,Microplastic,17,299,42,322
76_jpg.rf.HGE2H6IikDJMoM2Qi2Y0.jpg,563,537,Microplastic,22,318,43,344
76_jpg.rf.HGE2H6IikDJMoM2Qi2Y0.jpg,563,537,Microplastic,160,428,185,454
98_jpg.rf.dKoQ3MxNq4zoQA48Bda5.jpg,563,537,Microplastic,0,5,8,22
98_jpg.rf.dKoQ3MxNq4zoQA48Bda5.jpg,563,537,Microplastic,170,34,182,52
98_jpg.rf.dKoQ3MxNq4zoQA48Bda5.jpg,563,537,Microplastic,248,35,266,51
98_jpg.rf.dKoQ3MxNq4zoQA48Bda5.jpg,563,537,Microplastic,153,50,166,66
98_jpg.rf.dKoQ3MxNq4zoQA48Bda5.jpg,563,537,Microplastic,171,88,187,108
98_jpg.rf.dKoQ3MxNq4zoQA48Bda5.jpg,563,537,Microplastic,12,94,34,115
98_jpg.rf.dKoQ3MxNq4zoQA48Bda5.jpg,563,537,Microplastic,155,103,167,122
98_jpg.rf.dKoQ3MxNq4zoQA48Bda5.jpg,563,537,Microplastic,93,102,112,126
98_jpg.rf.dKoQ3MxNq4zoQA48Bda5.jpg,563,537,Microplastic,160,152,181,178
98_jpg.rf.dKoQ3MxNq4zoQA48Bda5.jpg,563,537,Microplastic,136,162,154,186
98_jpg.rf.dKoQ3MxNq4zoQA48Bda5.jpg,563,537,Microplastic,236,185,254,208
98_jpg.rf.dKoQ3MxNq4zoQA48Bda5.jpg,563,537,Microplastic,1,230,31,252
98_jpg.rf.dKoQ3MxNq4zoQA48Bda5.jpg,563,537,Microplastic,60,239,86,264
98_jpg.rf.dKoQ3MxNq4zoQA48Bda5.jpg,563,537,Microplastic,1,302,24,319
98_jpg.rf.dKoQ3MxNq4zoQA48Bda5.jpg,563,537,Microplastic,81,388,105,412
98_jpg.rf.dKoQ3MxNq4zoQA48Bda5.jpg,563,537,Microplastic,23,417,45,438
98_jpg.rf.dKoQ3MxNq4zoQA48Bda5.jpg,563,537,Microplastic,225,435,247,463
a--95-_jpg.rf.uPbCCiVov6NcKQJ7HS4s.jpg,563,537,Microplastic,252,0,315,68
a--95-_jpg.rf.uPbCCiVov6NcKQJ7HS4s.jpg,563,537,Microplastic,152,72,244,144
a--95-_jpg.rf.uPbCCiVov6NcKQJ7HS4s.jpg,563,537,Microplastic,362,154,451,240
a--95-_jpg.rf.uPbCCiVov6NcKQJ7HS4s.jpg,563,537,Microplastic,258,262,335,336
a--95-_jpg.rf.uPbCCiVov6NcKQJ7HS4s.jpg,563,537,Microplastic,248,387,340,455
b--130-_jpg.rf.KXTsMCz8SmBVtWeyKWTp.jpg,563,537,Microplastic,335,14,374,44
b--130-_jpg.rf.KXTsMCz8SmBVtWeyKWTp.jpg,563,537,Microplastic,250,67,288,97
b--130-_jpg.rf.KXTsMCz8SmBVtWeyKWTp.jpg,563,537,Microplastic,144,159,198,184
b--130-_jpg.rf.KXTsMCz8SmBVtWeyKWTp.jpg,563,537,Microplastic,315,164,345,194
b--130-_jpg.rf.KXTsMCz8SmBVtWeyKWTp.jpg,563,537,Microplastic,185,215,214,244
b--130-_jpg.rf.KXTsMCz8SmBVtWeyKWTp.jpg,563,537,Microplastic,59,204,120,270
b--130-_jpg.rf.KXTsMCz8SmBVtWeyKWTp.jpg,563,537,Microplastic,365,207,414,271
b--130-_jpg.rf.KXTsMCz8SmBVtWeyKWTp.jpg,563,537,Microplastic,279,247,302,280
b--130-_jpg.rf.KXTsMCz8SmBVtWeyKWTp.jpg,563,537,Microplastic,430,280,459,323
b--130-_jpg.rf.KXTsMCz8SmBVtWeyKWTp.jpg,563,537,Microplastic,20,317,40,340
b--130-_jpg.rf.KXTsMCz8SmBVtWeyKWTp.jpg,563,537,Microplastic,500,355,533,379
b--130-_jpg.rf.KXTsMCz8SmBVtWeyKWTp.jpg,563,537,Microplastic,335,374,358,401
b--130-_jpg.rf.KXTsMCz8SmBVtWeyKWTp.jpg,563,537,Microplastic,280,407,319,447
b--130-_jpg.rf.KXTsMCz8SmBVtWeyKWTp.jpg,563,537,Microplastic,120,420,212,469
b--130-_jpg.rf.KXTsMCz8SmBVtWeyKWTp.jpg,563,537,Microplastic,404,529,432,536
a--81-_jpg.rf.xFWuBGbG2JyxlnhpwQ7C.jpg,563,537,Microplastic,246,181,316,262
a--81-_jpg.rf.xFWuBGbG2JyxlnhpwQ7C.jpg,563,537,Microplastic,364,219,465,311
a--81-_jpg.rf.xFWuBGbG2JyxlnhpwQ7C.jpg,563,537,Microplastic,147,262,220,331
a--81-_jpg.rf.xFWuBGbG2JyxlnhpwQ7C.jpg,563,537,Microplastic,211,314,262,370
a--81-_jpg.rf.xFWuBGbG2JyxlnhpwQ7C.jpg,563,537,Microplastic,381,346,440,412
a--94-_jpg.rf.Sh9pdJfcHpjfoTcBWz9C.jpg,563,537,Microplastic,242,67,334,139
a--94-_jpg.rf.Sh9pdJfcHpjfoTcBWz9C.jpg,563,537,Microplastic,139,212,209,283
a--94-_jpg.rf.Sh9pdJfcHpjfoTcBWz9C.jpg,563,537,Microplastic,34,300,131,392
a--94-_jpg.rf.Sh9pdJfcHpjfoTcBWz9C.jpg,563,537,Microplastic,246,276,344,359
a--94-_jpg.rf.Sh9pdJfcHpjfoTcBWz9C.jpg,563,537,Microplastic,343,432,398,495
f--4-_jpg.rf.5Qz6KV7hyHviCrJGi145.jpg,563,537,Microplastic,6,67,91,153
f--4-_jpg.rf.5Qz6KV7hyHviCrJGi145.jpg,563,537,Microplastic,218,150,260,190
f--4-_jpg.rf.5Qz6KV7hyHviCrJGi145.jpg,563,537,Microplastic,97,209,169,237
f--4-_jpg.rf.5Qz6KV7hyHviCrJGi145.jpg,563,537,Microplastic,538,269,562,310
f--4-_jpg.rf.5Qz6KV7hyHviCrJGi145.jpg,563,537,Microplastic,541,322,562,348
f--4-_jpg.rf.5Qz6KV7hyHviCrJGi145.jpg,563,537,Microplastic,486,335,529,382
f--65-_jpg.rf.6QHI7mstpvexEKum70PZ.jpg,563,537,Microplastic,117,0,180,67
f--65-_jpg.rf.6QHI7mstpvexEKum70PZ.jpg,563,537,Microplastic,362,37,404,78
f--65-_jpg.rf.6QHI7mstpvexEKum70PZ.jpg,563,537,Microplastic,365,245,421,319
f--65-_jpg.rf.6QHI7mstpvexEKum70PZ.jpg,563,537,Microplastic,24,434,62,475
f--65-_jpg.rf.6QHI7mstpvexEKum70PZ.jpg,563,537,Microplastic,392,427,445,510
f--65-_jpg.rf.6QHI7mstpvexEKum70PZ.jpg,563,537,Microplastic,234,527,259,536
7_jpg.rf.ZrbWILIQcr4qOzo2F6HX.jpg,563,537,Microplastic,309,2,329,20
7_jpg.rf.ZrbWILIQcr4qOzo2F6HX.jpg,563,537,Microplastic,284,45,304,65
7_jpg.rf.ZrbWILIQcr4qOzo2F6HX.jpg,563,537,Microplastic,135,74,164,102
7_jpg.rf.ZrbWILIQcr4qOzo2F6HX.jpg,563,537,Microplastic,197,107,228,137
7_jpg.rf.ZrbWILIQcr4qOzo2F6HX.jpg,563,537,Microplastic,490,134,509,162
7_jpg.rf.ZrbWILIQcr4qOzo2F6HX.jpg,563,537,Microplastic,359,170,383,193
7_jpg.rf.ZrbWILIQcr4qOzo2F6HX.jpg,563,537,Microplastic,82,175,95,196
7_jpg.rf.ZrbWILIQcr4qOzo2F6HX.jpg,563,537,Microplastic,330,195,351,217
7_jpg.rf.ZrbWILIQcr4qOzo2F6HX.jpg,563,537,Microplastic,29,199,58,223
7_jpg.rf.ZrbWILIQcr4qOzo2F6HX.jpg,563,537,Microplastic,292,207,314,236
7_jpg.rf.ZrbWILIQcr4qOzo2F6HX.jpg,563,537,Microplastic,82,220,95,244
7_jpg.rf.ZrbWILIQcr4qOzo2F6HX.jpg,563,537,Microplastic,355,220,378,246
7_jpg.rf.ZrbWILIQcr4qOzo2F6HX.jpg,563,537,Microplastic,25,240,49,262
7_jpg.rf.ZrbWILIQcr4qOzo2F6HX.jpg,563,537,Microplastic,392,240,414,262
7_jpg.rf.ZrbWILIQcr4qOzo2F6HX.jpg,563,537,Microplastic,125,244,138,260
7_jpg.rf.ZrbWILIQcr4qOzo2F6HX.jpg,563,537,Microplastic,413,247,436,271
7_jpg.rf.ZrbWILIQcr4qOzo2F6HX.jpg,563,537,Microplastic,84,257,104,270
7_jpg.rf.ZrbWILIQcr4qOzo2F6HX.jpg,563,537,Microplastic,67,262,79,278
7_jpg.rf.ZrbWILIQcr4qOzo2F6HX.jpg,563,537,Microplastic,340,274,362,298
7_jpg.rf.ZrbWILIQcr4qOzo2F6HX.jpg,563,537,Microplastic,235,294,250,314
7_jpg.rf.ZrbWILIQcr4qOzo2F6HX.jpg,563,537,Microplastic,49,312,63,344
7_jpg.rf.ZrbWILIQcr4qOzo2F6HX.jpg,563,537,Microplastic,309,327,334,345
7_jpg.rf.ZrbWILIQcr4qOzo2F6HX.jpg,563,537,Microplastic,0,347,29,370
7_jpg.rf.ZrbWILIQcr4qOzo2F6HX.jpg,563,537,Microplastic,54,347,76,380
7_jpg.rf.ZrbWILIQcr4qOzo2F6HX.jpg,563,537,Microplastic,400,367,418,383
7_jpg.rf.ZrbWILIQcr4qOzo2F6HX.jpg,563,537,Microplastic,275,370,302,396
7_jpg.rf.ZrbWILIQcr4qOzo2F6HX.jpg,563,537,Microplastic,514,387,535,406
7_jpg.rf.ZrbWILIQcr4qOzo2F6HX.jpg,563,537,Microplastic,147,392,165,410
7_jpg.rf.ZrbWILIQcr4qOzo2F6HX.jpg,563,537,Microplastic,189,395,202,416
7_jpg.rf.ZrbWILIQcr4qOzo2F6HX.jpg,563,537,Microplastic,487,400,502,425
7_jpg.rf.ZrbWILIQcr4qOzo2F6HX.jpg,563,537,Microplastic,497,425,520,445
7_jpg.rf.ZrbWILIQcr4qOzo2F6HX.jpg,563,537,Microplastic,69,427,87,446
7_jpg.rf.ZrbWILIQcr4qOzo2F6HX.jpg,563,537,Microplastic,502,447,516,459
7_jpg.rf.ZrbWILIQcr4qOzo2F6HX.jpg,563,537,Microplastic,192,464,233,494
7_jpg.rf.ZrbWILIQcr4qOzo2F6HX.jpg,563,537,Microplastic,247,470,269,503
7_jpg.rf.ZrbWILIQcr4qOzo2F6HX.jpg,563,537,Microplastic,395,524,428,536
7_jpg.rf.ZrbWILIQcr4qOzo2F6HX.jpg,563,537,Microplastic,202,527,236,536
b--136-_jpg.rf.IHPP4uRsJGxj7FaUTCGc.jpg,563,537,Microplastic,175,0,213,34
b--136-_jpg.rf.IHPP4uRsJGxj7FaUTCGc.jpg,563,537,Microplastic,363,15,387,42
b--136-_jpg.rf.IHPP4uRsJGxj7FaUTCGc.jpg,563,537,Microplastic,193,30,218,54
b--136-_jpg.rf.IHPP4uRsJGxj7FaUTCGc.jpg,563,537,Microplastic,0,32,22,67
b--136-_jpg.rf.IHPP4uRsJGxj7FaUTCGc.jpg,563,537,Microplastic,169,93,196,116
b--136-_jpg.rf.IHPP4uRsJGxj7FaUTCGc.jpg,563,537,Microplastic,222,93,264,133
b--136-_jpg.rf.IHPP4uRsJGxj7FaUTCGc.jpg,563,537,Microplastic,186,104,209,128
b--136-_jpg.rf.IHPP4uRsJGxj7FaUTCGc.jpg,563,537,Microplastic,136,152,156,164
b--136-_jpg.rf.IHPP4uRsJGxj7FaUTCGc.jpg,563,537,Microplastic,273,147,295,172
b--136-_jpg.rf.IHPP4uRsJGxj7FaUTCGc.jpg,563,537,Microplastic,189,222,204,239
b--136-_jpg.rf.IHPP4uRsJGxj7FaUTCGc.jpg,563,537,Microplastic,200,233,222,250
b--136-_jpg.rf.IHPP4uRsJGxj7FaUTCGc.jpg,563,537,Microplastic,508,228,527,255
b--136-_jpg.rf.IHPP4uRsJGxj7FaUTCGc.jpg,563,537,Microplastic,207,266,222,278
b--136-_jpg.rf.IHPP4uRsJGxj7FaUTCGc.jpg,563,537,Microplastic,250,275,267,300
b--136-_jpg.rf.IHPP4uRsJGxj7FaUTCGc.jpg,563,537,Microplastic,190,314,234,349
b--136-_jpg.rf.IHPP4uRsJGxj7FaUTCGc.jpg,563,537,Microplastic,358,307,400,361
b--136-_jpg.rf.IHPP4uRsJGxj7FaUTCGc.jpg,563,537,Microplastic,448,316,486,364
b--136-_jpg.rf.IHPP4uRsJGxj7FaUTCGc.jpg,563,537,Microplastic,555,357,562,373
b--136-_jpg.rf.IHPP4uRsJGxj7FaUTCGc.jpg,563,537,Microplastic,18,384,41,410
b--136-_jpg.rf.IHPP4uRsJGxj7FaUTCGc.jpg,563,537,Microplastic,107,424,116,434
b--136-_jpg.rf.IHPP4uRsJGxj7FaUTCGc.jpg,563,537,Microplastic,207,470,235,498
b--136-_jpg.rf.IHPP4uRsJGxj7FaUTCGc.jpg,563,537,Microplastic,56,480,67,491
b--136-_jpg.rf.IHPP4uRsJGxj7FaUTCGc.jpg,563,537,Microplastic,108,480,177,519
9_jpg.rf.ecIf6PiuXcDSNwkRfbj8.jpg,563,537,Microplastic,285,0,302,9
9_jpg.rf.ecIf6PiuXcDSNwkRfbj8.jpg,563,537,Microplastic,318,51,331,61
9_jpg.rf.ecIf6PiuXcDSNwkRfbj8.jpg,563,537,Microplastic,169,58,198,84
9_jpg.rf.ecIf6PiuXcDSNwkRfbj8.jpg,563,537,Microplastic,339,78,360,104
9_jpg.rf.ecIf6PiuXcDSNwkRfbj8.jpg,563,537,Microplastic,170,88,192,113
9_jpg.rf.ecIf6PiuXcDSNwkRfbj8.jpg,563,537,Microplastic,197,105,219,126
9_jpg.rf.ecIf6PiuXcDSNwkRfbj8.jpg,563,537,Microplastic,235,135,256,156
9_jpg.rf.ecIf6PiuXcDSNwkRfbj8.jpg,563,537,Microplastic,524,152,541,164
9_jpg.rf.ecIf6PiuXcDSNwkRfbj8.jpg,563,537,Microplastic,491,191,502,208
9_jpg.rf.ecIf6PiuXcDSNwkRfbj8.jpg,563,537,Microplastic,161,192,182,215
9_jpg.rf.ecIf6PiuXcDSNwkRfbj8.jpg,563,537,Microplastic,115,218,131,238
9_jpg.rf.ecIf6PiuXcDSNwkRfbj8.jpg,563,537,Microplastic,500,218,530,243
9_jpg.rf.ecIf6PiuXcDSNwkRfbj8.jpg,563,537,Microplastic,261,229,277,245
9_jpg.rf.ecIf6PiuXcDSNwkRfbj8.jpg,563,537,Microplastic,238,230,254,257
9_jpg.rf.ecIf6PiuXcDSNwkRfbj8.jpg,563,537,Microplastic,424,258,438,272
9_jpg.rf.ecIf6PiuXcDSNwkRfbj8.jpg,563,537,Microplastic,474,261,496,284
9_jpg.rf.ecIf6PiuXcDSNwkRfbj8.jpg,563,537,Microplastic,385,291,398,310
9_jpg.rf.ecIf6PiuXcDSNwkRfbj8.jpg,563,537,Microplastic,110,304,129,321
9_jpg.rf.ecIf6PiuXcDSNwkRfbj8.jpg,563,537,Microplastic,454,320,468,337
9_jpg.rf.ecIf6PiuXcDSNwkRfbj8.jpg,563,537,Microplastic,30,323,69,361
9_jpg.rf.ecIf6PiuXcDSNwkRfbj8.jpg,563,537,Microplastic,82,331,108,354
9_jpg.rf.ecIf6PiuXcDSNwkRfbj8.jpg,563,537,Microplastic,76,355,93,375
9_jpg.rf.ecIf6PiuXcDSNwkRfbj8.jpg,563,537,Microplastic,364,380,395,420
9_jpg.rf.ecIf6PiuXcDSNwkRfbj8.jpg,563,537,Microplastic,283,395,307,418
9_jpg.rf.ecIf6PiuXcDSNwkRfbj8.jpg,563,537,Microplastic,314,399,333,420
9_jpg.rf.ecIf6PiuXcDSNwkRfbj8.jpg,563,537,Microplastic,433,402,453,424
9_jpg.rf.ecIf6PiuXcDSNwkRfbj8.jpg,563,537,Microplastic,97,468,115,484
9_jpg.rf.ecIf6PiuXcDSNwkRfbj8.jpg,563,537,Microplastic,21,483,39,500
9_jpg.rf.ecIf6PiuXcDSNwkRfbj8.jpg,563,537,Microplastic,330,480,350,509
9_jpg.rf.ecIf6PiuXcDSNwkRfbj8.jpg,563,537,Microplastic,62,482,92,511
9_jpg.rf.ecIf6PiuXcDSNwkRfbj8.jpg,563,537,Microplastic,85,511,112,530
9_jpg.rf.ecIf6PiuXcDSNwkRfbj8.jpg,563,537,Microplastic,314,528,342,536
b--121-_jpg.rf.zKJibGrX2XrOPWMvnsaz.jpg,563,537,Microplastic,214,0,232,16
b--121-_jpg.rf.zKJibGrX2XrOPWMvnsaz.jpg,563,537,Microplastic,231,0,263,17
b--121-_jpg.rf.zKJibGrX2XrOPWMvnsaz.jpg,563,537,Microplastic,315,0,346,46
b--121-_jpg.rf.zKJibGrX2XrOPWMvnsaz.jpg,563,537,Microplastic,0,45,20,91
b--121-_jpg.rf.zKJibGrX2XrOPWMvnsaz.jpg,563,537,Microplastic,59,92,84,112
b--121-_jpg.rf.zKJibGrX2XrOPWMvnsaz.jpg,563,537,Microplastic,389,152,425,184
b--121-_jpg.rf.zKJibGrX2XrOPWMvnsaz.jpg,563,537,Microplastic,160,159,176,184
b--121-_jpg.rf.zKJibGrX2XrOPWMvnsaz.jpg,563,537,Microplastic,117,175,151,209
b--121-_jpg.rf.zKJibGrX2XrOPWMvnsaz.jpg,563,537,Microplastic,317,214,337,231
b--121-_jpg.rf.zKJibGrX2XrOPWMvnsaz.jpg,563,537,Microplastic,162,200,197,260
b--121-_jpg.rf.zKJibGrX2XrOPWMvnsaz.jpg,563,537,Microplastic,269,254,290,283
b--121-_jpg.rf.zKJibGrX2XrOPWMvnsaz.jpg,563,537,Microplastic,325,260,346,279
b--121-_jpg.rf.zKJibGrX2XrOPWMvnsaz.jpg,563,537,Microplastic,109,267,143,308
b--121-_jpg.rf.zKJibGrX2XrOPWMvnsaz.jpg,563,537,Microplastic,137,274,164,302
b--121-_jpg.rf.zKJibGrX2XrOPWMvnsaz.jpg,563,537,Microplastic,409,284,445,330
b--121-_jpg.rf.zKJibGrX2XrOPWMvnsaz.jpg,563,537,Microplastic,187,297,224,330
b--121-_jpg.rf.zKJibGrX2XrOPWMvnsaz.jpg,563,537,Microplastic,104,310,126,340
b--121-_jpg.rf.zKJibGrX2XrOPWMvnsaz.jpg,563,537,Microplastic,320,309,351,351
b--121-_jpg.rf.zKJibGrX2XrOPWMvnsaz.jpg,563,537,Microplastic,289,360,315,389
b--121-_jpg.rf.zKJibGrX2XrOPWMvnsaz.jpg,563,537,Microplastic,450,374,473,410
b--121-_jpg.rf.zKJibGrX2XrOPWMvnsaz.jpg,563,537,Microplastic,107,394,144,425
b--121-_jpg.rf.zKJibGrX2XrOPWMvnsaz.jpg,563,537,Microplastic,182,420,204,449
b--121-_jpg.rf.zKJibGrX2XrOPWMvnsaz.jpg,563,537,Microplastic,292,425,346,459
b--121-_jpg.rf.zKJibGrX2XrOPWMvnsaz.jpg,563,537,Microplastic,484,434,509,461
b--121-_jpg.rf.zKJibGrX2XrOPWMvnsaz.jpg,563,537,Microplastic,369,440,395,476
b--121-_jpg.rf.zKJibGrX2XrOPWMvnsaz.jpg,563,537,Microplastic,402,454,413,481
b--121-_jpg.rf.zKJibGrX2XrOPWMvnsaz.jpg,563,537,Microplastic,204,455,232,489
b--121-_jpg.rf.zKJibGrX2XrOPWMvnsaz.jpg,563,537,Microplastic,95,460,126,505
b--121-_jpg.rf.zKJibGrX2XrOPWMvnsaz.jpg,563,537,Microplastic,49,510,84,532
b--121-_jpg.rf.zKJibGrX2XrOPWMvnsaz.jpg,563,537,Microplastic,469,517,497,536
81_jpg.rf.ewggBvL35UVnQd3rkkdn.jpg,563,537,Microplastic,92,0,121,26
81_jpg.rf.ewggBvL35UVnQd3rkkdn.jpg,563,537,Microplastic,281,97,304,117
81_jpg.rf.ewggBvL35UVnQd3rkkdn.jpg,563,537,Microplastic,83,99,111,125
81_jpg.rf.ewggBvL35UVnQd3rkkdn.jpg,563,537,Microplastic,204,107,218,122
81_jpg.rf.ewggBvL35UVnQd3rkkdn.jpg,563,537,Microplastic,354,124,375,150
81_jpg.rf.ewggBvL35UVnQd3rkkdn.jpg,563,537,Microplastic,213,138,228,151
81_jpg.rf.ewggBvL35UVnQd3rkkdn.jpg,563,537,Microplastic,311,151,322,165
81_jpg.rf.ewggBvL35UVnQd3rkkdn.jpg,563,537,Microplastic,273,159,288,172
81_jpg.rf.ewggBvL35UVnQd3rkkdn.jpg,563,537,Microplastic,53,186,67,202
81_jpg.rf.ewggBvL35UVnQd3rkkdn.jpg,563,537,Microplastic,304,178,332,214
81_jpg.rf.ewggBvL35UVnQd3rkkdn.jpg,563,537,Microplastic,0,205,5,223
81_jpg.rf.ewggBvL35UVnQd3rkkdn.jpg,563,537,Microplastic,82,228,105,246
81_jpg.rf.ewggBvL35UVnQd3rkkdn.jpg,563,537,Microplastic,0,271,6,293
81_jpg.rf.ewggBvL35UVnQd3rkkdn.jpg,563,537,Microplastic,186,273,219,316
81_jpg.rf.ewggBvL35UVnQd3rkkdn.jpg,563,537,Microplastic,133,283,176,327
81_jpg.rf.ewggBvL35UVnQd3rkkdn.jpg,563,537,Microplastic,353,309,367,327
81_jpg.rf.ewggBvL35UVnQd3rkkdn.jpg,563,537,Microplastic,369,328,383,344
81_jpg.rf.ewggBvL35UVnQd3rkkdn.jpg,563,537,Microplastic,90,357,105,372
81_jpg.rf.ewggBvL35UVnQd3rkkdn.jpg,563,537,Microplastic,355,363,370,377
81_jpg.rf.ewggBvL35UVnQd3rkkdn.jpg,563,537,Microplastic,40,384,64,411
81_jpg.rf.ewggBvL35UVnQd3rkkdn.jpg,563,537,Microplastic,222,395,246,421
81_jpg.rf.ewggBvL35UVnQd3rkkdn.jpg,563,537,Microplastic,120,413,131,432
81_jpg.rf.ewggBvL35UVnQd3rkkdn.jpg,563,537,Microplastic,252,443,272,458
93_jpg.rf.pw6fNDGRAAejpp9Pc9S3.jpg,563,537,Microplastic,218,94,237,114
93_jpg.rf.pw6fNDGRAAejpp9Pc9S3.jpg,563,537,Microplastic,56,103,75,128
93_jpg.rf.pw6fNDGRAAejpp9Pc9S3.jpg,563,537,Microplastic,467,114,492,142
93_jpg.rf.pw6fNDGRAAejpp9Pc9S3.jpg,563,537,Microplastic,406,130,429,159
93_jpg.rf.pw6fNDGRAAejpp9Pc9S3.jpg,563,537,Microplastic,474,136,498,162
93_jpg.rf.pw6fNDGRAAejpp9Pc9S3.jpg,563,537,Microplastic,377,135,399,173
93_jpg.rf.pw6fNDGRAAejpp9Pc9S3.jpg,563,537,Microplastic,78,235,103,259
93_jpg.rf.pw6fNDGRAAejpp9Pc9S3.jpg,563,537,Microplastic,425,275,462,324
93_jpg.rf.pw6fNDGRAAejpp9Pc9S3.jpg,563,537,Microplastic,12,289,53,334
93_jpg.rf.pw6fNDGRAAejpp9Pc9S3.jpg,563,537,Microplastic,147,339,161,369
93_jpg.rf.pw6fNDGRAAejpp9Pc9S3.jpg,563,537,Microplastic,165,345,190,369
93_jpg.rf.pw6fNDGRAAejpp9Pc9S3.jpg,563,537,Microplastic,58,387,77,419
93_jpg.rf.pw6fNDGRAAejpp9Pc9S3.jpg,563,537,Microplastic,116,414,141,442
93_jpg.rf.pw6fNDGRAAejpp9Pc9S3.jpg,563,537,Microplastic,51,458,72,483
93_jpg.rf.pw6fNDGRAAejpp9Pc9S3.jpg,563,537,Microplastic,332,488,348,506
f--59-_jpg.rf.9TanqZbQl7xn1Piin3tD.jpg,563,537,Microplastic,27,0,65,20
f--59-_jpg.rf.9TanqZbQl7xn1Piin3tD.jpg,563,537,Microplastic,74,0,124,30
f--59-_jpg.rf.9TanqZbQl7xn1Piin3tD.jpg,563,537,Microplastic,342,0,377,54
f--59-_jpg.rf.9TanqZbQl7xn1Piin3tD.jpg,563,537,Microplastic,384,29,412,60
f--59-_jpg.rf.9TanqZbQl7xn1Piin3tD.jpg,563,537,Microplastic,450,107,481,152
f--59-_jpg.rf.9TanqZbQl7xn1Piin3tD.jpg,563,537,Microplastic,196,112,245,149
f--59-_jpg.rf.9TanqZbQl7xn1Piin3tD.jpg,563,537,Microplastic,435,180,477,220
f--59-_jpg.rf.9TanqZbQl7xn1Piin3tD.jpg,563,537,Microplastic,472,307,522,339
f--59-_jpg.rf.9TanqZbQl7xn1Piin3tD.jpg,563,537,Microplastic,203,356,262,386
f--59-_jpg.rf.9TanqZbQl7xn1Piin3tD.jpg,563,537,Microplastic,362,360,404,392
f--59-_jpg.rf.9TanqZbQl7xn1Piin3tD.jpg,563,537,Microplastic,0,500,51,536
f--61-_jpg.rf.5mBOQDvubbpSOENETJG8.jpg,563,537,Microplastic,265,0,306,23
f--61-_jpg.rf.5mBOQDvubbpSOENETJG8.jpg,563,537,Microplastic,340,72,401,123
f--61-_jpg.rf.5mBOQDvubbpSOENETJG8.jpg,563,537,Microplastic,128,243,161,274
f--61-_jpg.rf.5mBOQDvubbpSOENETJG8.jpg,563,537,Microplastic,462,254,497,311
f--61-_jpg.rf.5mBOQDvubbpSOENETJG8.jpg,563,537,Microplastic,325,509,387,536
f--42-_jpg.rf.CdmW4sPKJdGtLWK3vrE9.jpg,563,537,Microplastic,112,0,163,26
f--42-_jpg.rf.CdmW4sPKJdGtLWK3vrE9.jpg,563,537,Microplastic,248,0,316,50
f--42-_jpg.rf.CdmW4sPKJdGtLWK3vrE9.jpg,563,537,Microplastic,30,13,71,61
f--42-_jpg.rf.CdmW4sPKJdGtLWK3vrE9.jpg,563,537,Microplastic,445,205,473,242
f--42-_jpg.rf.CdmW4sPKJdGtLWK3vrE9.jpg,563,537,Microplastic,443,331,483,367
f--42-_jpg.rf.CdmW4sPKJdGtLWK3vrE9.jpg,563,537,Microplastic,376,391,425,449
f--42-_jpg.rf.CdmW4sPKJdGtLWK3vrE9.jpg,563,537,Microplastic,118,499,193,536
f--39-_jpg.rf.AxnX9JA9gAXKzmLJk5Y2.jpg,563,537,Microplastic,339,42,399,110
f--39-_jpg.rf.AxnX9JA9gAXKzmLJk5Y2.jpg,563,537,Microplastic,426,84,471,137
f--39-_jpg.rf.AxnX9JA9gAXKzmLJk5Y2.jpg,563,537,Microplastic,181,162,306,274
f--39-_jpg.rf.AxnX9JA9gAXKzmLJk5Y2.jpg,563,537,Microplastic,49,489,124,536
f--49-_jpg.rf.DxjkbX5XSiZjg1CiWuE4.jpg,563,537,Microplastic,275,0,344,43
f--49-_jpg.rf.DxjkbX5XSiZjg1CiWuE4.jpg,563,537,Microplastic,283,46,317,100
f--49-_jpg.rf.DxjkbX5XSiZjg1CiWuE4.jpg,563,537,Microplastic,0,127,38,188
f--49-_jpg.rf.DxjkbX5XSiZjg1CiWuE4.jpg,563,537,Microplastic,217,167,253,199
f--49-_jpg.rf.DxjkbX5XSiZjg1CiWuE4.jpg,563,537,Microplastic,492,207,533,239
f--49-_jpg.rf.DxjkbX5XSiZjg1CiWuE4.jpg,563,537,Microplastic,0,212,29,268
f--49-_jpg.rf.DxjkbX5XSiZjg1CiWuE4.jpg,563,537,Microplastic,339,324,401,365
f--49-_jpg.rf.DxjkbX5XSiZjg1CiWuE4.jpg,563,537,Microplastic,14,419,94,465
f--49-_jpg.rf.DxjkbX5XSiZjg1CiWuE4.jpg,563,537,Microplastic,334,509,417,536
f--49-_jpg.rf.DxjkbX5XSiZjg1CiWuE4.jpg,563,537,Microplastic,102,524,140,536
a--12-_jpg.rf.PwRygaBE6pEwRe07WUmO.jpg,563,537,Microplastic,105,99,187,166
a--12-_jpg.rf.PwRygaBE6pEwRe07WUmO.jpg,563,537,Microplastic,299,226,362,288
a--12-_jpg.rf.PwRygaBE6pEwRe07WUmO.jpg,563,537,Microplastic,109,272,208,387
a--12-_jpg.rf.PwRygaBE6pEwRe07WUmO.jpg,563,537,Microplastic,288,377,372,461
8_jpg.rf.lghjFlmp90QcvXmcEXYk.jpg,563,537,Microplastic,277,0,318,34
8_jpg.rf.lghjFlmp90QcvXmcEXYk.jpg,563,537,Microplastic,320,48,356,71
8_jpg.rf.lghjFlmp90QcvXmcEXYk.jpg,563,537,Microplastic,225,71,252,86
8_jpg.rf.lghjFlmp90QcvXmcEXYk.jpg,563,537,Microplastic,334,76,352,99
8_jpg.rf.lghjFlmp90QcvXmcEXYk.jpg,563,537,Microplastic,204,109,228,130
8_jpg.rf.lghjFlmp90QcvXmcEXYk.jpg,563,537,Microplastic,262,115,286,139
8_jpg.rf.lghjFlmp90QcvXmcEXYk.jpg,563,537,Microplastic,411,121,433,141
8_jpg.rf.lghjFlmp90QcvXmcEXYk.jpg,563,537,Microplastic,362,125,388,147
8_jpg.rf.lghjFlmp90QcvXmcEXYk.jpg,563,537,Microplastic,412,155,436,177
8_jpg.rf.lghjFlmp90QcvXmcEXYk.jpg,563,537,Microplastic,257,168,283,202
8_jpg.rf.lghjFlmp90QcvXmcEXYk.jpg,563,537,Microplastic,242,231,258,257
8_jpg.rf.lghjFlmp90QcvXmcEXYk.jpg,563,537,Microplastic,95,236,122,258
8_jpg.rf.lghjFlmp90QcvXmcEXYk.jpg,563,537,Microplastic,0,250,7,273
8_jpg.rf.lghjFlmp90QcvXmcEXYk.jpg,563,537,Microplastic,447,250,468,291
8_jpg.rf.lghjFlmp90QcvXmcEXYk.jpg,563,537,Microplastic,194,281,227,308
8_jpg.rf.lghjFlmp90QcvXmcEXYk.jpg,563,537,Microplastic,261,317,277,336
8_jpg.rf.lghjFlmp90QcvXmcEXYk.jpg,563,537,Microplastic,94,327,125,352
8_jpg.rf.lghjFlmp90QcvXmcEXYk.jpg,563,537,Microplastic,295,327,319,352
8_jpg.rf.lghjFlmp90QcvXmcEXYk.jpg,563,537,Microplastic,426,343,463,369
8_jpg.rf.lghjFlmp90QcvXmcEXYk.jpg,563,537,Microplastic,353,361,369,380
8_jpg.rf.lghjFlmp90QcvXmcEXYk.jpg,563,537,Microplastic,208,385,237,420
8_jpg.rf.lghjFlmp90QcvXmcEXYk.jpg,563,537,Microplastic,378,402,395,424
8_jpg.rf.lghjFlmp90QcvXmcEXYk.jpg,563,537,Microplastic,254,459,295,502
8_jpg.rf.lghjFlmp90QcvXmcEXYk.jpg,563,537,Microplastic,376,469,392,496
8_jpg.rf.lghjFlmp90QcvXmcEXYk.jpg,563,537,Microplastic,374,507,391,523
94_jpg.rf.gf0d17fe8eX4lDvyhAAX.jpg,563,537,Microplastic,114,56,129,71
94_jpg.rf.gf0d17fe8eX4lDvyhAAX.jpg,563,537,Microplastic,316,94,323,109
94_jpg.rf.gf0d17fe8eX4lDvyhAAX.jpg,563,537,Microplastic,213,101,232,120
94_jpg.rf.gf0d17fe8eX4lDvyhAAX.jpg,563,537,Microplastic,460,121,488,150
94_jpg.rf.gf0d17fe8eX4lDvyhAAX.jpg,563,537,Microplastic,196,128,217,154
94_jpg.rf.gf0d17fe8eX4lDvyhAAX.jpg,563,537,Microplastic,317,144,334,157
94_jpg.rf.gf0d17fe8eX4lDvyhAAX.jpg,563,537,Microplastic,109,157,129,184
94_jpg.rf.gf0d17fe8eX4lDvyhAAX.jpg,563,537,Microplastic,420,230,436,243
94_jpg.rf.gf0d17fe8eX4lDvyhAAX.jpg,563,537,Microplastic,431,236,456,266
94_jpg.rf.gf0d17fe8eX4lDvyhAAX.jpg,563,537,Microplastic,179,245,200,267
94_jpg.rf.gf0d17fe8eX4lDvyhAAX.jpg,563,537,Microplastic,43,275,58,289
94_jpg.rf.gf0d17fe8eX4lDvyhAAX.jpg,563,537,Microplastic,274,295,293,320
94_jpg.rf.gf0d17fe8eX4lDvyhAAX.jpg,563,537,Microplastic,366,303,400,329
94_jpg.rf.gf0d17fe8eX4lDvyhAAX.jpg,563,537,Microplastic,218,326,254,351
94_jpg.rf.gf0d17fe8eX4lDvyhAAX.jpg,563,537,Microplastic,117,335,128,350
94_jpg.rf.gf0d17fe8eX4lDvyhAAX.jpg,563,537,Microplastic,335,374,350,388
94_jpg.rf.gf0d17fe8eX4lDvyhAAX.jpg,563,537,Microplastic,366,382,379,400
94_jpg.rf.gf0d17fe8eX4lDvyhAAX.jpg,563,537,Microplastic,133,416,147,427
94_jpg.rf.gf0d17fe8eX4lDvyhAAX.jpg,563,537,Microplastic,121,432,129,444
94_jpg.rf.gf0d17fe8eX4lDvyhAAX.jpg,563,537,Microplastic,392,440,412,462
94_jpg.rf.gf0d17fe8eX4lDvyhAAX.jpg,563,537,Microplastic,148,456,156,467
f--6-_jpg.rf.MCTXXiRY902PyBliTf4w.jpg,563,537,Microplastic,349,0,373,19
f--6-_jpg.rf.MCTXXiRY902PyBliTf4w.jpg,563,537,Microplastic,115,0,158,44
f--6-_jpg.rf.MCTXXiRY902PyBliTf4w.jpg,563,537,Microplastic,262,45,296,76
f--6-_jpg.rf.MCTXXiRY902PyBliTf4w.jpg,563,537,Microplastic,389,198,433,249
f--6-_jpg.rf.MCTXXiRY902PyBliTf4w.jpg,563,537,Microplastic,224,216,248,236
f--6-_jpg.rf.MCTXXiRY902PyBliTf4w.jpg,563,537,Microplastic,143,300,175,325
f--6-_jpg.rf.MCTXXiRY902PyBliTf4w.jpg,563,537,Microplastic,138,365,159,395
f--6-_jpg.rf.MCTXXiRY902PyBliTf4w.jpg,563,537,Microplastic,497,360,538,412
f--6-_jpg.rf.MCTXXiRY902PyBliTf4w.jpg,563,537,Microplastic,375,480,415,531
a--24-_jpg.rf.35L5nGK3QrjVHgOIuHzp.jpg,563,537,Microplastic,52,49,155,122
a--24-_jpg.rf.35L5nGK3QrjVHgOIuHzp.jpg,563,537,Microplastic,0,240,66,313
a--24-_jpg.rf.35L5nGK3QrjVHgOIuHzp.jpg,563,537,Microplastic,164,273,262,378
a--24-_jpg.rf.35L5nGK3QrjVHgOIuHzp.jpg,563,537,Microplastic,223,482,296,536
92_jpg.rf.pehRHpwQtn1zBAD3n0fP.jpg,563,537,Microplastic,77,0,117,6
92_jpg.rf.pehRHpwQtn1zBAD3n0fP.jpg,563,537,Microplastic,323,13,345,24
92_jpg.rf.pehRHpwQtn1zBAD3n0fP.jpg,563,537,Microplastic,373,22,393,45
92_jpg.rf.pehRHpwQtn1zBAD3n0fP.jpg,563,537,Microplastic,40,30,78,70
92_jpg.rf.pehRHpwQtn1zBAD3n0fP.jpg,563,537,Microplastic,295,48,314,65
92_jpg.rf.pehRHpwQtn1zBAD3n0fP.jpg,563,537,Microplastic,86,79,111,103
92_jpg.rf.pehRHpwQtn1zBAD3n0fP.jpg,563,537,Microplastic,62,205,87,226
92_jpg.rf.pehRHpwQtn1zBAD3n0fP.jpg,563,537,Microplastic,44,216,62,232
92_jpg.rf.pehRHpwQtn1zBAD3n0fP.jpg,563,537,Microplastic,457,235,474,269
92_jpg.rf.pehRHpwQtn1zBAD3n0fP.jpg,563,537,Microplastic,100,245,126,276
92_jpg.rf.pehRHpwQtn1zBAD3n0fP.jpg,563,537,Microplastic,426,265,449,292
92_jpg.rf.pehRHpwQtn1zBAD3n0fP.jpg,563,537,Microplastic,198,269,223,300
92_jpg.rf.pehRHpwQtn1zBAD3n0fP.jpg,563,537,Microplastic,303,328,325,351
92_jpg.rf.pehRHpwQtn1zBAD3n0fP.jpg,563,537,Microplastic,358,423,378,456
86_jpg.rf.ma2ZMlGPNwyUuyW4dBpu.jpg,563,537,Microplastic,144,69,173,94
86_jpg.rf.ma2ZMlGPNwyUuyW4dBpu.jpg,563,537,Microplastic,209,78,235,93
86_jpg.rf.ma2ZMlGPNwyUuyW4dBpu.jpg,563,537,Microplastic,228,97,252,118
86_jpg.rf.ma2ZMlGPNwyUuyW4dBpu.jpg,563,537,Microplastic,390,102,420,154
86_jpg.rf.ma2ZMlGPNwyUuyW4dBpu.jpg,563,537,Microplastic,235,127,264,144
86_jpg.rf.ma2ZMlGPNwyUuyW4dBpu.jpg,563,537,Microplastic,390,232,410,256
86_jpg.rf.ma2ZMlGPNwyUuyW4dBpu.jpg,563,537,Microplastic,57,274,75,293
86_jpg.rf.ma2ZMlGPNwyUuyW4dBpu.jpg,563,537,Microplastic,386,292,402,320
86_jpg.rf.ma2ZMlGPNwyUuyW4dBpu.jpg,563,537,Microplastic,214,330,249,353
86_jpg.rf.ma2ZMlGPNwyUuyW4dBpu.jpg,563,537,Microplastic,112,333,141,361
86_jpg.rf.ma2ZMlGPNwyUuyW4dBpu.jpg,563,537,Microplastic,370,358,394,382
86_jpg.rf.ma2ZMlGPNwyUuyW4dBpu.jpg,563,537,Microplastic,297,376,324,405
86_jpg.rf.ma2ZMlGPNwyUuyW4dBpu.jpg,563,537,Microplastic,477,444,506,461
86_jpg.rf.ma2ZMlGPNwyUuyW4dBpu.jpg,563,537,Microplastic,128,445,149,463
86_jpg.rf.ma2ZMlGPNwyUuyW4dBpu.jpg,563,537,Microplastic,241,454,267,480
86_jpg.rf.ma2ZMlGPNwyUuyW4dBpu.jpg,563,537,Microplastic,432,503,453,526
97_jpg.rf.xC5U4kx7mBUuyBIUWzHB.jpg,563,537,Microplastic,165,19,181,36
97_jpg.rf.xC5U4kx7mBUuyBIUWzHB.jpg,563,537,Microplastic,247,32,274,51
97_jpg.rf.xC5U4kx7mBUuyBIUWzHB.jpg,563,537,Microplastic,231,64,243,83
97_jpg.rf.xC5U4kx7mBUuyBIUWzHB.jpg,563,537,Microplastic,136,75,164,98
97_jpg.rf.xC5U4kx7mBUuyBIUWzHB.jpg,563,537,Microplastic,393,140,415,158
97_jpg.rf.xC5U4kx7mBUuyBIUWzHB.jpg,563,537,Microplastic,292,158,303,174
97_jpg.rf.xC5U4kx7mBUuyBIUWzHB.jpg,563,537,Microplastic,445,165,462,184
97_jpg.rf.xC5U4kx7mBUuyBIUWzHB.jpg,563,537,Microplastic,276,173,288,188
97_jpg.rf.xC5U4kx7mBUuyBIUWzHB.jpg,563,537,Microplastic,6,174,29,198
97_jpg.rf.xC5U4kx7mBUuyBIUWzHB.jpg,563,537,Microplastic,247,208,263,227
97_jpg.rf.xC5U4kx7mBUuyBIUWzHB.jpg,563,537,Microplastic,61,220,77,246
97_jpg.rf.xC5U4kx7mBUuyBIUWzHB.jpg,563,537,Microplastic,277,233,291,249
97_jpg.rf.xC5U4kx7mBUuyBIUWzHB.jpg,563,537,Microplastic,260,248,271,262
97_jpg.rf.xC5U4kx7mBUuyBIUWzHB.jpg,563,537,Microplastic,348,257,371,286
97_jpg.rf.xC5U4kx7mBUuyBIUWzHB.jpg,563,537,Microplastic,326,270,342,285
97_jpg.rf.xC5U4kx7mBUuyBIUWzHB.jpg,563,537,Microplastic,521,308,534,334
97_jpg.rf.xC5U4kx7mBUuyBIUWzHB.jpg,563,537,Microplastic,346,335,364,361
97_jpg.rf.xC5U4kx7mBUuyBIUWzHB.jpg,563,537,Microplastic,51,339,73,359
97_jpg.rf.xC5U4kx7mBUuyBIUWzHB.jpg,563,537,Microplastic,220,374,234,396
60_jpg.rf.nKxoYhVsPF34e3oisEdm.jpg,563,537,Microplastic,262,0,280,10
60_jpg.rf.nKxoYhVsPF34e3oisEdm.jpg,563,537,Microplastic,362,25,382,49
60_jpg.rf.nKxoYhVsPF34e3oisEdm.jpg,563,537,Microplastic,388,49,414,70
60_jpg.rf.nKxoYhVsPF34e3oisEdm.jpg,563,537,Microplastic,210,55,230,89
60_jpg.rf.nKxoYhVsPF34e3oisEdm.jpg,563,537,Microplastic,159,99,182,120
60_jpg.rf.nKxoYhVsPF34e3oisEdm.jpg,563,537,Microplastic,260,120,289,142
60_jpg.rf.nKxoYhVsPF34e3oisEdm.jpg,563,537,Microplastic,70,187,85,209
60_jpg.rf.nKxoYhVsPF34e3oisEdm.jpg,563,537,Microplastic,30,207,52,227
60_jpg.rf.nKxoYhVsPF34e3oisEdm.jpg,563,537,Microplastic,92,220,112,241
60_jpg.rf.nKxoYhVsPF34e3oisEdm.jpg,563,537,Microplastic,352,239,374,264
60_jpg.rf.nKxoYhVsPF34e3oisEdm.jpg,563,537,Microplastic,54,255,68,277
60_jpg.rf.nKxoYhVsPF34e3oisEdm.jpg,563,537,Microplastic,117,262,149,292
60_jpg.rf.nKxoYhVsPF34e3oisEdm.jpg,563,537,Microplastic,37,287,65,318
60_jpg.rf.nKxoYhVsPF34e3oisEdm.jpg,563,537,Microplastic,155,347,172,368
60_jpg.rf.nKxoYhVsPF34e3oisEdm.jpg,563,537,Microplastic,425,359,448,381
60_jpg.rf.nKxoYhVsPF34e3oisEdm.jpg,563,537,Microplastic,395,372,417,390
60_jpg.rf.nKxoYhVsPF34e3oisEdm.jpg,563,537,Microplastic,132,377,145,398
60_jpg.rf.nKxoYhVsPF34e3oisEdm.jpg,563,537,Microplastic,375,414,390,434
60_jpg.rf.nKxoYhVsPF34e3oisEdm.jpg,563,537,Microplastic,422,459,440,475
a--42-_jpg.rf.9sZzc71qnMbNk3Y557zf.jpg,563,537,Microplastic,337,63,421,147
a--42-_jpg.rf.9sZzc71qnMbNk3Y557zf.jpg,563,537,Microplastic,105,179,172,246
a--42-_jpg.rf.9sZzc71qnMbNk3Y557zf.jpg,563,537,Microplastic,319,246,394,323
a--42-_jpg.rf.9sZzc71qnMbNk3Y557zf.jpg,563,537,Microplastic,4,442,74,508
a--42-_jpg.rf.9sZzc71qnMbNk3Y557zf.jpg,563,537,Microplastic,234,459,305,536
a--32-_jpg.rf.B976YFcK7sqyDlZHKbmh.jpg,563,537,Microplastic,231,118,300,184
a--32-_jpg.rf.B976YFcK7sqyDlZHKbmh.jpg,563,537,Microplastic,121,222,205,285
a--32-_jpg.rf.B976YFcK7sqyDlZHKbmh.jpg,563,537,Microplastic,352,295,399,377
a--32-_jpg.rf.B976YFcK7sqyDlZHKbmh.jpg,563,537,Microplastic,214,408,300,492
f--53-_jpg.rf.XPMCLPRzyF6vukap2Vr9.jpg,563,537,Microplastic,225,0,267,43
f--53-_jpg.rf.XPMCLPRzyF6vukap2Vr9.jpg,563,537,Microplastic,437,79,516,126
f--53-_jpg.rf.XPMCLPRzyF6vukap2Vr9.jpg,563,537,Microplastic,187,252,218,284
f--53-_jpg.rf.XPMCLPRzyF6vukap2Vr9.jpg,563,537,Microplastic,325,354,398,381
f--53-_jpg.rf.XPMCLPRzyF6vukap2Vr9.jpg,563,537,Microplastic,32,520,60,536
f--56-_jpg.rf.GkQpdTCvc8OOUrDFEtxg.jpg,563,537,Microplastic,325,0,374,17
f--56-_jpg.rf.GkQpdTCvc8OOUrDFEtxg.jpg,563,537,Microplastic,484,147,523,191
f--56-_jpg.rf.GkQpdTCvc8OOUrDFEtxg.jpg,563,537,Microplastic,309,204,391,254
f--56-_jpg.rf.GkQpdTCvc8OOUrDFEtxg.jpg,563,537,Microplastic,159,317,204,356
f--56-_jpg.rf.GkQpdTCvc8OOUrDFEtxg.jpg,563,537,Microplastic,375,445,406,487
f--52-_jpg.rf.KcnRPx1PXZVlp8qoflKv.jpg,563,537,Microplastic,227,0,273,9
f--52-_jpg.rf.KcnRPx1PXZVlp8qoflKv.jpg,563,537,Microplastic,422,40,461,77
f--52-_jpg.rf.KcnRPx1PXZVlp8qoflKv.jpg,563,537,Microplastic,375,167,413,223
f--52-_jpg.rf.KcnRPx1PXZVlp8qoflKv.jpg,563,537,Microplastic,515,304,553,362
f--52-_jpg.rf.KcnRPx1PXZVlp8qoflKv.jpg,563,537,Microplastic,15,484,70,536
f--52-_jpg.rf.KcnRPx1PXZVlp8qoflKv.jpg,563,537,Microplastic,424,495,466,536
f--44-_jpg.rf.MuAYnMzEgG5vFCFpm68R.jpg,563,537,Microplastic,329,54,388,122
f--44-_jpg.rf.MuAYnMzEgG5vFCFpm68R.jpg,563,537,Microplastic,359,128,415,184
f--44-_jpg.rf.MuAYnMzEgG5vFCFpm68R.jpg,563,537,Microplastic,322,282,368,324
f--44-_jpg.rf.MuAYnMzEgG5vFCFpm68R.jpg,563,537,Microplastic,0,427,58,497
f--44-_jpg.rf.MuAYnMzEgG5vFCFpm68R.jpg,563,537,Microplastic,367,502,445,536
Screenshot 2026-04-19 at 4-23-06 PM_png.rf.tR1hGkupU7iniCADffPI.png,1566,832,Microplastic,536,180,945,423
Screenshot 2026-04-19 at 4-21-51 PM_png.rf.uwW0KaocuKas287ZzR71.png,1580,872,Microplastic,866,571,919,615
Screenshot 2026-04-19 at 4-21-51 PM_png.rf.uwW0KaocuKas287ZzR71.png,1580,872,Microplastic,116,92,152,129
Screenshot 2026-04-19 at 4-21-51 PM_png.rf.uwW0KaocuKas287ZzR71.png,1580,872,Microplastic,426,39,503,100
Screenshot 2026-04-19 at 4-21-51 PM_png.rf.uwW0KaocuKas287ZzR71.png,1580,872,Microplastic,688,422,726,456
Screenshot 2026-04-19 at 4-21-51 PM_png.rf.uwW0KaocuKas287ZzR71.png,1580,872,Microplastic,1427,615,1449,647
Screenshot 2026-04-19 at 4-21-51 PM_png.rf.uwW0KaocuKas287ZzR71.png,1580,872,Microplastic,160,9,192,33
Screenshot 2026-04-19 at 4-21-51 PM_png.rf.uwW0KaocuKas287ZzR71.png,1580,872,Microplastic,254,2,282,30
Screenshot 2026-04-19 at 4-21-51 PM_png.rf.uwW0KaocuKas287ZzR71.png,1580,872,Microplastic,982,401,1017,428
Screenshot 2026-04-19 at 4-21-51 PM_png.rf.uwW0KaocuKas287ZzR71.png,1580,872,Microplastic,78,40,108,65
Screenshot 2026-04-19 at 4-21-51 PM_png.rf.uwW0KaocuKas287ZzR71.png,1580,872,Microplastic,31,792,52,815
Screenshot 2026-04-19 at 4-21-51 PM_png.rf.uwW0KaocuKas287ZzR71.png,1580,872,Microplastic,329,177,384,229
Screenshot 2026-04-19 at 4-21-51 PM_png.rf.uwW0KaocuKas287ZzR71.png,1580,872,Microplastic,7,51,38,76
Screenshot 2026-04-19 at 4-21-51 PM_png.rf.uwW0KaocuKas287ZzR71.png,1580,872,Microplastic,1478,40,1512,73
Screenshot 2026-04-19 at 4-21-51 PM_png.rf.uwW0KaocuKas287ZzR71.png,1580,872,Microplastic,1470,788,1511,829
Screenshot 2026-04-19 at 4-21-51 PM_png.rf.uwW0KaocuKas287ZzR71.png,1580,872,Microplastic,1486,644,1552,744
Screenshot 2026-04-19 at 4-21-51 PM_png.rf.uwW0KaocuKas287ZzR71.png,1580,872,Microplastic,1240,186,1266,211
Screenshot 2026-04-19 at 4-21-51 PM_png.rf.uwW0KaocuKas287ZzR71.png,1580,872,Microplastic,899,756,958,812
Screenshot 2026-04-19 at 4-21-51 PM_png.rf.uwW0KaocuKas287ZzR71.png,1580,872,Microplastic,538,791,567,817
Screenshot 2026-04-19 at 4-21-51 PM_png.rf.uwW0KaocuKas287ZzR71.png,1580,872,Microplastic,6,83,39,111
Screenshot 2026-04-19 at 4-21-51 PM_png.rf.uwW0KaocuKas287ZzR71.png,1580,872,Microplastic,1035,517,1058,541
a--36-_jpg.rf.Dib6jJUa02H6HCmcYzfi.jpg,563,537,Microplastic,229,121,324,204
a--36-_jpg.rf.Dib6jJUa02H6HCmcYzfi.jpg,563,537,Microplastic,209,246,247,308
a--36-_jpg.rf.Dib6jJUa02H6HCmcYzfi.jpg,563,537,Microplastic,0,256,49,342
a--36-_jpg.rf.Dib6jJUa02H6HCmcYzfi.jpg,563,537,Microplastic,269,284,343,367
a--36-_jpg.rf.Dib6jJUa02H6HCmcYzfi.jpg,563,537,Microplastic,415,280,509,391
f--55-_jpg.rf.FaNgapyy5aQad2g6Bn8U.jpg,563,537,Microplastic,0,70,51,141
f--55-_jpg.rf.FaNgapyy5aQad2g6Bn8U.jpg,563,537,Microplastic,512,174,556,221
f--55-_jpg.rf.FaNgapyy5aQad2g6Bn8U.jpg,563,537,Microplastic,139,347,211,416
f--60-_jpg.rf.R5HjMXzSToqf3yV9t0PS.jpg,563,537,Microplastic,235,0,289,18
f--60-_jpg.rf.R5HjMXzSToqf3yV9t0PS.jpg,563,537,Microplastic,49,7,84,47
f--60-_jpg.rf.R5HjMXzSToqf3yV9t0PS.jpg,563,537,Microplastic,415,84,487,126
f--60-_jpg.rf.R5HjMXzSToqf3yV9t0PS.jpg,563,537,Microplastic,309,252,346,289
f--60-_jpg.rf.R5HjMXzSToqf3yV9t0PS.jpg,563,537,Microplastic,507,257,545,290
f--60-_jpg.rf.R5HjMXzSToqf3yV9t0PS.jpg,563,537,Microplastic,206,272,249,326
f--60-_jpg.rf.R5HjMXzSToqf3yV9t0PS.jpg,563,537,Microplastic,427,479,462,536
f--60-_jpg.rf.R5HjMXzSToqf3yV9t0PS.jpg,563,537,Microplastic,0,520,37,536
f--51-_jpg.rf.W35nLCgORfU59dE1z4Wn.jpg,563,537,Microplastic,391,19,468,56
f--51-_jpg.rf.W35nLCgORfU59dE1z4Wn.jpg,563,537,Microplastic,519,136,555,170
f--51-_jpg.rf.W35nLCgORfU59dE1z4Wn.jpg,563,537,Microplastic,267,177,322,224
f--51-_jpg.rf.W35nLCgORfU59dE1z4Wn.jpg,563,537,Microplastic,535,242,562,286
f--51-_jpg.rf.W35nLCgORfU59dE1z4Wn.jpg,563,537,Microplastic,279,350,330,383
f--51-_jpg.rf.W35nLCgORfU59dE1z4Wn.jpg,563,537,Microplastic,467,377,554,481
f--51-_jpg.rf.W35nLCgORfU59dE1z4Wn.jpg,563,537,Microplastic,21,507,54,536
f--51-_jpg.rf.W35nLCgORfU59dE1z4Wn.jpg,563,537,Microplastic,394,513,444,536
f--36-_jpg.rf.haretnC9dn85BjfYR8Gh.jpg,563,537,Microplastic,10,18,57,70
f--36-_jpg.rf.haretnC9dn85BjfYR8Gh.jpg,563,537,Microplastic,326,69,449,149
f--36-_jpg.rf.haretnC9dn85BjfYR8Gh.jpg,563,537,Microplastic,86,204,149,271
f--36-_jpg.rf.haretnC9dn85BjfYR8Gh.jpg,563,537,Microplastic,440,233,520,299
f--33-_jpg.rf.gUfxRmPiuAWmIpLTCpO9.jpg,563,537,Microplastic,169,47,213,133
f--33-_jpg.rf.gUfxRmPiuAWmIpLTCpO9.jpg,563,537,Microplastic,143,140,187,162
f--33-_jpg.rf.gUfxRmPiuAWmIpLTCpO9.jpg,563,537,Microplastic,442,180,494,225
f--33-_jpg.rf.gUfxRmPiuAWmIpLTCpO9.jpg,563,537,Microplastic,208,229,234,257
f--33-_jpg.rf.gUfxRmPiuAWmIpLTCpO9.jpg,563,537,Microplastic,325,242,352,270
f--57-_jpg.rf.Q9iqBPSNPDJGtl5ccIEM.jpg,563,537,Microplastic,407,67,478,159
f--57-_jpg.rf.Q9iqBPSNPDJGtl5ccIEM.jpg,563,537,Microplastic,177,124,207,150
f--57-_jpg.rf.Q9iqBPSNPDJGtl5ccIEM.jpg,563,537,Microplastic,164,233,197,265
f--57-_jpg.rf.Q9iqBPSNPDJGtl5ccIEM.jpg,563,537,Microplastic,140,444,197,501
f--57-_jpg.rf.Q9iqBPSNPDJGtl5ccIEM.jpg,563,537,Microplastic,0,507,53,536
f--37-_jpg.rf.O3VjwmiqIKWGdJdhz8hJ.jpg,563,537,Microplastic,315,32,371,84
f--37-_jpg.rf.O3VjwmiqIKWGdJdhz8hJ.jpg,563,537,Microplastic,402,74,456,135
f--37-_jpg.rf.O3VjwmiqIKWGdJdhz8hJ.jpg,563,537,Microplastic,214,210,292,333
f--37-_jpg.rf.O3VjwmiqIKWGdJdhz8hJ.jpg,563,537,Microplastic,300,355,343,395
f--37-_jpg.rf.O3VjwmiqIKWGdJdhz8hJ.jpg,563,537,Microplastic,39,492,104,536
a--21-_jpg.rf.CoHyDrDBNmk1JceGUV1S.jpg,563,537,Microplastic,413,19,484,94
a--21-_jpg.rf.CoHyDrDBNmk1JceGUV1S.jpg,563,537,Microplastic,356,167,430,259
a--21-_jpg.rf.CoHyDrDBNmk1JceGUV1S.jpg,563,537,Microplastic,161,200,240,283
a--21-_jpg.rf.CoHyDrDBNmk1JceGUV1S.jpg,563,537,Microplastic,0,277,41,381
a--33-_jpg.rf.SUxq1FtVQPDPzXuZoEyi.jpg,563,537,Microplastic,200,92,290,146
a--33-_jpg.rf.SUxq1FtVQPDPzXuZoEyi.jpg,563,537,Microplastic,45,259,115,344
a--33-_jpg.rf.SUxq1FtVQPDPzXuZoEyi.jpg,563,537,Microplastic,192,327,276,412
a--33-_jpg.rf.SUxq1FtVQPDPzXuZoEyi.jpg,563,537,Microplastic,322,282,398,357
f--35-_jpg.rf.mqGh6Q5HLlK2v9FyKlmB.jpg,563,537,Microplastic,36,0,70,25
f--35-_jpg.rf.mqGh6Q5HLlK2v9FyKlmB.jpg,563,537,Microplastic,176,0,219,45
f--35-_jpg.rf.mqGh6Q5HLlK2v9FyKlmB.jpg,563,537,Microplastic,304,0,357,44
f--35-_jpg.rf.mqGh6Q5HLlK2v9FyKlmB.jpg,563,537,Microplastic,0,42,14,72
f--35-_jpg.rf.mqGh6Q5HLlK2v9FyKlmB.jpg,563,537,Microplastic,252,206,268,226
f--35-_jpg.rf.mqGh6Q5HLlK2v9FyKlmB.jpg,563,537,Microplastic,267,320,285,339
f--35-_jpg.rf.mqGh6Q5HLlK2v9FyKlmB.jpg,563,537,Microplastic,60,315,81,353
f--35-_jpg.rf.mqGh6Q5HLlK2v9FyKlmB.jpg,563,537,Microplastic,227,372,255,399
f--35-_jpg.rf.mqGh6Q5HLlK2v9FyKlmB.jpg,563,537,Microplastic,290,445,304,458
f--35-_jpg.rf.mqGh6Q5HLlK2v9FyKlmB.jpg,563,537,Microplastic,400,459,429,479
f--35-_jpg.rf.mqGh6Q5HLlK2v9FyKlmB.jpg,563,537,Microplastic,107,471,156,502
a--31-_jpg.rf.BLUTNZuUSkuhKzD29Dlr.jpg,563,537,Microplastic,219,124,295,192
a--31-_jpg.rf.BLUTNZuUSkuhKzD29Dlr.jpg,563,537,Microplastic,358,225,448,309
a--31-_jpg.rf.BLUTNZuUSkuhKzD29Dlr.jpg,563,537,Microplastic,182,223,261,313
a--31-_jpg.rf.BLUTNZuUSkuhKzD29Dlr.jpg,563,537,Microplastic,278,411,367,490
a--31-_jpg.rf.BLUTNZuUSkuhKzD29Dlr.jpg,563,537,Microplastic,32,455,101,524
f--45-_jpg.rf.NqofvJqAZSpYbzXDV39h.jpg,563,537,Microplastic,320,0,386,21
f--45-_jpg.rf.NqofvJqAZSpYbzXDV39h.jpg,563,537,Microplastic,242,34,296,107
f--45-_jpg.rf.NqofvJqAZSpYbzXDV39h.jpg,563,537,Microplastic,0,147,25,216
f--45-_jpg.rf.NqofvJqAZSpYbzXDV39h.jpg,563,537,Microplastic,527,174,562,216
f--45-_jpg.rf.NqofvJqAZSpYbzXDV39h.jpg,563,537,Microplastic,209,272,251,311
f--45-_jpg.rf.NqofvJqAZSpYbzXDV39h.jpg,563,537,Microplastic,455,367,515,440
f--45-_jpg.rf.NqofvJqAZSpYbzXDV39h.jpg,563,537,Microplastic,149,454,204,521
f--45-_jpg.rf.NqofvJqAZSpYbzXDV39h.jpg,563,537,Microplastic,354,469,395,523
a--34-_jpg.rf.Cz0y0vXykIjxN3jCXxww.jpg,563,537,Microplastic,269,96,352,149
a--34-_jpg.rf.Cz0y0vXykIjxN3jCXxww.jpg,563,537,Microplastic,191,199,250,284
a--34-_jpg.rf.Cz0y0vXykIjxN3jCXxww.jpg,563,537,Microplastic,241,333,322,413
a--34-_jpg.rf.Cz0y0vXykIjxN3jCXxww.jpg,563,537,Microplastic,116,418,217,506
a--29-_jpg.rf.MCiQWLZfwdlEozY5Zebz.jpg,563,537,Microplastic,103,51,174,132
a--29-_jpg.rf.MCiQWLZfwdlEozY5Zebz.jpg,563,537,Microplastic,335,268,422,343
a--29-_jpg.rf.MCiQWLZfwdlEozY5Zebz.jpg,563,537,Microplastic,177,455,235,513
a--29-_jpg.rf.MCiQWLZfwdlEozY5Zebz.jpg,563,537,Microplastic,66,285,146,361
a--11-_jpg.rf.fseSefnbCazChq408RZf.jpg,563,537,Microplastic,17,159,136,298
a--11-_jpg.rf.fseSefnbCazChq408RZf.jpg,563,537,Microplastic,253,263,364,350
a--11-_jpg.rf.fseSefnbCazChq408RZf.jpg,563,537,Microplastic,122,415,182,501
6_jpg.rf.xYyuuTcWGS50Vrm0AvDx.jpg,563,537,Microplastic,185,80,208,98
6_jpg.rf.xYyuuTcWGS50Vrm0AvDx.jpg,563,537,Microplastic,190,114,214,132
6_jpg.rf.xYyuuTcWGS50Vrm0AvDx.jpg,563,537,Microplastic,0,115,6,134
6_jpg.rf.xYyuuTcWGS50Vrm0AvDx.jpg,563,537,Microplastic,417,137,441,163
6_jpg.rf.xYyuuTcWGS50Vrm0AvDx.jpg,563,537,Microplastic,405,165,429,185
6_jpg.rf.xYyuuTcWGS50Vrm0AvDx.jpg,563,537,Microplastic,377,165,396,186
6_jpg.rf.xYyuuTcWGS50Vrm0AvDx.jpg,563,537,Microplastic,435,187,457,204
6_jpg.rf.xYyuuTcWGS50Vrm0AvDx.jpg,563,537,Microplastic,306,207,330,227
6_jpg.rf.xYyuuTcWGS50Vrm0AvDx.jpg,563,537,Microplastic,435,227,458,247
6_jpg.rf.xYyuuTcWGS50Vrm0AvDx.jpg,563,537,Microplastic,95,255,109,273
6_jpg.rf.xYyuuTcWGS50Vrm0AvDx.jpg,563,537,Microplastic,322,255,340,277
6_jpg.rf.xYyuuTcWGS50Vrm0AvDx.jpg,563,537,Microplastic,362,270,382,288
6_jpg.rf.xYyuuTcWGS50Vrm0AvDx.jpg,563,537,Microplastic,335,294,353,314
6_jpg.rf.xYyuuTcWGS50Vrm0AvDx.jpg,563,537,Microplastic,55,312,73,327
6_jpg.rf.xYyuuTcWGS50Vrm0AvDx.jpg,563,537,Microplastic,252,304,281,335
6_jpg.rf.xYyuuTcWGS50Vrm0AvDx.jpg,563,537,Microplastic,374,312,388,338
6_jpg.rf.xYyuuTcWGS50Vrm0AvDx.jpg,563,537,Microplastic,15,317,34,334
6_jpg.rf.xYyuuTcWGS50Vrm0AvDx.jpg,563,537,Microplastic,154,340,179,360
6_jpg.rf.xYyuuTcWGS50Vrm0AvDx.jpg,563,537,Microplastic,282,374,306,391
6_jpg.rf.xYyuuTcWGS50Vrm0AvDx.jpg,563,537,Microplastic,342,385,378,409
6_jpg.rf.xYyuuTcWGS50Vrm0AvDx.jpg,563,537,Microplastic,425,389,455,423
6_jpg.rf.xYyuuTcWGS50Vrm0AvDx.jpg,563,537,Microplastic,209,420,226,436
6_jpg.rf.xYyuuTcWGS50Vrm0AvDx.jpg,563,537,Microplastic,362,454,392,479
a--25-_jpg.rf.7HkBvDTWK0APZudQyII1.jpg,563,537,Microplastic,342,33,438,141
a--25-_jpg.rf.7HkBvDTWK0APZudQyII1.jpg,563,537,Microplastic,12,146,88,236
a--25-_jpg.rf.7HkBvDTWK0APZudQyII1.jpg,563,537,Microplastic,168,198,259,297
a--25-_jpg.rf.7HkBvDTWK0APZudQyII1.jpg,563,537,Microplastic,253,316,325,396
a--25-_jpg.rf.7HkBvDTWK0APZudQyII1.jpg,563,537,Microplastic,21,468,87,536
f--41-_jpg.rf.kLO0hcxYZjd397oOwXxU.jpg,563,537,Microplastic,114,0,181,39
f--41-_jpg.rf.kLO0hcxYZjd397oOwXxU.jpg,563,537,Microplastic,230,194,280,244
f--41-_jpg.rf.kLO0hcxYZjd397oOwXxU.jpg,563,537,Microplastic,441,241,525,316
f--41-_jpg.rf.kLO0hcxYZjd397oOwXxU.jpg,563,537,Microplastic,99,255,153,304
f--41-_jpg.rf.kLO0hcxYZjd397oOwXxU.jpg,563,537,Microplastic,182,352,219,408
f--41-_jpg.rf.kLO0hcxYZjd397oOwXxU.jpg,563,537,Microplastic,409,365,484,410
a--89-_jpg.rf.hrop9M7btE7F3S9NHLlA.jpg,563,537,Microplastic,213,123,285,195
a--89-_jpg.rf.hrop9M7btE7F3S9NHLlA.jpg,563,537,Microplastic,411,168,490,220
a--89-_jpg.rf.hrop9M7btE7F3S9NHLlA.jpg,563,537,Microplastic,230,255,311,330
a--89-_jpg.rf.hrop9M7btE7F3S9NHLlA.jpg,563,537,Microplastic,366,401,429,466
a--89-_jpg.rf.hrop9M7btE7F3S9NHLlA.jpg,563,537,Microplastic,529,306,562,385
f--40-_jpg.rf.fYN2kJC6jHe1M3NaWyXk.jpg,563,537,Microplastic,184,184,258,236
f--40-_jpg.rf.fYN2kJC6jHe1M3NaWyXk.jpg,563,537,Microplastic,344,282,378,334
f--40-_jpg.rf.fYN2kJC6jHe1M3NaWyXk.jpg,563,537,Microplastic,320,340,363,376
f--40-_jpg.rf.fYN2kJC6jHe1M3NaWyXk.jpg,563,537,Microplastic,124,414,173,457
f--40-_jpg.rf.fYN2kJC6jHe1M3NaWyXk.jpg,563,537,Microplastic,35,487,79,536
f--40-_jpg.rf.fYN2kJC6jHe1M3NaWyXk.jpg,563,537,Microplastic,322,494,349,531
f--64-_jpg.rf.pfLPAqTIk8eSzEeq9rHy.jpg,563,537,Microplastic,50,0,95,44
f--64-_jpg.rf.pfLPAqTIk8eSzEeq9rHy.jpg,563,537,Microplastic,224,87,270,124
f--64-_jpg.rf.pfLPAqTIk8eSzEeq9rHy.jpg,563,537,Microplastic,425,100,455,130
f--64-_jpg.rf.pfLPAqTIk8eSzEeq9rHy.jpg,563,537,Microplastic,462,247,530,330
f--64-_jpg.rf.pfLPAqTIk8eSzEeq9rHy.jpg,563,537,Microplastic,269,309,327,355
f--64-_jpg.rf.pfLPAqTIk8eSzEeq9rHy.jpg,563,537,Microplastic,0,439,13,479
f--64-_jpg.rf.pfLPAqTIk8eSzEeq9rHy.jpg,563,537,Microplastic,2,475,30,514
f--58-_jpg.rf.q4G6aDRT8G2rBWMt94WA.jpg,563,537,Microplastic,157,0,228,28
f--58-_jpg.rf.q4G6aDRT8G2rBWMt94WA.jpg,563,537,Microplastic,399,52,429,81
f--58-_jpg.rf.q4G6aDRT8G2rBWMt94WA.jpg,563,537,Microplastic,440,134,502,191
f--58-_jpg.rf.q4G6aDRT8G2rBWMt94WA.jpg,563,537,Microplastic,307,159,339,177
f--58-_jpg.rf.q4G6aDRT8G2rBWMt94WA.jpg,563,537,Microplastic,226,189,275,232
f--58-_jpg.rf.q4G6aDRT8G2rBWMt94WA.jpg,563,537,Microplastic,76,277,113,332
f--58-_jpg.rf.q4G6aDRT8G2rBWMt94WA.jpg,563,537,Microplastic,245,431,280,458
f--58-_jpg.rf.q4G6aDRT8G2rBWMt94WA.jpg,563,537,Microplastic,387,525,415,536
f--58-_jpg.rf.q4G6aDRT8G2rBWMt94WA.jpg,563,537,Microplastic,37,527,73,536
f--38-_jpg.rf.s8TSPEH4SlNvwz16f30V.jpg,563,537,Microplastic,347,24,396,103
f--38-_jpg.rf.s8TSPEH4SlNvwz16f30V.jpg,563,537,Microplastic,430,92,467,139
f--38-_jpg.rf.s8TSPEH4SlNvwz16f30V.jpg,563,537,Microplastic,234,229,272,270
f--38-_jpg.rf.s8TSPEH4SlNvwz16f30V.jpg,563,537,Microplastic,229,300,335,353
f--38-_jpg.rf.s8TSPEH4SlNvwz16f30V.jpg,563,537,Microplastic,44,485,116,536
a--30-_jpg.rf.bxW57WnfzIjNJX8cLE2D.jpg,563,537,Microplastic,259,127,328,221
a--30-_jpg.rf.bxW57WnfzIjNJX8cLE2D.jpg,563,537,Microplastic,199,238,274,306
a--30-_jpg.rf.bxW57WnfzIjNJX8cLE2D.jpg,563,537,Microplastic,338,237,403,320
a--30-_jpg.rf.bxW57WnfzIjNJX8cLE2D.jpg,563,537,Microplastic,228,307,313,398
a--30-_jpg.rf.bxW57WnfzIjNJX8cLE2D.jpg,563,537,Microplastic,51,345,141,420
f--50-_jpg.rf.GItFldEvCdBfCtOBIMeE.jpg,563,537,Microplastic,117,3,190,80
f--50-_jpg.rf.GItFldEvCdBfCtOBIMeE.jpg,563,537,Microplastic,330,26,369,81
f--50-_jpg.rf.GItFldEvCdBfCtOBIMeE.jpg,563,537,Microplastic,367,68,420,109
f--50-_jpg.rf.GItFldEvCdBfCtOBIMeE.jpg,563,537,Microplastic,237,173,282,201
f--50-_jpg.rf.GItFldEvCdBfCtOBIMeE.jpg,563,537,Microplastic,438,162,468,221
f--50-_jpg.rf.GItFldEvCdBfCtOBIMeE.jpg,563,537,Microplastic,468,226,519,268
f--50-_jpg.rf.GItFldEvCdBfCtOBIMeE.jpg,563,537,Microplastic,276,321,291,334
f--50-_jpg.rf.GItFldEvCdBfCtOBIMeE.jpg,563,537,Microplastic,468,349,525,390
f--50-_jpg.rf.GItFldEvCdBfCtOBIMeE.jpg,563,537,Microplastic,380,495,422,536
f--50-_jpg.rf.GItFldEvCdBfCtOBIMeE.jpg,563,537,Microplastic,46,522,103,536
a--20-_jpg.rf.8DeTJwyiFxtmuxMHqmSx.jpg,563,537,Microplastic,407,49,487,120
a--20-_jpg.rf.8DeTJwyiFxtmuxMHqmSx.jpg,563,537,Microplastic,230,150,317,252
a--20-_jpg.rf.8DeTJwyiFxtmuxMHqmSx.jpg,563,537,Microplastic,107,150,191,210
a--20-_jpg.rf.8DeTJwyiFxtmuxMHqmSx.jpg,563,537,Microplastic,17,220,107,324
a--20-_jpg.rf.8DeTJwyiFxtmuxMHqmSx.jpg,563,537,Microplastic,0,356,67,462
a--17-_jpg.rf.Lg74pDHDBDs3VLf9yIeo.jpg,563,537,Microplastic,148,39,226,141
a--17-_jpg.rf.Lg74pDHDBDs3VLf9yIeo.jpg,563,537,Microplastic,0,203,92,301
a--17-_jpg.rf.Lg74pDHDBDs3VLf9yIeo.jpg,563,537,Microplastic,106,303,177,365
a--17-_jpg.rf.Lg74pDHDBDs3VLf9yIeo.jpg,563,537,Microplastic,263,205,360,299
a--43-_jpg.rf.0LReAFmh2xoWwvHJvUy6.jpg,563,537,Microplastic,222,167,298,248
a--43-_jpg.rf.0LReAFmh2xoWwvHJvUy6.jpg,563,537,Microplastic,289,59,382,142
a--43-_jpg.rf.0LReAFmh2xoWwvHJvUy6.jpg,563,537,Microplastic,46,164,131,240
a--43-_jpg.rf.0LReAFmh2xoWwvHJvUy6.jpg,563,537,Microplastic,173,306,242,371
a--43-_jpg.rf.0LReAFmh2xoWwvHJvUy6.jpg,563,537,Microplastic,254,259,322,335
Screenshot 2026-04-19 at 4-20-03 PM_png.rf.qqJo197pmFktlPY4Ifi3.png,1506,796,Microplastic,891,77,936,119
Screenshot 2026-04-19 at 4-20-03 PM_png.rf.qqJo197pmFktlPY4Ifi3.png,1506,796,Microplastic,301,316,361,391
Screenshot 2026-04-19 at 4-20-03 PM_png.rf.qqJo197pmFktlPY4Ifi3.png,1506,796,Microplastic,637,144,677,181
Screenshot 2026-04-19 at 4-20-03 PM_png.rf.qqJo197pmFktlPY4Ifi3.png,1506,796,Microplastic,1344,364,1452,506
Screenshot 2026-04-19 at 4-20-03 PM_png.rf.qqJo197pmFktlPY4Ifi3.png,1506,796,Microplastic,272,506,309,542
Screenshot 2026-04-19 at 4-20-03 PM_png.rf.qqJo197pmFktlPY4Ifi3.png,1506,796,Microplastic,363,34,403,65
Screenshot 2026-04-19 at 4-20-03 PM_png.rf.qqJo197pmFktlPY4Ifi3.png,1506,796,Microplastic,617,731,647,761
Screenshot 2026-04-19 at 4-20-03 PM_png.rf.qqJo197pmFktlPY4Ifi3.png,1506,796,Microplastic,780,538,824,580
Screenshot 2026-04-19 at 4-20-03 PM_png.rf.qqJo197pmFktlPY4Ifi3.png,1506,796,Microplastic,625,659,672,714
Screenshot 2026-04-19 at 4-20-03 PM_png.rf.qqJo197pmFktlPY4Ifi3.png,1506,796,Microplastic,1274,397,1321,461
Screenshot 2026-04-19 at 4-20-03 PM_png.rf.qqJo197pmFktlPY4Ifi3.png,1506,796,Microplastic,83,275,119,302
Screenshot 2026-04-19 at 4-20-03 PM_png.rf.qqJo197pmFktlPY4Ifi3.png,1506,796,Microplastic,472,231,526,274
Screenshot 2026-04-19 at 4-20-03 PM_png.rf.qqJo197pmFktlPY4Ifi3.png,1506,796,Microplastic,916,730,961,783
Screenshot 2026-04-19 at 4-20-03 PM_png.rf.qqJo197pmFktlPY4Ifi3.png,1506,796,Microplastic,180,611,211,649
Screenshot 2026-04-19 at 4-20-03 PM_png.rf.qqJo197pmFktlPY4Ifi3.png,1506,796,Microplastic,1173,268,1225,311
Screenshot 2026-04-19 at 4-20-03 PM_png.rf.qqJo197pmFktlPY4Ifi3.png,1506,796,Microplastic,1336,336,1372,373
Screenshot 2026-04-19 at 4-20-03 PM_png.rf.qqJo197pmFktlPY4Ifi3.png,1506,796,Microplastic,229,761,268,793
Screenshot 2026-04-19 at 4-20-03 PM_png.rf.qqJo197pmFktlPY4Ifi3.png,1506,796,Microplastic,1314,633,1346,670
Screenshot 2026-04-19 at 4-20-03 PM_png.rf.qqJo197pmFktlPY4Ifi3.png,1506,796,Microplastic,1016,285,1064,352
Screenshot 2026-04-19 at 4-20-03 PM_png.rf.qqJo197pmFktlPY4Ifi3.png,1506,796,Microplastic,1465,25,1504,66
Screenshot 2026-04-19 at 4-20-03 PM_png.rf.qqJo197pmFktlPY4Ifi3.png,1506,796,Microplastic,1283,732,1319,766
Screenshot 2026-04-19 at 4-20-03 PM_png.rf.qqJo197pmFktlPY4Ifi3.png,1506,796,Microplastic,650,272,693,315
Screenshot 2026-04-19 at 4-20-03 PM_png.rf.qqJo197pmFktlPY4Ifi3.png,1506,796,Microplastic,1183,447,1208,473
Screenshot 2026-04-19 at 4-20-03 PM_png.rf.qqJo197pmFktlPY4Ifi3.png,1506,796,Microplastic,1245,493,1303,558
Screenshot 2026-04-19 at 4-20-03 PM_png.rf.qqJo197pmFktlPY4Ifi3.png,1506,796,Microplastic,139,770,178,796
Screenshot 2026-04-19 at 4-20-03 PM_png.rf.qqJo197pmFktlPY4Ifi3.png,1506,796,Microplastic,371,271,418,313
Screenshot 2026-04-19 at 4-20-03 PM_png.rf.qqJo197pmFktlPY4Ifi3.png,1506,796,Microplastic,672,490,697,519
Screenshot 2026-04-19 at 4-20-03 PM_png.rf.qqJo197pmFktlPY4Ifi3.png,1506,796,Microplastic,756,377,794,412
Screenshot 2026-04-19 at 4-20-03 PM_png.rf.qqJo197pmFktlPY4Ifi3.png,1506,796,Microplastic,111,622,158,674
Screenshot 2026-04-19 at 4-20-03 PM_png.rf.qqJo197pmFktlPY4Ifi3.png,1506,796,Microplastic,1161,729,1192,760
Screenshot 2026-04-19 at 4-20-03 PM_png.rf.qqJo197pmFktlPY4Ifi3.png,1506,796,Microplastic,1456,695,1482,725
Screenshot 2026-04-19 at 4-20-03 PM_png.rf.qqJo197pmFktlPY4Ifi3.png,1506,796,Microplastic,406,212,443,250
Screenshot 2026-04-19 at 4-20-03 PM_png.rf.qqJo197pmFktlPY4Ifi3.png,1506,796,Microplastic,605,566,633,593
Screenshot 2026-04-19 at 4-20-03 PM_png.rf.qqJo197pmFktlPY4Ifi3.png,1506,796,Microplastic,1288,591,1316,624
Screenshot 2026-04-19 at 4-20-03 PM_png.rf.qqJo197pmFktlPY4Ifi3.png,1506,796,Microplastic,735,341,767,372
Screenshot 2026-04-19 at 4-20-03 PM_png.rf.qqJo197pmFktlPY4Ifi3.png,1506,796,Microplastic,946,242,990,274
Screenshot 2026-04-19 at 4-20-03 PM_png.rf.qqJo197pmFktlPY4Ifi3.png,1506,796,Microplastic,200,664,242,710
Screenshot 2026-04-19 at 4-20-03 PM_png.rf.qqJo197pmFktlPY4Ifi3.png,1506,796,Microplastic,284,727,338,780
Screenshot 2026-04-19 at 4-20-03 PM_png.rf.qqJo197pmFktlPY4Ifi3.png,1506,796,Microplastic,525,342,559,374
Screenshot 2026-04-19 at 4-20-03 PM_png.rf.qqJo197pmFktlPY4Ifi3.png,1506,796,Microplastic,1130,759,1157,785
Screenshot 2026-04-19 at 4-20-03 PM_png.rf.qqJo197pmFktlPY4Ifi3.png,1506,796,Microplastic,831,454,866,484
Screenshot 2026-04-19 at 4-20-03 PM_png.rf.qqJo197pmFktlPY4Ifi3.png,1506,796,Microplastic,1051,420,1086,452
Screenshot 2026-04-19 at 4-20-03 PM_png.rf.qqJo197pmFktlPY4Ifi3.png,1506,796,Microplastic,1186,518,1212,547
Screenshot 2026-04-19 at 4-20-03 PM_png.rf.qqJo197pmFktlPY4Ifi3.png,1506,796,Microplastic,37,252,77,285
Screenshot 2026-04-19 at 4-20-03 PM_png.rf.qqJo197pmFktlPY4Ifi3.png,1506,796,Microplastic,1074,515,1111,544
Screenshot 2026-04-19 at 4-20-03 PM_png.rf.qqJo197pmFktlPY4Ifi3.png,1506,796,Microplastic,1010,628,1071,670
Screenshot 2026-04-19 at 4-20-03 PM_png.rf.qqJo197pmFktlPY4Ifi3.png,1506,796,Microplastic,149,411,186,445
Screenshot 2026-04-19 at 4-20-03 PM_png.rf.qqJo197pmFktlPY4Ifi3.png,1506,796,Microplastic,1400,771,1425,794
Screenshot 2026-04-19 at 4-20-03 PM_png.rf.qqJo197pmFktlPY4Ifi3.png,1506,796,Microplastic,379,706,402,732
Screenshot 2026-04-19 at 4-20-03 PM_png.rf.qqJo197pmFktlPY4Ifi3.png,1506,796,Microplastic,230,43,261,70
Screenshot 2026-04-19 at 4-20-03 PM_png.rf.qqJo197pmFktlPY4Ifi3.png,1506,796,Microplastic,582,352,617,390
Screenshot 2026-04-19 at 4-20-03 PM_png.rf.qqJo197pmFktlPY4Ifi3.png,1506,796,Microplastic,69,767,110,793
Screenshot 2026-04-19 at 4-20-03 PM_png.rf.qqJo197pmFktlPY4Ifi3.png,1506,796,Microplastic,603,773,640,796
Screenshot 2026-04-19 at 4-20-03 PM_png.rf.qqJo197pmFktlPY4Ifi3.png,1506,796,Microplastic,1230,84,1257,112
Screenshot 2026-04-19 at 4-20-03 PM_png.rf.qqJo197pmFktlPY4Ifi3.png,1506,796,Microplastic,1431,186,1465,208
Screenshot 2026-04-19 at 4-20-03 PM_png.rf.qqJo197pmFktlPY4Ifi3.png,1506,796,Microplastic,733,538,768,576
Screenshot 2026-04-19 at 4-20-03 PM_png.rf.qqJo197pmFktlPY4Ifi3.png,1506,796,Microplastic,242,349,269,376
Screenshot 2026-04-19 at 4-20-03 PM_png.rf.qqJo197pmFktlPY4Ifi3.png,1506,796,Microplastic,1301,219,1333,253
Screenshot 2026-04-19 at 4-20-03 PM_png.rf.qqJo197pmFktlPY4Ifi3.png,1506,796,Microplastic,1245,6,1297,47
Screenshot 2026-04-19 at 4-20-03 PM_png.rf.qqJo197pmFktlPY4Ifi3.png,1506,796,Microplastic,303,682,328,707
Screenshot 2026-04-19 at 4-20-03 PM_png.rf.qqJo197pmFktlPY4Ifi3.png,1506,796,Microplastic,1187,588,1214,616
Screenshot 2026-04-19 at 4-20-03 PM_png.rf.qqJo197pmFktlPY4Ifi3.png,1506,796,Microplastic,931,157,959,185
Screenshot 2026-04-19 at 4-20-03 PM_png.rf.qqJo197pmFktlPY4Ifi3.png,1506,796,Microplastic,842,83,870,109
Screenshot 2026-04-19 at 4-20-03 PM_png.rf.qqJo197pmFktlPY4Ifi3.png,1506,796,Microplastic,184,186,221,223
Screenshot 2026-04-19 at 4-20-03 PM_png.rf.qqJo197pmFktlPY4Ifi3.png,1506,796,Microplastic,368,170,396,198
Screenshot 2026-04-19 at 4-20-03 PM_png.rf.qqJo197pmFktlPY4Ifi3.png,1506,796,Microplastic,1,543,18,601
Screenshot 2026-04-19 at 4-20-03 PM_png.rf.qqJo197pmFktlPY4Ifi3.png,1506,796,Microplastic,521,294,549,321
Screenshot 2026-04-19 at 4-20-03 PM_png.rf.qqJo197pmFktlPY4Ifi3.png,1506,796,Microplastic,840,182,869,209
Screenshot 2026-04-19 at 3-49-57 PM_png.rf.4qYysFAlVmh7owTVWshx.png,1500,792,Microplastic,549,208,625,275
Screenshot 2026-04-19 at 3-49-57 PM_png.rf.4qYysFAlVmh7owTVWshx.png,1500,792,Microplastic,150,147,241,257
Screenshot 2026-04-19 at 3-49-57 PM_png.rf.4qYysFAlVmh7owTVWshx.png,1500,792,Microplastic,90,41,160,103
Screenshot 2026-04-19 at 3-49-57 PM_png.rf.4qYysFAlVmh7owTVWshx.png,1500,792,Microplastic,120,449,177,512
Screenshot 2026-04-19 at 3-49-57 PM_png.rf.4qYysFAlVmh7owTVWshx.png,1500,792,Microplastic,810,76,888,160
Screenshot 2026-04-19 at 3-49-57 PM_png.rf.4qYysFAlVmh7owTVWshx.png,1500,792,Microplastic,590,319,649,383
Screenshot 2026-04-19 at 3-49-57 PM_png.rf.4qYysFAlVmh7owTVWshx.png,1500,792,Microplastic,468,278,517,337
Screenshot 2026-04-19 at 3-49-57 PM_png.rf.4qYysFAlVmh7owTVWshx.png,1500,792,Microplastic,45,121,96,185
a--35-_jpg.rf.W6f43xsJhmOXD2TuzIh9.jpg,563,537,Microplastic,26,113,121,207
a--35-_jpg.rf.W6f43xsJhmOXD2TuzIh9.jpg,563,537,Microplastic,232,147,324,215
a--35-_jpg.rf.W6f43xsJhmOXD2TuzIh9.jpg,563,537,Microplastic,285,210,356,303
a--35-_jpg.rf.W6f43xsJhmOXD2TuzIh9.jpg,563,537,Microplastic,250,316,325,409
a--38-_jpg.rf.nQRYjqCeyiGGk3qmttCn.jpg,563,537,Microplastic,21,5,103,98
a--38-_jpg.rf.nQRYjqCeyiGGk3qmttCn.jpg,563,537,Microplastic,424,146,500,216
a--38-_jpg.rf.nQRYjqCeyiGGk3qmttCn.jpg,563,537,Microplastic,293,250,354,320
a--38-_jpg.rf.nQRYjqCeyiGGk3qmttCn.jpg,563,537,Microplastic,75,259,165,339
a--38-_jpg.rf.nQRYjqCeyiGGk3qmttCn.jpg,563,537,Microplastic,0,216,46,292
a--1-_jpg.rf.fzugo4CxMzcbzu6SCs6l.jpg,563,537,Microplastic,79,3,168,75
a--1-_jpg.rf.fzugo4CxMzcbzu6SCs6l.jpg,563,537,Microplastic,0,238,41,311
a--1-_jpg.rf.fzugo4CxMzcbzu6SCs6l.jpg,563,537,Microplastic,55,442,154,536
a--10-_jpg.rf.i6w0peS9kYJFzGuInnsb.jpg,563,537,Microplastic,146,207,230,316
a--10-_jpg.rf.i6w0peS9kYJFzGuInnsb.jpg,563,537,Microplastic,265,257,377,364
a--10-_jpg.rf.i6w0peS9kYJFzGuInnsb.jpg,563,537,Microplastic,251,378,311,465
a--15-_jpg.rf.wKmQohkKYRxTcS2d3nkT.jpg,563,537,Microplastic,147,32,239,141
a--15-_jpg.rf.wKmQohkKYRxTcS2d3nkT.jpg,563,537,Microplastic,56,240,156,330
a--15-_jpg.rf.wKmQohkKYRxTcS2d3nkT.jpg,563,537,Microplastic,141,429,215,499
a--15-_jpg.rf.wKmQohkKYRxTcS2d3nkT.jpg,563,537,Microplastic,400,361,453,449
a--48-_jpg.rf.c8Q2DLBin7Rvhe9lyncs.jpg,563,537,Microplastic,108,79,194,168
a--48-_jpg.rf.c8Q2DLBin7Rvhe9lyncs.jpg,563,537,Microplastic,361,57,436,134
a--48-_jpg.rf.c8Q2DLBin7Rvhe9lyncs.jpg,563,537,Microplastic,229,203,296,282
a--48-_jpg.rf.c8Q2DLBin7Rvhe9lyncs.jpg,563,537,Microplastic,225,308,314,381
a--48-_jpg.rf.c8Q2DLBin7Rvhe9lyncs.jpg,563,537,Microplastic,204,490,272,536
a--22-_jpg.rf.I24C6RgR2Z2943sxTcXC.jpg,563,537,Microplastic,168,0,287,71
a--22-_jpg.rf.I24C6RgR2Z2943sxTcXC.jpg,563,537,Microplastic,402,28,472,100
a--22-_jpg.rf.I24C6RgR2Z2943sxTcXC.jpg,563,537,Microplastic,282,293,365,395
a--22-_jpg.rf.I24C6RgR2Z2943sxTcXC.jpg,563,537,Microplastic,217,182,304,277
a--4-_jpg.rf.7Qnh6MCXkv3dqVHAIupD.jpg,563,537,Microplastic,196,81,287,167
a--4-_jpg.rf.7Qnh6MCXkv3dqVHAIupD.jpg,563,537,Microplastic,193,297,296,384
a--4-_jpg.rf.7Qnh6MCXkv3dqVHAIupD.jpg,563,537,Microplastic,0,155,38,233
a--47-_jpg.rf.9ukuSaxvHCd1qOI7NonJ.jpg,563,537,Microplastic,217,64,305,154
a--47-_jpg.rf.9ukuSaxvHCd1qOI7NonJ.jpg,563,537,Microplastic,438,209,518,285
a--47-_jpg.rf.9ukuSaxvHCd1qOI7NonJ.jpg,563,537,Microplastic,226,276,309,355
a--47-_jpg.rf.9ukuSaxvHCd1qOI7NonJ.jpg,563,537,Microplastic,139,415,222,503
a--47-_jpg.rf.9ukuSaxvHCd1qOI7NonJ.jpg,563,537,Microplastic,283,507,356,536
c--105-_jpg.rf.9ITScnMAZ37dj0lNO96S.jpg,563,537,Microplastic,361,133,379,149
c--105-_jpg.rf.9ITScnMAZ37dj0lNO96S.jpg,563,537,Microplastic,75,138,93,153
c--105-_jpg.rf.9ITScnMAZ37dj0lNO96S.jpg,563,537,Microplastic,205,151,234,179
c--105-_jpg.rf.9ITScnMAZ37dj0lNO96S.jpg,563,537,Microplastic,103,155,122,176
c--105-_jpg.rf.9ITScnMAZ37dj0lNO96S.jpg,563,537,Microplastic,1,188,57,232
c--105-_jpg.rf.9ITScnMAZ37dj0lNO96S.jpg,563,537,Microplastic,416,383,491,454
c--105-_jpg.rf.9ITScnMAZ37dj0lNO96S.jpg,563,537,Microplastic,243,416,285,452
c--105-_jpg.rf.9ITScnMAZ37dj0lNO96S.jpg,563,537,Microplastic,347,478,389,528
c--105-_jpg.rf.9ITScnMAZ37dj0lNO96S.jpg,563,537,Microplastic,118,523,187,536
f--47-_jpg.rf.xRPhOeis4KtqW95qIWur.jpg,563,537,Microplastic,239,0,292,15
f--47-_jpg.rf.xRPhOeis4KtqW95qIWur.jpg,563,537,Microplastic,80,0,146,37
f--47-_jpg.rf.xRPhOeis4KtqW95qIWur.jpg,563,537,Microplastic,127,164,195,207
f--47-_jpg.rf.xRPhOeis4KtqW95qIWur.jpg,563,537,Microplastic,469,227,523,274
f--47-_jpg.rf.xRPhOeis4KtqW95qIWur.jpg,563,537,Microplastic,100,279,166,322
f--47-_jpg.rf.xRPhOeis4KtqW95qIWur.jpg,563,537,Microplastic,175,470,232,527
f--47-_jpg.rf.xRPhOeis4KtqW95qIWur.jpg,563,537,Microplastic,42,479,109,536
a--28-_jpg.rf.xObVnRpgjtota8G9XMpS.jpg,563,537,Microplastic,154,132,229,216
a--28-_jpg.rf.xObVnRpgjtota8G9XMpS.jpg,563,537,Microplastic,85,263,171,341
a--28-_jpg.rf.xObVnRpgjtota8G9XMpS.jpg,563,537,Microplastic,238,293,294,376
a--28-_jpg.rf.xObVnRpgjtota8G9XMpS.jpg,563,537,Microplastic,0,441,88,536
a--45-_jpg.rf.uN0tIeAM0sViNjJy8HFk.jpg,563,537,Microplastic,189,203,269,267
a--45-_jpg.rf.uN0tIeAM0sViNjJy8HFk.jpg,563,537,Microplastic,178,272,245,341
a--45-_jpg.rf.uN0tIeAM0sViNjJy8HFk.jpg,563,537,Microplastic,93,247,163,327
a--45-_jpg.rf.uN0tIeAM0sViNjJy8HFk.jpg,563,537,Microplastic,280,462,379,536
a--45-_jpg.rf.uN0tIeAM0sViNjJy8HFk.jpg,563,537,Microplastic,431,166,509,238
a--54-_jpg.rf.0VdOPQxSaG7YwfdplnyK.jpg,563,537,Microplastic,61,44,135,126
a--54-_jpg.rf.0VdOPQxSaG7YwfdplnyK.jpg,563,537,Microplastic,204,49,276,121
a--54-_jpg.rf.0VdOPQxSaG7YwfdplnyK.jpg,563,537,Microplastic,380,85,452,150
a--54-_jpg.rf.0VdOPQxSaG7YwfdplnyK.jpg,563,537,Microplastic,252,216,325,286
a--54-_jpg.rf.0VdOPQxSaG7YwfdplnyK.jpg,563,537,Microplastic,146,356,235,429
a--82-_jpg.rf.9RhwelGk6etHnYP2IGXF.jpg,563,537,Microplastic,299,166,363,226
a--82-_jpg.rf.9RhwelGk6etHnYP2IGXF.jpg,563,537,Microplastic,218,280,303,359
a--82-_jpg.rf.9RhwelGk6etHnYP2IGXF.jpg,563,537,Microplastic,25,244,95,309
a--82-_jpg.rf.9RhwelGk6etHnYP2IGXF.jpg,563,537,Microplastic,66,398,150,477
a--16-_jpg.rf.uVYSz9bXLWvSk5lJsMyQ.jpg,563,537,Microplastic,100,0,194,68
a--16-_jpg.rf.uVYSz9bXLWvSk5lJsMyQ.jpg,563,537,Microplastic,289,0,373,67
a--16-_jpg.rf.uVYSz9bXLWvSk5lJsMyQ.jpg,563,537,Microplastic,66,187,134,259
a--16-_jpg.rf.uVYSz9bXLWvSk5lJsMyQ.jpg,563,537,Microplastic,0,407,104,506
a--19-_jpg.rf.xzm5DYwgHYPKaPr6d0hw.jpg,563,537,Microplastic,200,126,284,195
a--19-_jpg.rf.xzm5DYwgHYPKaPr6d0hw.jpg,563,537,Microplastic,56,209,131,278
a--19-_jpg.rf.xzm5DYwgHYPKaPr6d0hw.jpg,563,537,Microplastic,178,246,229,318
a--19-_jpg.rf.xzm5DYwgHYPKaPr6d0hw.jpg,563,537,Microplastic,262,268,347,362
a--19-_jpg.rf.xzm5DYwgHYPKaPr6d0hw.jpg,563,537,Microplastic,83,378,177,462
a--18-_jpg.rf.lKtr9mDtzumbMk72DAFv.jpg,563,537,Microplastic,80,207,138,272
a--18-_jpg.rf.lKtr9mDtzumbMk72DAFv.jpg,563,537,Microplastic,191,197,276,276
a--18-_jpg.rf.lKtr9mDtzumbMk72DAFv.jpg,563,537,Microplastic,256,447,349,536
a--85-_jpg.rf.EImjnsyxalery9pAEv4X.jpg,563,537,Microplastic,100,102,163,168
a--85-_jpg.rf.EImjnsyxalery9pAEv4X.jpg,563,537,Microplastic,330,150,391,220
a--85-_jpg.rf.EImjnsyxalery9pAEv4X.jpg,563,537,Microplastic,323,298,382,373
a--85-_jpg.rf.EImjnsyxalery9pAEv4X.jpg,563,537,Microplastic,116,226,188,295
a--85-_jpg.rf.EImjnsyxalery9pAEv4X.jpg,563,537,Microplastic,0,336,59,412
a--56-_jpg.rf.AERe1GzHL4LlF6gslQq6.jpg,563,537,Microplastic,193,31,273,104
a--56-_jpg.rf.AERe1GzHL4LlF6gslQq6.jpg,563,537,Microplastic,399,226,480,296
a--56-_jpg.rf.AERe1GzHL4LlF6gslQq6.jpg,563,537,Microplastic,0,291,30,390
a--56-_jpg.rf.AERe1GzHL4LlF6gslQq6.jpg,563,537,Microplastic,76,376,165,449
b--46-_jpg.rf.cYTWQSpUj6MDfUZ28gRl.jpg,563,537,Microplastic,279,0,305,17
b--46-_jpg.rf.cYTWQSpUj6MDfUZ28gRl.jpg,563,537,Microplastic,281,26,313,72
b--46-_jpg.rf.cYTWQSpUj6MDfUZ28gRl.jpg,563,537,Microplastic,487,268,512,310
b--46-_jpg.rf.cYTWQSpUj6MDfUZ28gRl.jpg,563,537,Microplastic,466,387,491,414
b--46-_jpg.rf.cYTWQSpUj6MDfUZ28gRl.jpg,563,537,Microplastic,352,520,406,536
b--46-_jpg.rf.cYTWQSpUj6MDfUZ28gRl.jpg,563,537,Microplastic,16,526,92,536
b--46-_jpg.rf.cYTWQSpUj6MDfUZ28gRl.jpg,563,537,Microplastic,102,378,147,427
b--46-_jpg.rf.cYTWQSpUj6MDfUZ28gRl.jpg,563,537,Microplastic,222,391,261,417
b--46-_jpg.rf.cYTWQSpUj6MDfUZ28gRl.jpg,563,537,Microplastic,169,200,208,221
b--46-_jpg.rf.cYTWQSpUj6MDfUZ28gRl.jpg,563,537,Microplastic,161,217,195,245
b--46-_jpg.rf.cYTWQSpUj6MDfUZ28gRl.jpg,563,537,Microplastic,99,325,132,350
b--46-_jpg.rf.cYTWQSpUj6MDfUZ28gRl.jpg,563,537,Microplastic,202,298,239,332
b--46-_jpg.rf.cYTWQSpUj6MDfUZ28gRl.jpg,563,537,Microplastic,286,360,319,389
b--46-_jpg.rf.cYTWQSpUj6MDfUZ28gRl.jpg,563,537,Microplastic,171,0,200,13
b--84-_jpg.rf.3rwtcOqWoZNulSeEktoJ.jpg,563,537,Microplastic,240,159,265,203
b--84-_jpg.rf.3rwtcOqWoZNulSeEktoJ.jpg,563,537,Microplastic,295,159,317,181
b--84-_jpg.rf.3rwtcOqWoZNulSeEktoJ.jpg,563,537,Microplastic,368,197,397,214
b--84-_jpg.rf.3rwtcOqWoZNulSeEktoJ.jpg,563,537,Microplastic,303,394,344,430
b--84-_jpg.rf.3rwtcOqWoZNulSeEktoJ.jpg,563,537,Microplastic,297,334,318,368
b--84-_jpg.rf.3rwtcOqWoZNulSeEktoJ.jpg,563,537,Microplastic,350,410,365,452
b--84-_jpg.rf.3rwtcOqWoZNulSeEktoJ.jpg,563,537,Microplastic,169,440,194,455
b--84-_jpg.rf.3rwtcOqWoZNulSeEktoJ.jpg,563,537,Microplastic,60,160,72,189
b--84-_jpg.rf.3rwtcOqWoZNulSeEktoJ.jpg,563,537,Microplastic,100,167,114,181
b--84-_jpg.rf.3rwtcOqWoZNulSeEktoJ.jpg,563,537,Microplastic,58,248,74,262
b--84-_jpg.rf.3rwtcOqWoZNulSeEktoJ.jpg,563,537,Microplastic,0,332,11,355
b--84-_jpg.rf.3rwtcOqWoZNulSeEktoJ.jpg,563,537,Microplastic,335,7,365,42
b--84-_jpg.rf.3rwtcOqWoZNulSeEktoJ.jpg,563,537,Microplastic,402,58,420,80
b--84-_jpg.rf.3rwtcOqWoZNulSeEktoJ.jpg,563,537,Microplastic,474,149,490,180
b--84-_jpg.rf.3rwtcOqWoZNulSeEktoJ.jpg,563,537,Microplastic,130,0,145,18
b--84-_jpg.rf.3rwtcOqWoZNulSeEktoJ.jpg,563,537,Microplastic,150,82,159,99
b--84-_jpg.rf.3rwtcOqWoZNulSeEktoJ.jpg,563,537,Microplastic,161,84,178,100
b--47-_jpg.rf.kffr9VFxayO4Ow2lkrO1.jpg,563,537,Microplastic,218,0,246,17
b--47-_jpg.rf.kffr9VFxayO4Ow2lkrO1.jpg,563,537,Microplastic,359,20,381,54
b--47-_jpg.rf.kffr9VFxayO4Ow2lkrO1.jpg,563,537,Microplastic,121,43,139,90
b--47-_jpg.rf.kffr9VFxayO4Ow2lkrO1.jpg,563,537,Microplastic,243,77,273,121
b--47-_jpg.rf.kffr9VFxayO4Ow2lkrO1.jpg,563,537,Microplastic,425,74,482,131
b--47-_jpg.rf.kffr9VFxayO4Ow2lkrO1.jpg,563,537,Microplastic,75,104,142,137
b--47-_jpg.rf.kffr9VFxayO4Ow2lkrO1.jpg,563,537,Microplastic,107,181,132,215
b--47-_jpg.rf.kffr9VFxayO4Ow2lkrO1.jpg,563,537,Microplastic,182,198,209,257
b--47-_jpg.rf.kffr9VFxayO4Ow2lkrO1.jpg,563,537,Microplastic,48,244,73,293
b--47-_jpg.rf.kffr9VFxayO4Ow2lkrO1.jpg,563,537,Microplastic,91,305,105,326
b--47-_jpg.rf.kffr9VFxayO4Ow2lkrO1.jpg,563,537,Microplastic,4,381,49,413
b--47-_jpg.rf.kffr9VFxayO4Ow2lkrO1.jpg,563,537,Microplastic,42,432,68,459
b--47-_jpg.rf.kffr9VFxayO4Ow2lkrO1.jpg,563,537,Microplastic,501,450,516,485
b--200-_jpg.rf.sBJkvqWK4kKEhtPQoAkd.jpg,563,537,Microplastic,205,0,247,26
b--200-_jpg.rf.sBJkvqWK4kKEhtPQoAkd.jpg,563,537,Microplastic,59,37,104,91
b--200-_jpg.rf.sBJkvqWK4kKEhtPQoAkd.jpg,563,537,Microplastic,409,44,463,95
b--200-_jpg.rf.sBJkvqWK4kKEhtPQoAkd.jpg,563,537,Microplastic,162,44,229,111
b--200-_jpg.rf.sBJkvqWK4kKEhtPQoAkd.jpg,563,537,Microplastic,7,87,60,136
b--200-_jpg.rf.sBJkvqWK4kKEhtPQoAkd.jpg,563,537,Microplastic,134,140,162,166
b--200-_jpg.rf.sBJkvqWK4kKEhtPQoAkd.jpg,563,537,Microplastic,339,162,363,199
b--200-_jpg.rf.sBJkvqWK4kKEhtPQoAkd.jpg,563,537,Microplastic,444,162,476,199
b--200-_jpg.rf.sBJkvqWK4kKEhtPQoAkd.jpg,563,537,Microplastic,89,190,115,217
b--200-_jpg.rf.sBJkvqWK4kKEhtPQoAkd.jpg,563,537,Microplastic,464,219,484,254
b--200-_jpg.rf.sBJkvqWK4kKEhtPQoAkd.jpg,563,537,Microplastic,394,342,412,378
b--200-_jpg.rf.sBJkvqWK4kKEhtPQoAkd.jpg,563,537,Microplastic,9,370,43,417
b--200-_jpg.rf.sBJkvqWK4kKEhtPQoAkd.jpg,563,537,Microplastic,335,480,374,525
a--13-_jpg.rf.yG1YZN2D5lYg0eVbsBSS.jpg,563,537,Microplastic,85,145,193,239
a--13-_jpg.rf.yG1YZN2D5lYg0eVbsBSS.jpg,563,537,Microplastic,200,183,266,256
a--13-_jpg.rf.yG1YZN2D5lYg0eVbsBSS.jpg,563,537,Microplastic,103,231,200,292
a--13-_jpg.rf.yG1YZN2D5lYg0eVbsBSS.jpg,563,537,Microplastic,239,328,352,432
a--39-_jpg.rf.3c9mvpE0JfCbzN86NEjR.jpg,563,537,Microplastic,159,216,247,305
a--39-_jpg.rf.3c9mvpE0JfCbzN86NEjR.jpg,563,537,Microplastic,272,242,342,318
a--39-_jpg.rf.3c9mvpE0JfCbzN86NEjR.jpg,563,537,Microplastic,456,256,524,321
a--39-_jpg.rf.3c9mvpE0JfCbzN86NEjR.jpg,563,537,Microplastic,409,383,474,447
a--39-_jpg.rf.3c9mvpE0JfCbzN86NEjR.jpg,563,537,Microplastic,0,372,50,466
114_jpg.rf.97apdC2Xb8Ep6FxnD0Ii.jpg,563,537,Microplastic,369,9,395,35
114_jpg.rf.97apdC2Xb8Ep6FxnD0Ii.jpg,563,537,Microplastic,265,34,286,59
114_jpg.rf.97apdC2Xb8Ep6FxnD0Ii.jpg,563,537,Microplastic,97,47,123,71
114_jpg.rf.97apdC2Xb8Ep6FxnD0Ii.jpg,563,537,Microplastic,162,42,192,76
114_jpg.rf.97apdC2Xb8Ep6FxnD0Ii.jpg,563,537,Microplastic,77,80,99,102
114_jpg.rf.97apdC2Xb8Ep6FxnD0Ii.jpg,563,537,Microplastic,162,92,203,121
114_jpg.rf.97apdC2Xb8Ep6FxnD0Ii.jpg,563,537,Microplastic,177,155,204,184
114_jpg.rf.97apdC2Xb8Ep6FxnD0Ii.jpg,563,537,Microplastic,224,186,256,223
114_jpg.rf.97apdC2Xb8Ep6FxnD0Ii.jpg,563,537,Microplastic,302,192,326,219
114_jpg.rf.97apdC2Xb8Ep6FxnD0Ii.jpg,563,537,Microplastic,499,220,528,248
114_jpg.rf.97apdC2Xb8Ep6FxnD0Ii.jpg,563,537,Microplastic,335,255,362,279
114_jpg.rf.97apdC2Xb8Ep6FxnD0Ii.jpg,563,537,Microplastic,2,339,28,361
114_jpg.rf.97apdC2Xb8Ep6FxnD0Ii.jpg,563,537,Microplastic,0,392,32,415
114_jpg.rf.97apdC2Xb8Ep6FxnD0Ii.jpg,563,537,Microplastic,220,394,253,427
114_jpg.rf.97apdC2Xb8Ep6FxnD0Ii.jpg,563,537,Microplastic,249,419,271,449
114_jpg.rf.97apdC2Xb8Ep6FxnD0Ii.jpg,563,537,Microplastic,150,457,170,480
114_jpg.rf.97apdC2Xb8Ep6FxnD0Ii.jpg,563,537,Microplastic,62,487,103,515
114_jpg.rf.97apdC2Xb8Ep6FxnD0Ii.jpg,563,537,Microplastic,209,514,227,536
f--48-_jpg.rf.z2GYbc4Op8THfqhQB4r9.jpg,563,537,Microplastic,315,0,368,46
f--48-_jpg.rf.z2GYbc4Op8THfqhQB4r9.jpg,563,537,Microplastic,419,89,479,116
f--48-_jpg.rf.z2GYbc4Op8THfqhQB4r9.jpg,563,537,Microplastic,482,155,513,209
f--48-_jpg.rf.z2GYbc4Op8THfqhQB4r9.jpg,563,537,Microplastic,189,215,216,253
f--48-_jpg.rf.z2GYbc4Op8THfqhQB4r9.jpg,563,537,Microplastic,487,232,529,275
f--48-_jpg.rf.z2GYbc4Op8THfqhQB4r9.jpg,563,537,Microplastic,302,249,337,278
f--48-_jpg.rf.z2GYbc4Op8THfqhQB4r9.jpg,563,537,Microplastic,467,337,521,387
f--48-_jpg.rf.z2GYbc4Op8THfqhQB4r9.jpg,563,537,Microplastic,334,465,408,527
f--48-_jpg.rf.z2GYbc4Op8THfqhQB4r9.jpg,563,537,Microplastic,42,489,95,530
f--48-_jpg.rf.z2GYbc4Op8THfqhQB4r9.jpg,563,537,Microplastic,202,470,253,536
100_jpg.rf.9UOHIhPFUqn5Rx5Q61Ix.jpg,563,537,Microplastic,217,20,255,46
100_jpg.rf.9UOHIhPFUqn5Rx5Q61Ix.jpg,563,537,Microplastic,94,65,115,85
100_jpg.rf.9UOHIhPFUqn5Rx5Q61Ix.jpg,563,537,Microplastic,211,90,224,107
100_jpg.rf.9UOHIhPFUqn5Rx5Q61Ix.jpg,563,537,Microplastic,2,134,25,145
100_jpg.rf.9UOHIhPFUqn5Rx5Q61Ix.jpg,563,537,Microplastic,134,156,167,175
100_jpg.rf.9UOHIhPFUqn5Rx5Q61Ix.jpg,563,537,Microplastic,277,175,292,190
100_jpg.rf.9UOHIhPFUqn5Rx5Q61Ix.jpg,563,537,Microplastic,250,302,263,317
100_jpg.rf.9UOHIhPFUqn5Rx5Q61Ix.jpg,563,537,Microplastic,432,331,453,352
100_jpg.rf.9UOHIhPFUqn5Rx5Q61Ix.jpg,563,537,Microplastic,505,342,517,372
100_jpg.rf.9UOHIhPFUqn5Rx5Q61Ix.jpg,563,537,Microplastic,473,429,481,441
100_jpg.rf.9UOHIhPFUqn5Rx5Q61Ix.jpg,563,537,Microplastic,43,476,69,498
100_jpg.rf.9UOHIhPFUqn5Rx5Q61Ix.jpg,563,537,Microplastic,303,488,330,510
100_jpg.rf.9UOHIhPFUqn5Rx5Q61Ix.jpg,563,537,Microplastic,61,524,78,535
10_jpg.rf.LumJsvC00cUK9UWvSPkE.jpg,563,537,Microplastic,186,216,213,243
10_jpg.rf.LumJsvC00cUK9UWvSPkE.jpg,563,537,Microplastic,56,303,87,331
10_jpg.rf.LumJsvC00cUK9UWvSPkE.jpg,563,537,Microplastic,165,242,184,257
10_jpg.rf.LumJsvC00cUK9UWvSPkE.jpg,563,537,Microplastic,102,212,113,233
10_jpg.rf.LumJsvC00cUK9UWvSPkE.jpg,563,537,Microplastic,166,146,194,168
10_jpg.rf.LumJsvC00cUK9UWvSPkE.jpg,563,537,Microplastic,219,103,246,130
10_jpg.rf.LumJsvC00cUK9UWvSPkE.jpg,563,537,Microplastic,296,240,319,273
10_jpg.rf.LumJsvC00cUK9UWvSPkE.jpg,563,537,Microplastic,345,227,359,244
10_jpg.rf.LumJsvC00cUK9UWvSPkE.jpg,563,537,Microplastic,287,159,297,174
10_jpg.rf.LumJsvC00cUK9UWvSPkE.jpg,563,537,Microplastic,356,236,369,252
10_jpg.rf.LumJsvC00cUK9UWvSPkE.jpg,563,537,Microplastic,209,303,230,316
10_jpg.rf.LumJsvC00cUK9UWvSPkE.jpg,563,537,Microplastic,233,281,248,295
10_jpg.rf.LumJsvC00cUK9UWvSPkE.jpg,563,537,Microplastic,364,356,393,381
10_jpg.rf.LumJsvC00cUK9UWvSPkE.jpg,563,537,Microplastic,403,223,428,249
10_jpg.rf.LumJsvC00cUK9UWvSPkE.jpg,563,537,Microplastic,347,130,367,150
10_jpg.rf.LumJsvC00cUK9UWvSPkE.jpg,563,537,Microplastic,464,126,487,152
10_jpg.rf.LumJsvC00cUK9UWvSPkE.jpg,563,537,Microplastic,105,477,138,507
10_jpg.rf.LumJsvC00cUK9UWvSPkE.jpg,563,537,Microplastic,10,395,35,419
10_jpg.rf.LumJsvC00cUK9UWvSPkE.jpg,563,537,Microplastic,207,485,223,498
Screenshot 2026-04-16 at 4-53-44 PM_png.rf.7tetGZXXTQAdssCAuxIB.png,1570,876,Microplastic,264,264,340,332
Screenshot 2026-04-16 at 4-53-44 PM_png.rf.7tetGZXXTQAdssCAuxIB.png,1570,876,Microplastic,560,74,1015,540
Screenshot 2026-04-16 at 4-53-44 PM_png.rf.7tetGZXXTQAdssCAuxIB.png,1570,876,Microplastic,392,773,456,836
Screenshot 2026-04-16 at 4-53-44 PM_png.rf.7tetGZXXTQAdssCAuxIB.png,1570,876,Microplastic,342,631,408,706
Screenshot 2026-04-16 at 4-53-44 PM_png.rf.7tetGZXXTQAdssCAuxIB.png,1570,876,Microplastic,1272,55,1307,83
Screenshot 2026-04-16 at 4-53-44 PM_png.rf.7tetGZXXTQAdssCAuxIB.png,1570,876,Microplastic,549,326,616,378
Screenshot 2026-04-16 at 4-53-44 PM_png.rf.7tetGZXXTQAdssCAuxIB.png,1570,876,Microplastic,4,358,64,407
Screenshot 2026-04-16 at 4-53-44 PM_png.rf.7tetGZXXTQAdssCAuxIB.png,1570,876,Microplastic,957,24,996,56
Screenshot 2026-04-16 at 4-53-44 PM_png.rf.7tetGZXXTQAdssCAuxIB.png,1570,876,Microplastic,1013,0,1048,16
Screenshot 2026-04-16 at 4-53-44 PM_png.rf.7tetGZXXTQAdssCAuxIB.png,1570,876,Microplastic,1237,165,1352,255
115_jpg.rf.QwRkPM8tuN78mbJgIuRq.jpg,563,537,Microplastic,135,9,165,55
115_jpg.rf.QwRkPM8tuN78mbJgIuRq.jpg,563,537,Microplastic,222,27,256,60
115_jpg.rf.QwRkPM8tuN78mbJgIuRq.jpg,563,537,Microplastic,180,97,213,119
115_jpg.rf.QwRkPM8tuN78mbJgIuRq.jpg,563,537,Microplastic,320,120,369,170
115_jpg.rf.QwRkPM8tuN78mbJgIuRq.jpg,563,537,Microplastic,372,134,397,172
115_jpg.rf.QwRkPM8tuN78mbJgIuRq.jpg,563,537,Microplastic,295,167,322,195
115_jpg.rf.QwRkPM8tuN78mbJgIuRq.jpg,563,537,Microplastic,264,202,290,241
115_jpg.rf.QwRkPM8tuN78mbJgIuRq.jpg,563,537,Microplastic,303,207,329,240
115_jpg.rf.QwRkPM8tuN78mbJgIuRq.jpg,563,537,Microplastic,312,292,342,328
115_jpg.rf.QwRkPM8tuN78mbJgIuRq.jpg,563,537,Microplastic,234,420,255,442
115_jpg.rf.QwRkPM8tuN78mbJgIuRq.jpg,563,537,Microplastic,49,439,82,490
115_jpg.rf.QwRkPM8tuN78mbJgIuRq.jpg,563,537,Microplastic,352,444,378,486
115_jpg.rf.QwRkPM8tuN78mbJgIuRq.jpg,563,537,Microplastic,275,449,300,487
115_jpg.rf.QwRkPM8tuN78mbJgIuRq.jpg,563,537,Microplastic,182,459,213,486
Screenshot 2026-04-16 at 4-50-56 PM_png.rf.4Z4Irf5J6AysA4Ls7jiP.png,1562,812,Microplastic,49,72,94,118
Screenshot 2026-04-16 at 4-50-56 PM_png.rf.4Z4Irf5J6AysA4Ls7jiP.png,1562,812,Microplastic,1182,113,1222,164
Screenshot 2026-04-16 at 4-50-56 PM_png.rf.4Z4Irf5J6AysA4Ls7jiP.png,1562,812,Microplastic,1282,392,1333,443
Screenshot 2026-04-16 at 4-50-56 PM_png.rf.4Z4Irf5J6AysA4Ls7jiP.png,1562,812,Microplastic,909,619,974,666
Screenshot 2026-04-16 at 4-50-56 PM_png.rf.4Z4Irf5J6AysA4Ls7jiP.png,1562,812,Microplastic,772,132,811,169
Screenshot 2026-04-16 at 4-50-56 PM_png.rf.4Z4Irf5J6AysA4Ls7jiP.png,1562,812,Microplastic,1511,45,1537,68
Screenshot 2026-04-16 at 4-50-56 PM_png.rf.4Z4Irf5J6AysA4Ls7jiP.png,1562,812,Microplastic,1518,572,1553,613
Screenshot 2026-04-16 at 4-50-56 PM_png.rf.4Z4Irf5J6AysA4Ls7jiP.png,1562,812,Microplastic,143,555,197,596
Screenshot 2026-04-16 at 4-50-56 PM_png.rf.4Z4Irf5J6AysA4Ls7jiP.png,1562,812,Microplastic,177,703,209,728
Screenshot 2026-04-16 at 4-50-56 PM_png.rf.4Z4Irf5J6AysA4Ls7jiP.png,1562,812,Microplastic,246,196,401,282
Screenshot 2026-04-16 at 4-50-56 PM_png.rf.4Z4Irf5J6AysA4Ls7jiP.png,1562,812,Microplastic,614,504,715,559
Screenshot 2026-04-16 at 4-50-56 PM_png.rf.4Z4Irf5J6AysA4Ls7jiP.png,1562,812,Microplastic,1172,631,1229,673
Screenshot 2026-04-16 at 4-50-56 PM_png.rf.4Z4Irf5J6AysA4Ls7jiP.png,1562,812,Microplastic,744,745,775,774
Screenshot 2026-04-16 at 4-50-56 PM_png.rf.4Z4Irf5J6AysA4Ls7jiP.png,1562,812,Microplastic,243,206,288,266
Screenshot 2026-04-16 at 4-50-56 PM_png.rf.4Z4Irf5J6AysA4Ls7jiP.png,1562,812,Microplastic,1072,481,1114,513
Screenshot 2026-04-19 at 4-15-48 PM_png.rf.MYKgpk1oXVw4sUvwK1SK.png,1518,856,Microplastic,570,18,952,329
Screenshot 2026-04-19 at 4-15-48 PM_png.rf.MYKgpk1oXVw4sUvwK1SK.png,1518,856,Microplastic,627,44,1109,503
Screenshot 2026-04-19 at 4-15-48 PM_png.rf.MYKgpk1oXVw4sUvwK1SK.png,1518,856,Microplastic,175,651,1045,827
118_jpg.rf.QWZtqeFfVLS79OhlUw1p.jpg,563,537,Microplastic,229,25,271,77
118_jpg.rf.QWZtqeFfVLS79OhlUw1p.jpg,563,537,Microplastic,375,40,401,78
118_jpg.rf.QWZtqeFfVLS79OhlUw1p.jpg,563,537,Microplastic,204,94,223,126
118_jpg.rf.QWZtqeFfVLS79OhlUw1p.jpg,563,537,Microplastic,74,103,110,139
118_jpg.rf.QWZtqeFfVLS79OhlUw1p.jpg,563,537,Microplastic,34,109,72,143
118_jpg.rf.QWZtqeFfVLS79OhlUw1p.jpg,563,537,Microplastic,474,127,501,164
118_jpg.rf.QWZtqeFfVLS79OhlUw1p.jpg,563,537,Microplastic,480,195,517,228
118_jpg.rf.QWZtqeFfVLS79OhlUw1p.jpg,563,537,Microplastic,82,214,101,230
118_jpg.rf.QWZtqeFfVLS79OhlUw1p.jpg,563,537,Microplastic,205,222,232,253
118_jpg.rf.QWZtqeFfVLS79OhlUw1p.jpg,563,537,Microplastic,142,227,189,249
118_jpg.rf.QWZtqeFfVLS79OhlUw1p.jpg,563,537,Microplastic,379,260,400,281
118_jpg.rf.QWZtqeFfVLS79OhlUw1p.jpg,563,537,Microplastic,195,307,214,327
118_jpg.rf.QWZtqeFfVLS79OhlUw1p.jpg,563,537,Microplastic,162,334,183,355
118_jpg.rf.QWZtqeFfVLS79OhlUw1p.jpg,563,537,Microplastic,69,380,87,428
118_jpg.rf.QWZtqeFfVLS79OhlUw1p.jpg,563,537,Microplastic,205,474,226,503
118_jpg.rf.QWZtqeFfVLS79OhlUw1p.jpg,563,537,Microplastic,280,527,310,536
a--37-_jpg.rf.yW1CR165OXFB2YNYb7bg.jpg,563,537,Microplastic,110,201,177,289
a--37-_jpg.rf.yW1CR165OXFB2YNYb7bg.jpg,563,537,Microplastic,337,272,406,342
a--37-_jpg.rf.yW1CR165OXFB2YNYb7bg.jpg,563,537,Microplastic,0,370,56,480
a--37-_jpg.rf.yW1CR165OXFB2YNYb7bg.jpg,563,537,Microplastic,274,416,328,503
a--37-_jpg.rf.yW1CR165OXFB2YNYb7bg.jpg,563,537,Microplastic,98,461,194,536
f--34-_jpg.rf.OM0XyY7cAbKUd1gEdNz6.jpg,563,537,Microplastic,360,209,402,256
f--34-_jpg.rf.OM0XyY7cAbKUd1gEdNz6.jpg,563,537,Microplastic,69,209,101,281
f--34-_jpg.rf.OM0XyY7cAbKUd1gEdNz6.jpg,563,537,Microplastic,219,254,274,316
Screenshot 2026-04-16 at 4-53-21 PM_png.rf.ASiDeksXiBuh3qXxI9Ej.png,1574,892,Microplastic,658,790,727,859
Screenshot 2026-04-16 at 4-53-21 PM_png.rf.ASiDeksXiBuh3qXxI9Ej.png,1574,892,Microplastic,1314,208,1341,240
Screenshot 2026-04-16 at 4-53-21 PM_png.rf.ASiDeksXiBuh3qXxI9Ej.png,1574,892,Microplastic,1359,444,1390,472
Screenshot 2026-04-16 at 4-53-21 PM_png.rf.ASiDeksXiBuh3qXxI9Ej.png,1574,892,Microplastic,75,380,112,423
Screenshot 2026-04-16 at 4-53-21 PM_png.rf.ASiDeksXiBuh3qXxI9Ej.png,1574,892,Microplastic,402,379,446,424
Screenshot 2026-04-16 at 4-53-21 PM_png.rf.ASiDeksXiBuh3qXxI9Ej.png,1574,892,Microplastic,1322,813,1388,871
Screenshot 2026-04-16 at 4-53-21 PM_png.rf.ASiDeksXiBuh3qXxI9Ej.png,1574,892,Microplastic,1288,463,1321,499
Screenshot 2026-04-16 at 4-53-21 PM_png.rf.ASiDeksXiBuh3qXxI9Ej.png,1574,892,Microplastic,990,66,1021,97
Screenshot 2026-04-16 at 4-50-48 PM_png.rf.gJmFMTr5C9p8aB875BtT.png,1558,806,Microplastic,827,591,892,640
Screenshot 2026-04-16 at 4-50-48 PM_png.rf.gJmFMTr5C9p8aB875BtT.png,1558,806,Microplastic,1207,352,1259,402
Screenshot 2026-04-16 at 4-50-48 PM_png.rf.gJmFMTr5C9p8aB875BtT.png,1558,806,Microplastic,1090,76,1130,126
Screenshot 2026-04-16 at 4-50-48 PM_png.rf.gJmFMTr5C9p8aB875BtT.png,1558,806,Microplastic,663,108,701,145
Screenshot 2026-04-16 at 4-50-48 PM_png.rf.gJmFMTr5C9p8aB875BtT.png,1558,806,Microplastic,75,694,108,724
Screenshot 2026-04-16 at 4-50-48 PM_png.rf.gJmFMTr5C9p8aB875BtT.png,1558,806,Microplastic,522,492,571,536
Screenshot 2026-04-16 at 4-50-48 PM_png.rf.gJmFMTr5C9p8aB875BtT.png,1558,806,Microplastic,985,444,1025,477
Screenshot 2026-04-16 at 4-50-48 PM_png.rf.gJmFMTr5C9p8aB875BtT.png,1558,806,Microplastic,124,201,276,287
Screenshot 2026-04-16 at 4-50-48 PM_png.rf.gJmFMTr5C9p8aB875BtT.png,1558,806,Microplastic,32,547,85,589
Screenshot 2026-04-16 at 4-50-48 PM_png.rf.gJmFMTr5C9p8aB875BtT.png,1558,806,Microplastic,1419,0,1440,15
Screenshot 2026-04-16 at 4-50-48 PM_png.rf.gJmFMTr5C9p8aB875BtT.png,1558,806,Microplastic,1455,496,1501,551
Screenshot 2026-04-16 at 4-50-48 PM_png.rf.gJmFMTr5C9p8aB875BtT.png,1558,806,Microplastic,1111,588,1157,628
Screenshot 2026-04-16 at 4-50-48 PM_png.rf.gJmFMTr5C9p8aB875BtT.png,1558,806,Microplastic,671,727,700,751
Screenshot 2026-04-16 at 4-50-48 PM_png.rf.gJmFMTr5C9p8aB875BtT.png,1558,806,Microplastic,920,161,947,187
Screenshot 2026-04-16 at 4-55-20 PM_png.rf.bVqjrQiu2IhTpdp5bR6M.png,1586,868,Microplastic,545,207,660,301
Screenshot 2026-04-16 at 4-55-20 PM_png.rf.bVqjrQiu2IhTpdp5bR6M.png,1586,868,Microplastic,20,158,44,179
Screenshot 2026-04-16 at 4-55-20 PM_png.rf.bVqjrQiu2IhTpdp5bR6M.png,1586,868,Microplastic,5,450,75,516
Screenshot 2026-04-16 at 4-55-20 PM_png.rf.bVqjrQiu2IhTpdp5bR6M.png,1586,868,Microplastic,417,301,451,331
Screenshot 2026-04-16 at 4-55-20 PM_png.rf.bVqjrQiu2IhTpdp5bR6M.png,1586,868,Microplastic,1168,555,1192,577
Screenshot 2026-04-16 at 4-55-20 PM_png.rf.bVqjrQiu2IhTpdp5bR6M.png,1586,868,Microplastic,650,532,672,554
Screenshot 2026-04-16 at 4-55-20 PM_png.rf.bVqjrQiu2IhTpdp5bR6M.png,1586,868,Microplastic,1506,539,1547,581
Screenshot 2026-04-16 at 4-55-20 PM_png.rf.bVqjrQiu2IhTpdp5bR6M.png,1586,868,Microplastic,1379,69,1406,93
Screenshot 2026-04-16 at 4-55-20 PM_png.rf.bVqjrQiu2IhTpdp5bR6M.png,1586,868,Microplastic,1232,505,1255,528
Screenshot 2026-04-16 at 4-55-20 PM_png.rf.bVqjrQiu2IhTpdp5bR6M.png,1586,868,Microplastic,1214,71,1269,120
Screenshot 2026-04-16 at 4-55-20 PM_png.rf.bVqjrQiu2IhTpdp5bR6M.png,1586,868,Microplastic,788,226,988,459
Screenshot 2026-04-16 at 4-55-20 PM_png.rf.bVqjrQiu2IhTpdp5bR6M.png,1586,868,Microplastic,113,845,149,867
Screenshot 2026-04-16 at 4-55-20 PM_png.rf.bVqjrQiu2IhTpdp5bR6M.png,1586,868,Microplastic,18,405,276,547
Screenshot 2026-04-16 at 4-55-20 PM_png.rf.bVqjrQiu2IhTpdp5bR6M.png,1586,868,Microplastic,1157,0,1207,29
Screenshot 2026-04-16 at 4-55-20 PM_png.rf.bVqjrQiu2IhTpdp5bR6M.png,1586,868,Microplastic,651,524,750,581
Screenshot 2026-04-16 at 4-55-20 PM_png.rf.bVqjrQiu2IhTpdp5bR6M.png,1586,868,Microplastic,1533,850,1559,868
Screenshot 2026-04-16 at 4-55-20 PM_png.rf.bVqjrQiu2IhTpdp5bR6M.png,1586,868,Microplastic,1123,265,1158,295
Screenshot 2026-04-16 at 4-51-12 PM_png.rf.DQJJYwfdIJCyfAe29RQm.png,1594,890,Microplastic,1389,4,1427,42
Screenshot 2026-04-16 at 4-51-12 PM_png.rf.DQJJYwfdIJCyfAe29RQm.png,1594,890,Microplastic,825,14,853,42
Screenshot 2026-04-16 at 4-51-12 PM_png.rf.DQJJYwfdIJCyfAe29RQm.png,1594,890,Microplastic,500,327,800,536
Screenshot 2026-04-16 at 4-51-12 PM_png.rf.DQJJYwfdIJCyfAe29RQm.png,1594,890,Microplastic,19,542,58,582
Screenshot 2026-04-19 at 3-55-54 PM_png.rf.ThdDo8wUuRitLrjcyiCp.png,1592,896,Microplastic,1218,635,1254,669
Screenshot 2026-04-19 at 3-55-54 PM_png.rf.ThdDo8wUuRitLrjcyiCp.png,1592,896,Microplastic,1354,524,1380,550
Screenshot 2026-04-19 at 3-55-54 PM_png.rf.ThdDo8wUuRitLrjcyiCp.png,1592,896,Microplastic,1318,469,1348,505
Screenshot 2026-04-19 at 3-55-54 PM_png.rf.ThdDo8wUuRitLrjcyiCp.png,1592,896,Microplastic,972,386,1013,426
Screenshot 2026-04-19 at 3-55-54 PM_png.rf.ThdDo8wUuRitLrjcyiCp.png,1592,896,Microplastic,1158,812,1191,843
Screenshot 2026-04-19 at 3-55-54 PM_png.rf.ThdDo8wUuRitLrjcyiCp.png,1592,896,Microplastic,1125,627,1146,646
Screenshot 2026-04-19 at 3-55-54 PM_png.rf.ThdDo8wUuRitLrjcyiCp.png,1592,896,Microplastic,1213,358,1236,382
Screenshot 2026-04-19 at 3-49-42 PM_png.rf.W4tSBLnTfVg4zP9DNBkA.png,1570,876,Microplastic,387,133,546,276
Screenshot 2026-04-19 at 3-49-42 PM_png.rf.W4tSBLnTfVg4zP9DNBkA.png,1570,876,Microplastic,30,0,185,206
Screenshot 2026-04-19 at 4-19-30 PM_png.rf.H9uZKqRcopvaCyA57fTd.png,1522,844,Microplastic,810,9,874,54
Screenshot 2026-04-19 at 4-19-30 PM_png.rf.H9uZKqRcopvaCyA57fTd.png,1522,844,Microplastic,90,580,128,615
Screenshot 2026-04-19 at 4-19-30 PM_png.rf.H9uZKqRcopvaCyA57fTd.png,1522,844,Microplastic,421,70,478,125
Screenshot 2026-04-19 at 4-19-30 PM_png.rf.H9uZKqRcopvaCyA57fTd.png,1522,844,Microplastic,261,341,293,371
Screenshot 2026-04-19 at 4-19-30 PM_png.rf.H9uZKqRcopvaCyA57fTd.png,1522,844,Microplastic,1320,158,1352,195
Screenshot 2026-04-19 at 4-19-30 PM_png.rf.H9uZKqRcopvaCyA57fTd.png,1522,844,Microplastic,360,320,392,349
Screenshot 2026-04-19 at 4-19-30 PM_png.rf.H9uZKqRcopvaCyA57fTd.png,1522,844,Microplastic,32,712,62,742
Screenshot 2026-04-19 at 4-19-30 PM_png.rf.H9uZKqRcopvaCyA57fTd.png,1522,844,Microplastic,357,173,395,218
Screenshot 2026-04-19 at 4-19-30 PM_png.rf.H9uZKqRcopvaCyA57fTd.png,1522,844,Microplastic,701,203,746,246
Screenshot 2026-04-19 at 4-19-30 PM_png.rf.H9uZKqRcopvaCyA57fTd.png,1522,844,Microplastic,1427,95,1451,128
Screenshot 2026-04-19 at 4-19-30 PM_png.rf.H9uZKqRcopvaCyA57fTd.png,1522,844,Microplastic,915,381,957,430
Screenshot 2026-04-19 at 4-19-30 PM_png.rf.H9uZKqRcopvaCyA57fTd.png,1522,844,Microplastic,643,558,675,593
Screenshot 2026-04-19 at 4-19-30 PM_png.rf.H9uZKqRcopvaCyA57fTd.png,1522,844,Microplastic,1005,353,1077,395
Screenshot 2026-04-19 at 4-19-30 PM_png.rf.H9uZKqRcopvaCyA57fTd.png,1522,844,Microplastic,1332,547,1399,594
Screenshot 2026-04-19 at 4-19-30 PM_png.rf.H9uZKqRcopvaCyA57fTd.png,1522,844,Microplastic,38,176,66,204
Screenshot 2026-04-19 at 4-19-30 PM_png.rf.H9uZKqRcopvaCyA57fTd.png,1522,844,Microplastic,1020,519,1052,549
Screenshot 2026-04-19 at 4-19-30 PM_png.rf.H9uZKqRcopvaCyA57fTd.png,1522,844,Microplastic,379,472,408,501
Screenshot 2026-04-19 at 4-19-30 PM_png.rf.H9uZKqRcopvaCyA57fTd.png,1522,844,Microplastic,2,600,26,627
Screenshot 2026-04-19 at 4-19-30 PM_png.rf.H9uZKqRcopvaCyA57fTd.png,1522,844,Microplastic,361,256,392,286
Screenshot 2026-04-19 at 4-19-30 PM_png.rf.H9uZKqRcopvaCyA57fTd.png,1522,844,Microplastic,726,781,753,811
Screenshot 2026-04-19 at 4-19-30 PM_png.rf.H9uZKqRcopvaCyA57fTd.png,1522,844,Microplastic,70,186,147,238
Screenshot 2026-04-19 at 4-19-30 PM_png.rf.H9uZKqRcopvaCyA57fTd.png,1522,844,Microplastic,1023,588,1054,616
Screenshot 2026-04-19 at 4-19-30 PM_png.rf.H9uZKqRcopvaCyA57fTd.png,1522,844,Microplastic,29,422,55,449
Screenshot 2026-04-19 at 4-19-30 PM_png.rf.H9uZKqRcopvaCyA57fTd.png,1522,844,Microplastic,192,718,218,746
Screenshot 2026-04-19 at 4-19-30 PM_png.rf.H9uZKqRcopvaCyA57fTd.png,1522,844,Microplastic,564,99,590,127
Screenshot 2026-04-19 at 4-00-18 PM_png.rf.LriakSmDHlTGpBtfxRWm.png,1582,836,Microplastic,344,542,366,567
Screenshot 2026-04-19 at 3-55-43 PM_png.rf.F3XSSecJBHq1lPm4oXWo.png,1612,886,Microplastic,424,787,474,850
Screenshot 2026-04-19 at 3-55-43 PM_png.rf.F3XSSecJBHq1lPm4oXWo.png,1612,886,Microplastic,52,299,87,331
Screenshot 2026-04-19 at 3-55-43 PM_png.rf.F3XSSecJBHq1lPm4oXWo.png,1612,886,Microplastic,582,726,607,752
Screenshot 2026-04-19 at 3-55-43 PM_png.rf.F3XSSecJBHq1lPm4oXWo.png,1612,886,Microplastic,821,681,856,711
Screenshot 2026-04-19 at 3-55-43 PM_png.rf.F3XSSecJBHq1lPm4oXWo.png,1612,886,Microplastic,561,654,596,683
Screenshot 2026-04-19 at 3-55-43 PM_png.rf.F3XSSecJBHq1lPm4oXWo.png,1612,886,Microplastic,872,524,897,548
Screenshot 2026-04-19 at 3-55-43 PM_png.rf.F3XSSecJBHq1lPm4oXWo.png,1612,886,Microplastic,24,170,52,194
Screenshot 2026-04-19 at 3-55-43 PM_png.rf.F3XSSecJBHq1lPm4oXWo.png,1612,886,Microplastic,954,494,986,523
Screenshot 2026-04-19 at 3-55-43 PM_png.rf.F3XSSecJBHq1lPm4oXWo.png,1612,886,Microplastic,1398,460,1426,486
Screenshot 2026-04-19 at 3-55-43 PM_png.rf.F3XSSecJBHq1lPm4oXWo.png,1612,886,Microplastic,230,275,251,294
Screenshot 2026-04-19 at 3-55-43 PM_png.rf.F3XSSecJBHq1lPm4oXWo.png,1612,886,Microplastic,396,615,427,643
Screenshot 2026-04-19 at 3-55-43 PM_png.rf.F3XSSecJBHq1lPm4oXWo.png,1612,886,Microplastic,801,626,839,666
Screenshot 2026-04-19 at 3-55-43 PM_png.rf.F3XSSecJBHq1lPm4oXWo.png,1612,886,Microplastic,239,28,270,67
Screenshot 2026-04-19 at 3-55-43 PM_png.rf.F3XSSecJBHq1lPm4oXWo.png,1612,886,Microplastic,733,716,760,740
Screenshot 2026-04-19 at 3-55-43 PM_png.rf.F3XSSecJBHq1lPm4oXWo.png,1612,886,Microplastic,569,128,593,153
Screenshot 2026-04-19 at 3-55-43 PM_png.rf.F3XSSecJBHq1lPm4oXWo.png,1612,886,Microplastic,927,75,962,104
Screenshot 2026-04-19 at 3-55-43 PM_png.rf.F3XSSecJBHq1lPm4oXWo.png,1612,886,Microplastic,970,90,997,115
Screenshot 2026-04-19 at 3-55-43 PM_png.rf.F3XSSecJBHq1lPm4oXWo.png,1612,886,Microplastic,1249,616,1270,635
Screenshot 2026-04-19 at 3-55-43 PM_png.rf.F3XSSecJBHq1lPm4oXWo.png,1612,886,Microplastic,499,155,527,180
Screenshot 2026-04-19 at 3-55-43 PM_png.rf.F3XSSecJBHq1lPm4oXWo.png,1612,886,Microplastic,1425,715,1447,735
Screenshot 2026-04-19 at 3-55-43 PM_png.rf.F3XSSecJBHq1lPm4oXWo.png,1612,886,Microplastic,1187,9,1221,44
Screenshot 2026-04-19 at 3-55-43 PM_png.rf.F3XSSecJBHq1lPm4oXWo.png,1612,886,Microplastic,1354,0,1381,19
Screenshot 2026-04-19 at 3-55-43 PM_png.rf.F3XSSecJBHq1lPm4oXWo.png,1612,886,Microplastic,522,820,539,838
Screenshot 2026-04-19 at 3-55-43 PM_png.rf.F3XSSecJBHq1lPm4oXWo.png,1612,886,Microplastic,135,737,173,778
Screenshot 2026-04-19 at 3-55-43 PM_png.rf.F3XSSecJBHq1lPm4oXWo.png,1612,886,Microplastic,1562,1,1583,16
Screenshot 2026-04-19 at 3-55-43 PM_png.rf.F3XSSecJBHq1lPm4oXWo.png,1612,886,Microplastic,1251,15,1278,39
Screenshot 2026-04-19 at 3-55-43 PM_png.rf.F3XSSecJBHq1lPm4oXWo.png,1612,886,Microplastic,772,480,803,508
Screenshot 2026-04-19 at 3-55-43 PM_png.rf.F3XSSecJBHq1lPm4oXWo.png,1612,886,Microplastic,1288,392,1306,412
Screenshot 2026-04-19 at 3-55-43 PM_png.rf.F3XSSecJBHq1lPm4oXWo.png,1612,886,Microplastic,817,485,1004,717
Screenshot 2026-04-19 at 3-55-43 PM_png.rf.F3XSSecJBHq1lPm4oXWo.png,1612,886,Microplastic,1561,283,1578,299
Screenshot 2026-04-19 at 3-55-43 PM_png.rf.F3XSSecJBHq1lPm4oXWo.png,1612,886,Microplastic,326,298,349,319
Screenshot 2026-04-19 at 3-55-43 PM_png.rf.F3XSSecJBHq1lPm4oXWo.png,1612,886,Microplastic,1602,792,1612,811
Screenshot 2026-04-19 at 3-55-43 PM_png.rf.F3XSSecJBHq1lPm4oXWo.png,1612,886,Microplastic,1501,758,1522,778
Screenshot 2026-04-19 at 3-55-43 PM_png.rf.F3XSSecJBHq1lPm4oXWo.png,1612,886,Microplastic,1341,673,1359,691
Screenshot 2026-04-19 at 3-55-43 PM_png.rf.F3XSSecJBHq1lPm4oXWo.png,1612,886,Microplastic,203,8,384,91
Screenshot 2026-04-19 at 3-55-43 PM_png.rf.F3XSSecJBHq1lPm4oXWo.png,1612,886,Microplastic,890,345,921,375
Screenshot 2026-04-19 at 3-55-43 PM_png.rf.F3XSSecJBHq1lPm4oXWo.png,1612,886,Microplastic,961,562,979,582
Screenshot 2026-04-19 at 3-55-43 PM_png.rf.F3XSSecJBHq1lPm4oXWo.png,1612,886,Microplastic,501,536,526,560
Screenshot 2026-04-19 at 3-55-43 PM_png.rf.F3XSSecJBHq1lPm4oXWo.png,1612,886,Microplastic,894,412,941,450
Screenshot 2026-04-19 at 3-55-43 PM_png.rf.F3XSSecJBHq1lPm4oXWo.png,1612,886,Microplastic,1371,746,1390,764
Screenshot 2026-04-19 at 3-55-43 PM_png.rf.F3XSSecJBHq1lPm4oXWo.png,1612,886,Microplastic,1489,415,1508,432
Screenshot 2026-04-19 at 3-55-43 PM_png.rf.F3XSSecJBHq1lPm4oXWo.png,1612,886,Microplastic,754,579,773,599
Screenshot 2026-04-19 at 3-55-43 PM_png.rf.F3XSSecJBHq1lPm4oXWo.png,1612,886,Microplastic,0,637,18,661
Screenshot 2026-04-19 at 3-55-43 PM_png.rf.F3XSSecJBHq1lPm4oXWo.png,1612,886,Microplastic,1273,431,1295,453
a--2-_jpg.rf.qrlDmbhJvzN4r77fFjLk.jpg,563,537,Microplastic,234,0,302,73
a--2-_jpg.rf.qrlDmbhJvzN4r77fFjLk.jpg,563,537,Microplastic,68,50,146,126
a--2-_jpg.rf.qrlDmbhJvzN4r77fFjLk.jpg,563,537,Microplastic,226,202,300,282
a--2-_jpg.rf.qrlDmbhJvzN4r77fFjLk.jpg,563,537,Microplastic,122,265,209,350
a--2-_jpg.rf.qrlDmbhJvzN4r77fFjLk.jpg,563,537,Microplastic,97,433,195,536
110_jpg.rf.myyVYTKKTveBIi1p2vAd.jpg,563,537,Microplastic,27,0,64,10
110_jpg.rf.myyVYTKKTveBIi1p2vAd.jpg,563,537,Microplastic,117,14,145,39
110_jpg.rf.myyVYTKKTveBIi1p2vAd.jpg,563,537,Microplastic,172,24,195,54
110_jpg.rf.myyVYTKKTveBIi1p2vAd.jpg,563,537,Microplastic,394,122,424,151
110_jpg.rf.myyVYTKKTveBIi1p2vAd.jpg,563,537,Microplastic,95,127,129,165
110_jpg.rf.myyVYTKKTveBIi1p2vAd.jpg,563,537,Microplastic,457,144,505,194
110_jpg.rf.myyVYTKKTveBIi1p2vAd.jpg,563,537,Microplastic,15,177,49,201
110_jpg.rf.myyVYTKKTveBIi1p2vAd.jpg,563,537,Microplastic,435,207,457,229
110_jpg.rf.myyVYTKKTveBIi1p2vAd.jpg,563,537,Microplastic,64,222,92,243
110_jpg.rf.myyVYTKKTveBIi1p2vAd.jpg,563,537,Microplastic,115,247,142,271
110_jpg.rf.myyVYTKKTveBIi1p2vAd.jpg,563,537,Microplastic,302,269,329,299
110_jpg.rf.myyVYTKKTveBIi1p2vAd.jpg,563,537,Microplastic,194,302,216,336
110_jpg.rf.myyVYTKKTveBIi1p2vAd.jpg,563,537,Microplastic,114,304,140,338
110_jpg.rf.myyVYTKKTveBIi1p2vAd.jpg,563,537,Microplastic,400,365,419,399
110_jpg.rf.myyVYTKKTveBIi1p2vAd.jpg,563,537,Microplastic,265,424,296,461
110_jpg.rf.myyVYTKKTveBIi1p2vAd.jpg,563,537,Microplastic,149,439,182,465
Screenshot 2026-04-19 at 3-54-23 PM_png.rf.dVPTOY6pmBB1AqokVOzw.png,1568,854,Microplastic,177,422,212,454
Screenshot 2026-04-19 at 3-54-23 PM_png.rf.dVPTOY6pmBB1AqokVOzw.png,1568,854,Microplastic,1323,781,1347,808
Screenshot 2026-04-19 at 3-54-23 PM_png.rf.dVPTOY6pmBB1AqokVOzw.png,1568,854,Microplastic,437,576,472,603
Screenshot 2026-04-19 at 3-54-23 PM_png.rf.dVPTOY6pmBB1AqokVOzw.png,1568,854,Microplastic,330,797,365,828
Screenshot 2026-04-19 at 3-54-23 PM_png.rf.dVPTOY6pmBB1AqokVOzw.png,1568,854,Microplastic,94,587,141,618
Screenshot 2026-04-19 at 3-54-23 PM_png.rf.dVPTOY6pmBB1AqokVOzw.png,1568,854,Microplastic,1155,559,1180,581
Screenshot 2026-04-19 at 3-54-23 PM_png.rf.dVPTOY6pmBB1AqokVOzw.png,1568,854,Microplastic,323,526,349,553
Screenshot 2026-04-19 at 3-54-23 PM_png.rf.dVPTOY6pmBB1AqokVOzw.png,1568,854,Microplastic,1533,603,1568,652
Screenshot 2026-04-19 at 3-54-23 PM_png.rf.dVPTOY6pmBB1AqokVOzw.png,1568,854,Microplastic,958,746,996,780
Screenshot 2026-04-19 at 3-57-14 PM_png.rf.dw7Ic5MqSctnC7Is3KZV.png,1530,872,Microplastic,452,281,489,322
Screenshot 2026-04-19 at 3-57-14 PM_png.rf.dw7Ic5MqSctnC7Is3KZV.png,1530,872,Microplastic,180,495,213,530
Screenshot 2026-04-19 at 3-57-14 PM_png.rf.dw7Ic5MqSctnC7Is3KZV.png,1530,872,Microplastic,1273,280,1300,306
Screenshot 2026-04-19 at 3-57-14 PM_png.rf.dw7Ic5MqSctnC7Is3KZV.png,1530,872,Microplastic,510,197,536,224
Screenshot 2026-04-19 at 3-57-14 PM_png.rf.dw7Ic5MqSctnC7Is3KZV.png,1530,872,Microplastic,839,717,873,751
Screenshot 2026-04-19 at 3-57-14 PM_png.rf.dw7Ic5MqSctnC7Is3KZV.png,1530,872,Microplastic,824,849,848,869
Screenshot 2026-04-19 at 3-57-14 PM_png.rf.dw7Ic5MqSctnC7Is3KZV.png,1530,872,Microplastic,734,662,751,680
Screenshot 2026-04-19 at 3-57-14 PM_png.rf.dw7Ic5MqSctnC7Is3KZV.png,1530,872,Microplastic,1085,0,1123,25
Screenshot 2026-04-19 at 3-57-14 PM_png.rf.dw7Ic5MqSctnC7Is3KZV.png,1530,872,Microplastic,481,366,504,389
Screenshot 2026-04-19 at 3-57-14 PM_png.rf.dw7Ic5MqSctnC7Is3KZV.png,1530,872,Microplastic,582,738,619,768
Screenshot 2026-04-19 at 3-57-14 PM_png.rf.dw7Ic5MqSctnC7Is3KZV.png,1530,872,Microplastic,1380,755,1402,776
Screenshot 2026-04-19 at 3-57-14 PM_png.rf.dw7Ic5MqSctnC7Is3KZV.png,1530,872,Microplastic,1015,570,1124,665
Screenshot 2026-04-19 at 3-57-14 PM_png.rf.dw7Ic5MqSctnC7Is3KZV.png,1530,872,Microplastic,854,682,873,703
Screenshot 2026-04-19 at 4-01-35 PM_png.rf.farcypMhmZhAtQ3SAYn6.png,1564,846,Microplastic,853,116,888,144
Screenshot 2026-04-19 at 4-01-35 PM_png.rf.farcypMhmZhAtQ3SAYn6.png,1564,846,Microplastic,855,575,884,601
Screenshot 2026-04-19 at 4-01-35 PM_png.rf.farcypMhmZhAtQ3SAYn6.png,1564,846,Microplastic,1396,341,1425,366
Screenshot 2026-04-19 at 4-01-35 PM_png.rf.farcypMhmZhAtQ3SAYn6.png,1564,846,Microplastic,660,510,690,534
Screenshot 2026-04-19 at 4-01-35 PM_png.rf.farcypMhmZhAtQ3SAYn6.png,1564,846,Microplastic,137,680,170,716
Screenshot 2026-04-19 at 4-01-35 PM_png.rf.farcypMhmZhAtQ3SAYn6.png,1564,846,Microplastic,96,569,122,591
Screenshot 2026-04-19 at 4-01-35 PM_png.rf.farcypMhmZhAtQ3SAYn6.png,1564,846,Microplastic,524,31,556,59
Screenshot 2026-04-19 at 4-01-35 PM_png.rf.farcypMhmZhAtQ3SAYn6.png,1564,846,Microplastic,136,2,178,35
Screenshot 2026-04-19 at 4-01-35 PM_png.rf.farcypMhmZhAtQ3SAYn6.png,1564,846,Microplastic,1352,577,1377,602
Screenshot 2026-04-19 at 4-01-35 PM_png.rf.farcypMhmZhAtQ3SAYn6.png,1564,846,Microplastic,604,639,631,665
Screenshot 2026-04-19 at 4-01-35 PM_png.rf.farcypMhmZhAtQ3SAYn6.png,1564,846,Microplastic,737,772,762,796
Screenshot 2026-04-19 at 4-01-35 PM_png.rf.farcypMhmZhAtQ3SAYn6.png,1564,846,Microplastic,376,411,405,438
Screenshot 2026-04-19 at 4-01-35 PM_png.rf.farcypMhmZhAtQ3SAYn6.png,1564,846,Microplastic,575,96,604,121
Screenshot 2026-04-19 at 4-01-35 PM_png.rf.farcypMhmZhAtQ3SAYn6.png,1564,846,Microplastic,1211,568,1235,590
Screenshot 2026-04-19 at 4-01-35 PM_png.rf.farcypMhmZhAtQ3SAYn6.png,1564,846,Microplastic,1446,354,1469,374
Screenshot 2026-04-19 at 4-01-35 PM_png.rf.farcypMhmZhAtQ3SAYn6.png,1564,846,Microplastic,456,549,487,572
Screenshot 2026-04-19 at 4-01-35 PM_png.rf.farcypMhmZhAtQ3SAYn6.png,1564,846,Microplastic,1110,676,1134,699
Screenshot 2026-04-19 at 4-01-35 PM_png.rf.farcypMhmZhAtQ3SAYn6.png,1564,846,Microplastic,533,328,555,348
Screenshot 2026-04-19 at 4-01-35 PM_png.rf.farcypMhmZhAtQ3SAYn6.png,1564,846,Microplastic,1351,255,1371,274
Screenshot 2026-04-19 at 4-01-35 PM_png.rf.farcypMhmZhAtQ3SAYn6.png,1564,846,Microplastic,801,813,827,835
Screenshot 2026-04-19 at 4-01-35 PM_png.rf.farcypMhmZhAtQ3SAYn6.png,1564,846,Microplastic,1145,203,1170,228
Screenshot 2026-04-19 at 4-01-35 PM_png.rf.farcypMhmZhAtQ3SAYn6.png,1564,846,Microplastic,256,307,279,327
Screenshot 2026-04-19 at 4-01-35 PM_png.rf.farcypMhmZhAtQ3SAYn6.png,1564,846,Microplastic,269,569,317,609
Screenshot 2026-04-19 at 4-01-35 PM_png.rf.farcypMhmZhAtQ3SAYn6.png,1564,846,Microplastic,717,512,740,533
Screenshot 2026-04-19 at 4-01-35 PM_png.rf.farcypMhmZhAtQ3SAYn6.png,1564,846,Microplastic,520,294,545,316
Screenshot 2026-04-19 at 4-01-35 PM_png.rf.farcypMhmZhAtQ3SAYn6.png,1564,846,Microplastic,1114,314,1137,335
Screenshot 2026-04-19 at 4-01-35 PM_png.rf.farcypMhmZhAtQ3SAYn6.png,1564,846,Microplastic,1153,515,1184,543
Screenshot 2026-04-19 at 4-01-35 PM_png.rf.farcypMhmZhAtQ3SAYn6.png,1564,846,Microplastic,539,649,567,675
Screenshot 2026-04-19 at 4-01-35 PM_png.rf.farcypMhmZhAtQ3SAYn6.png,1564,846,Microplastic,84,518,107,538
Screenshot 2026-04-19 at 4-01-35 PM_png.rf.farcypMhmZhAtQ3SAYn6.png,1564,846,Microplastic,961,491,984,511
Screenshot 2026-04-19 at 4-01-35 PM_png.rf.farcypMhmZhAtQ3SAYn6.png,1564,846,Microplastic,482,768,505,791
Screenshot 2026-04-19 at 4-01-35 PM_png.rf.farcypMhmZhAtQ3SAYn6.png,1564,846,Microplastic,927,668,950,690
Screenshot 2026-04-19 at 4-01-35 PM_png.rf.farcypMhmZhAtQ3SAYn6.png,1564,846,Microplastic,1224,503,1248,526
Screenshot 2026-04-19 at 4-01-35 PM_png.rf.farcypMhmZhAtQ3SAYn6.png,1564,846,Microplastic,693,353,717,374
Screenshot 2026-04-19 at 4-01-35 PM_png.rf.farcypMhmZhAtQ3SAYn6.png,1564,846,Microplastic,551,486,578,510
Screenshot 2026-04-19 at 4-01-35 PM_png.rf.farcypMhmZhAtQ3SAYn6.png,1564,846,Microplastic,1450,750,1475,772
Screenshot 2026-04-19 at 4-01-35 PM_png.rf.farcypMhmZhAtQ3SAYn6.png,1564,846,Microplastic,845,87,868,109
Screenshot 2026-04-19 at 4-01-35 PM_png.rf.farcypMhmZhAtQ3SAYn6.png,1564,846,Microplastic,1323,163,1344,184
Screenshot 2026-04-19 at 4-01-35 PM_png.rf.farcypMhmZhAtQ3SAYn6.png,1564,846,Microplastic,869,338,889,357
Screenshot 2026-04-19 at 4-01-35 PM_png.rf.farcypMhmZhAtQ3SAYn6.png,1564,846,Microplastic,274,787,296,809
Screenshot 2026-04-19 at 4-01-35 PM_png.rf.farcypMhmZhAtQ3SAYn6.png,1564,846,Microplastic,569,530,594,555
Screenshot 2026-04-19 at 4-01-35 PM_png.rf.farcypMhmZhAtQ3SAYn6.png,1564,846,Microplastic,1443,175,1469,195
Screenshot 2026-04-19 at 4-01-35 PM_png.rf.farcypMhmZhAtQ3SAYn6.png,1564,846,Microplastic,1152,374,1174,394
Screenshot 2026-04-19 at 4-01-35 PM_png.rf.farcypMhmZhAtQ3SAYn6.png,1564,846,Microplastic,1222,631,1246,652
Screenshot 2026-04-19 at 4-01-35 PM_png.rf.farcypMhmZhAtQ3SAYn6.png,1564,846,Microplastic,595,758,619,781
Screenshot 2026-04-19 at 4-01-35 PM_png.rf.farcypMhmZhAtQ3SAYn6.png,1564,846,Microplastic,1209,65,1229,85
Screenshot 2026-04-19 at 4-01-35 PM_png.rf.farcypMhmZhAtQ3SAYn6.png,1564,846,Microplastic,936,745,961,767
Screenshot 2026-04-19 at 4-01-35 PM_png.rf.farcypMhmZhAtQ3SAYn6.png,1564,846,Microplastic,844,388,870,408
Screenshot 2026-04-19 at 4-01-35 PM_png.rf.farcypMhmZhAtQ3SAYn6.png,1564,846,Microplastic,964,245,986,265
Screenshot 2026-04-19 at 4-01-35 PM_png.rf.farcypMhmZhAtQ3SAYn6.png,1564,846,Microplastic,632,450,656,470
Screenshot 2026-04-19 at 4-01-35 PM_png.rf.farcypMhmZhAtQ3SAYn6.png,1564,846,Microplastic,1119,827,1154,846
Screenshot 2026-04-19 at 4-01-35 PM_png.rf.farcypMhmZhAtQ3SAYn6.png,1564,846,Microplastic,535,758,559,779
Screenshot 2026-04-19 at 4-01-35 PM_png.rf.farcypMhmZhAtQ3SAYn6.png,1564,846,Microplastic,1241,591,1262,611
Screenshot 2026-04-19 at 4-01-35 PM_png.rf.farcypMhmZhAtQ3SAYn6.png,1564,846,Microplastic,1301,677,1324,699
Screenshot 2026-04-19 at 4-01-35 PM_png.rf.farcypMhmZhAtQ3SAYn6.png,1564,846,Microplastic,981,107,1003,128
Screenshot 2026-04-19 at 4-01-35 PM_png.rf.farcypMhmZhAtQ3SAYn6.png,1564,846,Microplastic,287,517,309,536
Screenshot 2026-04-19 at 4-01-35 PM_png.rf.farcypMhmZhAtQ3SAYn6.png,1564,846,Microplastic,1260,797,1283,819
Screenshot 2026-04-19 at 4-01-35 PM_png.rf.farcypMhmZhAtQ3SAYn6.png,1564,846,Microplastic,108,324,158,364
Screenshot 2026-04-19 at 4-01-35 PM_png.rf.farcypMhmZhAtQ3SAYn6.png,1564,846,Microplastic,132,250,165,274
Screenshot 2026-04-19 at 4-01-35 PM_png.rf.farcypMhmZhAtQ3SAYn6.png,1564,846,Microplastic,607,274,633,292
Screenshot 2026-04-19 at 4-01-35 PM_png.rf.farcypMhmZhAtQ3SAYn6.png,1564,846,Microplastic,1070,779,1093,801
Screenshot 2026-04-19 at 4-01-35 PM_png.rf.farcypMhmZhAtQ3SAYn6.png,1564,846,Microplastic,1517,748,1543,771
Screenshot 2026-04-19 at 4-01-35 PM_png.rf.farcypMhmZhAtQ3SAYn6.png,1564,846,Microplastic,520,239,544,262
Screenshot 2026-04-19 at 4-01-35 PM_png.rf.farcypMhmZhAtQ3SAYn6.png,1564,846,Microplastic,1247,121,1273,140
Screenshot 2026-04-19 at 4-01-35 PM_png.rf.farcypMhmZhAtQ3SAYn6.png,1564,846,Microplastic,1203,814,1223,836
Screenshot 2026-04-19 at 4-01-35 PM_png.rf.farcypMhmZhAtQ3SAYn6.png,1564,846,Microplastic,1464,552,1485,571
Screenshot 2026-04-19 at 4-01-35 PM_png.rf.farcypMhmZhAtQ3SAYn6.png,1564,846,Microplastic,322,396,346,417
Screenshot 2026-04-19 at 4-01-35 PM_png.rf.farcypMhmZhAtQ3SAYn6.png,1564,846,Microplastic,1239,196,1261,215
Screenshot 2026-04-19 at 4-01-35 PM_png.rf.farcypMhmZhAtQ3SAYn6.png,1564,846,Microplastic,1417,668,1446,694
Screenshot 2026-04-19 at 4-01-35 PM_png.rf.farcypMhmZhAtQ3SAYn6.png,1564,846,Microplastic,891,379,914,400
Screenshot 2026-04-19 at 4-01-35 PM_png.rf.farcypMhmZhAtQ3SAYn6.png,1564,846,Microplastic,1294,178,1315,199
Screenshot 2026-04-19 at 4-01-35 PM_png.rf.farcypMhmZhAtQ3SAYn6.png,1564,846,Microplastic,1172,147,1192,166
Screenshot 2026-04-19 at 4-01-35 PM_png.rf.farcypMhmZhAtQ3SAYn6.png,1564,846,Microplastic,1374,522,1395,543
Screenshot 2026-04-19 at 4-01-35 PM_png.rf.farcypMhmZhAtQ3SAYn6.png,1564,846,Microplastic,300,667,319,687
Screenshot 2026-04-19 at 4-01-35 PM_png.rf.farcypMhmZhAtQ3SAYn6.png,1564,846,Microplastic,1135,582,1156,602
Screenshot 2026-04-19 at 4-01-35 PM_png.rf.farcypMhmZhAtQ3SAYn6.png,1564,846,Microplastic,421,747,442,767
Screenshot 2026-04-19 at 4-01-35 PM_png.rf.farcypMhmZhAtQ3SAYn6.png,1564,846,Microplastic,1277,305,1298,326
Screenshot 2026-04-19 at 4-01-35 PM_png.rf.farcypMhmZhAtQ3SAYn6.png,1564,846,Microplastic,75,745,93,765
Screenshot 2026-04-19 at 4-01-35 PM_png.rf.farcypMhmZhAtQ3SAYn6.png,1564,846,Microplastic,1088,380,1106,398
Screenshot 2026-04-19 at 4-01-35 PM_png.rf.farcypMhmZhAtQ3SAYn6.png,1564,846,Microplastic,1495,589,1517,609
Screenshot 2026-04-19 at 4-01-35 PM_png.rf.farcypMhmZhAtQ3SAYn6.png,1564,846,Microplastic,788,473,810,493
Screenshot 2026-04-19 at 4-01-35 PM_png.rf.farcypMhmZhAtQ3SAYn6.png,1564,846,Microplastic,150,168,178,191
Screenshot 2026-04-19 at 4-01-35 PM_png.rf.farcypMhmZhAtQ3SAYn6.png,1564,846,Microplastic,1069,209,1088,228
Screenshot 2026-04-19 at 4-01-35 PM_png.rf.farcypMhmZhAtQ3SAYn6.png,1564,846,Microplastic,464,628,487,649
Screenshot 2026-04-19 at 4-01-35 PM_png.rf.farcypMhmZhAtQ3SAYn6.png,1564,846,Microplastic,1216,768,1238,792

a--80-_jpg.rf.6D8Dm41bdv0jUgFQYgjQ.jpg,563,537,Microplastic,330,137,426,222
a--80-_jpg.rf.6D8Dm41bdv0jUgFQYgjQ.jpg,563,537,Microplastic,216,177,291,256
a--80-_jpg.rf.6D8Dm41bdv0jUgFQYgjQ.jpg,563,537,Microplastic,86,267,154,358
a--80-_jpg.rf.6D8Dm41bdv0jUgFQYgjQ.jpg,563,537,Microplastic,278,348,336,404
a--80-_jpg.rf.6D8Dm41bdv0jUgFQYgjQ.jpg,563,537,Microplastic,368,246,435,316
Screenshot 2026-04-19 at 3-51-50 PM_png.rf.PDbWFQt544Ir7ZFj9R6r.png,2558,1436,Microplastic,2230,48,2290,112
Screenshot 2026-04-19 at 3-51-50 PM_png.rf.PDbWFQt544Ir7ZFj9R6r.png,2558,1436,Microplastic,2214,123,2318,188
Screenshot 2026-04-19 at 3-51-16 PM_png.rf.QWLX0tUmoRf8rNR1cyuM.png,2648,1470,Microplastic,210,156,351,302
Screenshot 2026-04-19 at 3-51-33 PM_png.rf.QskF606ITq6AAQEgFsbQ.png,2546,1460,Microplastic,989,1123,1029,1167
Screenshot 2026-04-19 at 3-51-33 PM_png.rf.QskF606ITq6AAQEgFsbQ.png,2546,1460,Microplastic,2209,186,2249,222
Screenshot 2026-04-19 at 3-51-33 PM_png.rf.QskF606ITq6AAQEgFsbQ.png,2546,1460,Microplastic,2036,457,2086,504
Screenshot 2026-04-19 at 3-51-33 PM_png.rf.QskF606ITq6AAQEgFsbQ.png,2546,1460,Microplastic,2048,1071,2089,1115
Screenshot 2026-04-19 at 3-51-33 PM_png.rf.QskF606ITq6AAQEgFsbQ.png,2546,1460,Microplastic,2267,1063,2405,1183
Screenshot 2026-04-19 at 3-51-33 PM_png.rf.QskF606ITq6AAQEgFsbQ.png,2546,1460,Microplastic,2282,644,2325,690
Screenshot 2026-04-19 at 4-00-34 PM_png.rf.hw7gKoDSUofW4TM3QdbF.png,1586,884,Microplastic,233,658,267,693
Screenshot 2026-04-19 at 4-00-34 PM_png.rf.hw7gKoDSUofW4TM3QdbF.png,1586,884,Microplastic,10,251,73,315
Screenshot 2026-04-19 at 4-00-34 PM_png.rf.hw7gKoDSUofW4TM3QdbF.png,1586,884,Microplastic,572,530,611,567
Screenshot 2026-04-19 at 4-00-34 PM_png.rf.hw7gKoDSUofW4TM3QdbF.png,1586,884,Microplastic,468,771,505,808
Screenshot 2026-04-19 at 4-00-34 PM_png.rf.hw7gKoDSUofW4TM3QdbF.png,1586,884,Microplastic,461,176,505,214
Screenshot 2026-04-19 at 4-00-34 PM_png.rf.hw7gKoDSUofW4TM3QdbF.png,1586,884,Microplastic,175,445,207,475
Screenshot 2026-04-19 at 4-00-34 PM_png.rf.hw7gKoDSUofW4TM3QdbF.png,1586,884,Microplastic,905,752,941,785
Screenshot 2026-04-19 at 4-00-34 PM_png.rf.hw7gKoDSUofW4TM3QdbF.png,1586,884,Microplastic,1464,451,1511,494
Screenshot 2026-04-19 at 4-00-34 PM_png.rf.hw7gKoDSUofW4TM3QdbF.png,1586,884,Microplastic,166,194,212,237
Screenshot 2026-04-19 at 4-00-34 PM_png.rf.hw7gKoDSUofW4TM3QdbF.png,1586,884,Microplastic,1520,97,1559,133
a--73-_jpg.rf.7DFKkqMwa0xmjk5ZlAF4.jpg,563,537,Microplastic,191,176,266,245
a--73-_jpg.rf.7DFKkqMwa0xmjk5ZlAF4.jpg,563,537,Microplastic,273,222,347,299
a--73-_jpg.rf.7DFKkqMwa0xmjk5ZlAF4.jpg,563,537,Microplastic,341,278,418,365
a--73-_jpg.rf.7DFKkqMwa0xmjk5ZlAF4.jpg,563,537,Microplastic,237,347,303,411
a--73-_jpg.rf.7DFKkqMwa0xmjk5ZlAF4.jpg,563,537,Microplastic,80,431,134,494
a--6-_jpg.rf.BXZHwELyF4pnqkBOfb2V.jpg,563,537,Microplastic,84,98,176,193
a--6-_jpg.rf.BXZHwELyF4pnqkBOfb2V.jpg,563,537,Microplastic,93,242,170,303
a--6-_jpg.rf.BXZHwELyF4pnqkBOfb2V.jpg,563,537,Microplastic,334,281,402,347
a--6-_jpg.rf.BXZHwELyF4pnqkBOfb2V.jpg,563,537,Microplastic,156,333,238,416
125_jpg.rf.3IqFaKjkQCGZTJcKxJ5g.jpg,563,537,Microplastic,293,0,335,21
125_jpg.rf.3IqFaKjkQCGZTJcKxJ5g.jpg,563,537,Microplastic,374,0,461,53
125_jpg.rf.3IqFaKjkQCGZTJcKxJ5g.jpg,563,537,Microplastic,485,94,521,127
125_jpg.rf.3IqFaKjkQCGZTJcKxJ5g.jpg,563,537,Microplastic,264,100,290,133
125_jpg.rf.3IqFaKjkQCGZTJcKxJ5g.jpg,563,537,Microplastic,219,150,247,176
125_jpg.rf.3IqFaKjkQCGZTJcKxJ5g.jpg,563,537,Microplastic,172,152,200,188
125_jpg.rf.3IqFaKjkQCGZTJcKxJ5g.jpg,563,537,Microplastic,329,165,365,200
125_jpg.rf.3IqFaKjkQCGZTJcKxJ5g.jpg,563,537,Microplastic,129,172,162,205
125_jpg.rf.3IqFaKjkQCGZTJcKxJ5g.jpg,563,537,Microplastic,260,189,280,210
125_jpg.rf.3IqFaKjkQCGZTJcKxJ5g.jpg,563,537,Microplastic,412,177,441,225
125_jpg.rf.3IqFaKjkQCGZTJcKxJ5g.jpg,563,537,Microplastic,0,220,41,255
125_jpg.rf.3IqFaKjkQCGZTJcKxJ5g.jpg,563,537,Microplastic,534,247,561,274
125_jpg.rf.3IqFaKjkQCGZTJcKxJ5g.jpg,563,537,Microplastic,127,250,156,284
125_jpg.rf.3IqFaKjkQCGZTJcKxJ5g.jpg,563,537,Microplastic,227,290,249,316
125_jpg.rf.3IqFaKjkQCGZTJcKxJ5g.jpg,563,537,Microplastic,279,313,315,347
125_jpg.rf.3IqFaKjkQCGZTJcKxJ5g.jpg,563,537,Microplastic,129,329,159,362
125_jpg.rf.3IqFaKjkQCGZTJcKxJ5g.jpg,563,537,Microplastic,219,350,262,385
125_jpg.rf.3IqFaKjkQCGZTJcKxJ5g.jpg,563,537,Microplastic,449,380,520,431
125_jpg.rf.3IqFaKjkQCGZTJcKxJ5g.jpg,563,537,Microplastic,0,442,20,479
124_jpg.rf.3ccgNGFFYpbK5feeGkEP.jpg,563,537,Microplastic,195,219,231,249
124_jpg.rf.3ccgNGFFYpbK5feeGkEP.jpg,563,537,Microplastic,330,235,355,270
124_jpg.rf.3ccgNGFFYpbK5feeGkEP.jpg,563,537,Microplastic,364,245,396,276
124_jpg.rf.3ccgNGFFYpbK5feeGkEP.jpg,563,537,Microplastic,215,272,238,298
124_jpg.rf.3ccgNGFFYpbK5feeGkEP.jpg,563,537,Microplastic,262,299,293,325
124_jpg.rf.3ccgNGFFYpbK5feeGkEP.jpg,563,537,Microplastic,174,307,204,339
124_jpg.rf.3ccgNGFFYpbK5feeGkEP.jpg,563,537,Microplastic,290,339,307,377
124_jpg.rf.3ccgNGFFYpbK5feeGkEP.jpg,563,537,Microplastic,49,367,114,428
124_jpg.rf.3ccgNGFFYpbK5feeGkEP.jpg,563,537,Microplastic,194,374,231,430
124_jpg.rf.3ccgNGFFYpbK5feeGkEP.jpg,563,537,Microplastic,0,417,33,476
124_jpg.rf.3ccgNGFFYpbK5feeGkEP.jpg,563,537,Microplastic,109,507,155,536
135_jpg.rf.498VyoeHEuPaAVbNzLDW.jpg,563,537,Microplastic,229,0,262,40
135_jpg.rf.498VyoeHEuPaAVbNzLDW.jpg,563,537,Microplastic,279,49,329,84
135_jpg.rf.498VyoeHEuPaAVbNzLDW.jpg,563,537,Microplastic,462,75,489,116
135_jpg.rf.498VyoeHEuPaAVbNzLDW.jpg,563,537,Microplastic,299,80,339,122
135_jpg.rf.498VyoeHEuPaAVbNzLDW.jpg,563,537,Microplastic,339,114,360,140
135_jpg.rf.498VyoeHEuPaAVbNzLDW.jpg,563,537,Microplastic,159,114,183,144
135_jpg.rf.498VyoeHEuPaAVbNzLDW.jpg,563,537,Microplastic,135,167,169,192
135_jpg.rf.498VyoeHEuPaAVbNzLDW.jpg,563,537,Microplastic,419,179,452,204
135_jpg.rf.498VyoeHEuPaAVbNzLDW.jpg,563,537,Microplastic,509,190,547,222
135_jpg.rf.498VyoeHEuPaAVbNzLDW.jpg,563,537,Microplastic,474,215,503,238
135_jpg.rf.498VyoeHEuPaAVbNzLDW.jpg,563,537,Microplastic,27,275,63,301
135_jpg.rf.498VyoeHEuPaAVbNzLDW.jpg,563,537,Microplastic,142,279,165,297
135_jpg.rf.498VyoeHEuPaAVbNzLDW.jpg,563,537,Microplastic,115,287,133,312
135_jpg.rf.498VyoeHEuPaAVbNzLDW.jpg,563,537,Microplastic,170,294,194,323
135_jpg.rf.498VyoeHEuPaAVbNzLDW.jpg,563,537,Microplastic,357,287,389,338
135_jpg.rf.498VyoeHEuPaAVbNzLDW.jpg,563,537,Microplastic,195,304,222,327
135_jpg.rf.498VyoeHEuPaAVbNzLDW.jpg,563,537,Microplastic,20,309,60,351
135_jpg.rf.498VyoeHEuPaAVbNzLDW.jpg,563,537,Microplastic,112,345,141,373
135_jpg.rf.498VyoeHEuPaAVbNzLDW.jpg,563,537,Microplastic,69,382,88,412
135_jpg.rf.498VyoeHEuPaAVbNzLDW.jpg,563,537,Microplastic,0,455,20,502
141_jpg.rf.5brpbc1mLlsFIwru0uPh.jpg,563,537,Microplastic,344,5,384,57
141_jpg.rf.5brpbc1mLlsFIwru0uPh.jpg,563,537,Microplastic,410,127,453,164
141_jpg.rf.5brpbc1mLlsFIwru0uPh.jpg,563,537,Microplastic,109,130,176,172
141_jpg.rf.5brpbc1mLlsFIwru0uPh.jpg,563,537,Microplastic,185,162,209,187
141_jpg.rf.5brpbc1mLlsFIwru0uPh.jpg,563,537,Microplastic,514,200,551,216
141_jpg.rf.5brpbc1mLlsFIwru0uPh.jpg,563,537,Microplastic,135,204,156,227
141_jpg.rf.5brpbc1mLlsFIwru0uPh.jpg,563,537,Microplastic,528,245,551,271
141_jpg.rf.5brpbc1mLlsFIwru0uPh.jpg,563,537,Microplastic,215,269,230,298
141_jpg.rf.5brpbc1mLlsFIwru0uPh.jpg,563,537,Microplastic,535,285,557,311
141_jpg.rf.5brpbc1mLlsFIwru0uPh.jpg,563,537,Microplastic,277,317,333,371
141_jpg.rf.5brpbc1mLlsFIwru0uPh.jpg,563,537,Microplastic,519,342,540,366
141_jpg.rf.5brpbc1mLlsFIwru0uPh.jpg,563,537,Microplastic,94,354,126,386
141_jpg.rf.5brpbc1mLlsFIwru0uPh.jpg,563,537,Microplastic,262,382,297,426
141_jpg.rf.5brpbc1mLlsFIwru0uPh.jpg,563,537,Microplastic,175,427,202,467
141_jpg.rf.5brpbc1mLlsFIwru0uPh.jpg,563,537,Microplastic,407,472,440,511
141_jpg.rf.5brpbc1mLlsFIwru0uPh.jpg,563,537,Microplastic,350,519,390,536
Screenshot 2026-04-16 at 4-53-54 PM_png.rf.5TGg9JomXm3V5UU3H2Xm.png,1584,874,Microplastic,241,44,278,81
Screenshot 2026-04-16 at 4-53-54 PM_png.rf.5TGg9JomXm3V5UU3H2Xm.png,1584,874,Microplastic,729,312,761,341
Screenshot 2026-04-16 at 4-53-54 PM_png.rf.5TGg9JomXm3V5UU3H2Xm.png,1584,874,Microplastic,630,632,682,676
Screenshot 2026-04-16 at 4-53-54 PM_png.rf.5TGg9JomXm3V5UU3H2Xm.png,1584,874,Microplastic,658,113,912,411
Screenshot 2026-04-16 at 4-53-54 PM_png.rf.5TGg9JomXm3V5UU3H2Xm.png,1584,874,Microplastic,1,718,58,777
Screenshot 2026-04-16 at 4-53-54 PM_png.rf.5TGg9JomXm3V5UU3H2Xm.png,1584,874,Microplastic,700,771,748,827
Screenshot 2026-04-16 at 4-53-54 PM_png.rf.5TGg9JomXm3V5UU3H2Xm.png,1584,874,Microplastic,1505,64,1543,111
Screenshot 2026-04-16 at 4-53-54 PM_png.rf.5TGg9JomXm3V5UU3H2Xm.png,1584,874,Microplastic,802,130,861,185
Screenshot 2026-04-16 at 4-53-54 PM_png.rf.5TGg9JomXm3V5UU3H2Xm.png,1584,874,Microplastic,1496,158,1541,191
Screenshot 2026-04-16 at 4-53-54 PM_png.rf.5TGg9JomXm3V5UU3H2Xm.png,1584,874,Microplastic,183,312,250,390
Screenshot 2026-04-16 at 4-53-54 PM_png.rf.5TGg9JomXm3V5UU3H2Xm.png,1584,874,Microplastic,76,56,135,110
Screenshot 2026-04-16 at 4-53-54 PM_png.rf.5TGg9JomXm3V5UU3H2Xm.png,1584,874,Microplastic,1399,648,1423,670
Screenshot 2026-04-16 at 4-53-54 PM_png.rf.5TGg9JomXm3V5UU3H2Xm.png,1584,874,Microplastic,872,8,945,67
Screenshot 2026-04-16 at 4-53-54 PM_png.rf.5TGg9JomXm3V5UU3H2Xm.png,1584,874,Microplastic,681,370,709,396
Screenshot 2026-04-16 at 4-53-54 PM_png.rf.5TGg9JomXm3V5UU3H2Xm.png,1584,874,Microplastic,311,714,377,756
Screenshot 2026-04-16 at 4-48-24 PM_png.rf.XPA2NxayYbfCo916g3EN.png,1550,846,Microplastic,106,260,131,281
Screenshot 2026-04-16 at 4-48-24 PM_png.rf.XPA2NxayYbfCo916g3EN.png,1550,846,Microplastic,760,312,785,335
Screenshot 2026-04-16 at 4-48-24 PM_png.rf.XPA2NxayYbfCo916g3EN.png,1550,846,Microplastic,1449,344,1474,372
Screenshot 2026-04-16 at 4-48-24 PM_png.rf.XPA2NxayYbfCo916g3EN.png,1550,846,Microplastic,900,391,932,422
Screenshot 2026-04-16 at 4-48-24 PM_png.rf.XPA2NxayYbfCo916g3EN.png,1550,846,Microplastic,539,278,572,307
Screenshot 2026-04-16 at 4-48-24 PM_png.rf.XPA2NxayYbfCo916g3EN.png,1550,846,Microplastic,511,454,547,481
Screenshot 2026-04-16 at 4-48-24 PM_png.rf.XPA2NxayYbfCo916g3EN.png,1550,846,Microplastic,432,6,457,29
Screenshot 2026-04-16 at 4-48-24 PM_png.rf.XPA2NxayYbfCo916g3EN.png,1550,846,Microplastic,531,779,566,806
Screenshot 2026-04-16 at 4-48-24 PM_png.rf.XPA2NxayYbfCo916g3EN.png,1550,846,Microplastic,788,196,808,216
Screenshot 2026-04-16 at 4-48-24 PM_png.rf.XPA2NxayYbfCo916g3EN.png,1550,846,Microplastic,810,451,834,474
Screenshot 2026-04-16 at 4-48-24 PM_png.rf.XPA2NxayYbfCo916g3EN.png,1550,846,Microplastic,447,224,479,252
Screenshot 2026-04-16 at 4-48-24 PM_png.rf.XPA2NxayYbfCo916g3EN.png,1550,846,Microplastic,85,109,116,129
Screenshot 2026-04-16 at 4-48-24 PM_png.rf.XPA2NxayYbfCo916g3EN.png,1550,846,Microplastic,1379,732,1401,755
Screenshot 2026-04-16 at 4-48-24 PM_png.rf.XPA2NxayYbfCo916g3EN.png,1550,846,Microplastic,1425,803,1455,829
Screenshot 2026-04-16 at 4-48-24 PM_png.rf.XPA2NxayYbfCo916g3EN.png,1550,846,Microplastic,673,368,697,391
Screenshot 2026-04-16 at 4-48-24 PM_png.rf.XPA2NxayYbfCo916g3EN.png,1550,846,Microplastic,533,641,558,664
Screenshot 2026-04-16 at 4-48-24 PM_png.rf.XPA2NxayYbfCo916g3EN.png,1550,846,Microplastic,660,407,696,440
Screenshot 2026-04-16 at 4-48-24 PM_png.rf.XPA2NxayYbfCo916g3EN.png,1550,846,Microplastic,656,589,688,616
Screenshot 2026-04-16 at 4-48-24 PM_png.rf.XPA2NxayYbfCo916g3EN.png,1550,846,Microplastic,895,265,919,286
Screenshot 2026-04-16 at 4-48-24 PM_png.rf.XPA2NxayYbfCo916g3EN.png,1550,846,Microplastic,1168,450,1219,501
Screenshot 2026-04-16 at 4-48-24 PM_png.rf.XPA2NxayYbfCo916g3EN.png,1550,846,Microplastic,1384,98,1415,123
Screenshot 2026-04-16 at 4-48-24 PM_png.rf.XPA2NxayYbfCo916g3EN.png,1550,846,Microplastic,978,276,1002,300
Screenshot 2026-04-16 at 4-48-24 PM_png.rf.XPA2NxayYbfCo916g3EN.png,1550,846,Microplastic,420,3,512,84
Screenshot 2026-04-16 at 4-48-24 PM_png.rf.XPA2NxayYbfCo916g3EN.png,1550,846,Microplastic,836,495,867,522
Screenshot 2026-04-16 at 4-48-24 PM_png.rf.XPA2NxayYbfCo916g3EN.png,1550,846,Microplastic,1462,240,1496,270
Screenshot 2026-04-16 at 4-48-24 PM_png.rf.XPA2NxayYbfCo916g3EN.png,1550,846,Microplastic,994,788,1023,814
Screenshot 2026-04-16 at 4-48-24 PM_png.rf.XPA2NxayYbfCo916g3EN.png,1550,846,Microplastic,1002,549,1034,578
Screenshot 2026-04-16 at 4-48-24 PM_png.rf.XPA2NxayYbfCo916g3EN.png,1550,846,Microplastic,999,728,1026,753
Screenshot 2026-04-16 at 4-48-24 PM_png.rf.XPA2NxayYbfCo916g3EN.png,1550,846,Microplastic,1294,697,1319,720
Screenshot 2026-04-16 at 4-48-24 PM_png.rf.XPA2NxayYbfCo916g3EN.png,1550,846,Microplastic,885,447,916,474
Screenshot 2026-04-16 at 4-48-24 PM_png.rf.XPA2NxayYbfCo916g3EN.png,1550,846,Microplastic,1201,708,1228,734
Screenshot 2026-04-16 at 4-48-24 PM_png.rf.XPA2NxayYbfCo916g3EN.png,1550,846,Microplastic,1113,605,1138,628
Screenshot 2026-04-16 at 4-48-24 PM_png.rf.XPA2NxayYbfCo916g3EN.png,1550,846,Microplastic,1384,829,1411,846
Screenshot 2026-04-16 at 4-48-24 PM_png.rf.XPA2NxayYbfCo916g3EN.png,1550,846,Microplastic,878,371,900,392
Screenshot 2026-04-16 at 4-48-24 PM_png.rf.XPA2NxayYbfCo916g3EN.png,1550,846,Microplastic,1204,515,1248,551
Screenshot 2026-04-16 at 4-48-24 PM_png.rf.XPA2NxayYbfCo916g3EN.png,1550,846,Microplastic,1054,650,1083,675
Screenshot 2026-04-16 at 4-48-24 PM_png.rf.XPA2NxayYbfCo916g3EN.png,1550,846,Microplastic,853,540,904,579
Screenshot 2026-04-16 at 4-48-24 PM_png.rf.XPA2NxayYbfCo916g3EN.png,1550,846,Microplastic,1196,115,1219,135
Screenshot 2026-04-16 at 4-48-24 PM_png.rf.XPA2NxayYbfCo916g3EN.png,1550,846,Microplastic,924,631,953,658
Screenshot 2026-04-16 at 4-48-24 PM_png.rf.XPA2NxayYbfCo916g3EN.png,1550,846,Microplastic,989,459,1014,482
Screenshot 2026-04-16 at 4-48-24 PM_png.rf.XPA2NxayYbfCo916g3EN.png,1550,846,Microplastic,968,341,991,361
Screenshot 2026-04-16 at 4-48-24 PM_png.rf.XPA2NxayYbfCo916g3EN.png,1550,846,Microplastic,898,780,925,805
Screenshot 2026-04-16 at 4-48-24 PM_png.rf.XPA2NxayYbfCo916g3EN.png,1550,846,Microplastic,1091,725,1113,746
Screenshot 2026-04-16 at 4-48-24 PM_png.rf.XPA2NxayYbfCo916g3EN.png,1550,846,Microplastic,630,401,654,423
Screenshot 2026-04-16 at 4-48-24 PM_png.rf.XPA2NxayYbfCo916g3EN.png,1550,846,Microplastic,1409,14,1433,39
Screenshot 2026-04-16 at 4-48-24 PM_png.rf.XPA2NxayYbfCo916g3EN.png,1550,846,Microplastic,630,512,652,532
Screenshot 2026-04-16 at 4-48-24 PM_png.rf.XPA2NxayYbfCo916g3EN.png,1550,846,Microplastic,703,640,725,661
Screenshot 2026-04-16 at 4-48-24 PM_png.rf.XPA2NxayYbfCo916g3EN.png,1550,846,Microplastic,926,510,954,537
Screenshot 2026-04-16 at 4-48-24 PM_png.rf.XPA2NxayYbfCo916g3EN.png,1550,846,Microplastic,1416,776,1445,801
Screenshot 2026-04-16 at 4-48-24 PM_png.rf.XPA2NxayYbfCo916g3EN.png,1550,846,Microplastic,1073,696,1096,718
Screenshot 2026-04-16 at 4-48-24 PM_png.rf.XPA2NxayYbfCo916g3EN.png,1550,846,Microplastic,861,744,886,769
Screenshot 2026-04-16 at 4-48-24 PM_png.rf.XPA2NxayYbfCo916g3EN.png,1550,846,Microplastic,793,800,817,823
Screenshot 2026-04-16 at 4-48-24 PM_png.rf.XPA2NxayYbfCo916g3EN.png,1550,846,Microplastic,613,350,638,372
Screenshot 2026-04-16 at 4-48-24 PM_png.rf.XPA2NxayYbfCo916g3EN.png,1550,846,Microplastic,417,129,444,149
Screenshot 2026-04-16 at 4-48-24 PM_png.rf.XPA2NxayYbfCo916g3EN.png,1550,846,Microplastic,1109,152,1134,177
Screenshot 2026-04-16 at 4-48-24 PM_png.rf.XPA2NxayYbfCo916g3EN.png,1550,846,Microplastic,1391,534,1431,562
Screenshot 2026-04-16 at 4-48-24 PM_png.rf.XPA2NxayYbfCo916g3EN.png,1550,846,Microplastic,1075,356,1105,379
Screenshot 2026-04-16 at 4-48-24 PM_png.rf.XPA2NxayYbfCo916g3EN.png,1550,846,Microplastic,1488,395,1511,417
Screenshot 2026-04-16 at 4-48-24 PM_png.rf.XPA2NxayYbfCo916g3EN.png,1550,846,Microplastic,975,749,1000,772
Screenshot 2026-04-16 at 4-48-24 PM_png.rf.XPA2NxayYbfCo916g3EN.png,1550,846,Microplastic,1265,1,1310,38
Screenshot 2026-04-16 at 4-48-24 PM_png.rf.XPA2NxayYbfCo916g3EN.png,1550,846,Microplastic,846,819,872,841
Screenshot 2026-04-16 at 4-48-24 PM_png.rf.XPA2NxayYbfCo916g3EN.png,1550,846,Microplastic,643,476,668,497
Screenshot 2026-04-16 at 4-48-24 PM_png.rf.XPA2NxayYbfCo916g3EN.png,1550,846,Microplastic,1500,329,1546,373
Screenshot 2026-04-16 at 4-48-24 PM_png.rf.XPA2NxayYbfCo916g3EN.png,1550,846,Microplastic,936,297,958,318
Screenshot 2026-04-16 at 4-48-24 PM_png.rf.XPA2NxayYbfCo916g3EN.png,1550,846,Microplastic,1017,481,1044,504
Screenshot 2026-04-16 at 4-48-24 PM_png.rf.XPA2NxayYbfCo916g3EN.png,1550,846,Microplastic,899,679,925,702
Screenshot 2026-04-16 at 4-48-24 PM_png.rf.XPA2NxayYbfCo916g3EN.png,1550,846,Microplastic,748,425,768,443
Screenshot 2026-04-16 at 4-48-24 PM_png.rf.XPA2NxayYbfCo916g3EN.png,1550,846,Microplastic,763,726,787,749
Screenshot 2026-04-16 at 4-48-24 PM_png.rf.XPA2NxayYbfCo916g3EN.png,1550,846,Microplastic,1423,708,1530,818
Screenshot 2026-04-16 at 4-48-24 PM_png.rf.XPA2NxayYbfCo916g3EN.png,1550,846,Microplastic,1088,53,1112,75
Screenshot 2026-04-16 at 4-48-24 PM_png.rf.XPA2NxayYbfCo916g3EN.png,1550,846,Microplastic,650,319,672,339
Screenshot 2026-04-16 at 4-48-24 PM_png.rf.XPA2NxayYbfCo916g3EN.png,1550,846,Microplastic,570,486,590,506
Screenshot 2026-04-16 at 4-48-24 PM_png.rf.XPA2NxayYbfCo916g3EN.png,1550,846,Microplastic,1434,592,1455,611
Screenshot 2026-04-16 at 4-48-24 PM_png.rf.XPA2NxayYbfCo916g3EN.png,1550,846,Microplastic,165,3,211,38
Screenshot 2026-04-16 at 4-48-24 PM_png.rf.XPA2NxayYbfCo916g3EN.png,1550,846,Microplastic,973,547,1001,571
Screenshot 2026-04-16 at 4-48-24 PM_png.rf.XPA2NxayYbfCo916g3EN.png,1550,846,Microplastic,28,337,78,377
Screenshot 2026-04-16 at 4-48-24 PM_png.rf.XPA2NxayYbfCo916g3EN.png,1550,846,Microplastic,406,355,429,376
Screenshot 2026-04-16 at 4-48-24 PM_png.rf.XPA2NxayYbfCo916g3EN.png,1550,846,Microplastic,1264,477,1293,506
Screenshot 2026-04-16 at 4-48-24 PM_png.rf.XPA2NxayYbfCo916g3EN.png,1550,846,Microplastic,922,722,947,745
Screenshot 2026-04-16 at 4-48-24 PM_png.rf.XPA2NxayYbfCo916g3EN.png,1550,846,Microplastic,629,437,660,461
Screenshot 2026-04-16 at 4-48-24 PM_png.rf.XPA2NxayYbfCo916g3EN.png,1550,846,Microplastic,1131,748,1161,771
Screenshot 2026-04-16 at 4-48-24 PM_png.rf.XPA2NxayYbfCo916g3EN.png,1550,846,Microplastic,649,790,674,813
Screenshot 2026-04-16 at 4-48-24 PM_png.rf.XPA2NxayYbfCo916g3EN.png,1550,846,Microplastic,975,667,1006,693
Screenshot 2026-04-16 at 4-48-24 PM_png.rf.XPA2NxayYbfCo916g3EN.png,1550,846,Microplastic,1344,788,1363,806
Screenshot 2026-04-16 at 4-48-24 PM_png.rf.XPA2NxayYbfCo916g3EN.png,1550,846,Microplastic,1177,610,1200,630
Screenshot 2026-04-16 at 4-48-24 PM_png.rf.XPA2NxayYbfCo916g3EN.png,1550,846,Microplastic,1093,648,1118,668
Screenshot 2026-04-16 at 4-48-24 PM_png.rf.XPA2NxayYbfCo916g3EN.png,1550,846,Microplastic,865,309,903,348
Screenshot 2026-04-16 at 4-48-24 PM_png.rf.XPA2NxayYbfCo916g3EN.png,1550,846,Microplastic,989,599,1013,621
Screenshot 2026-04-16 at 4-48-24 PM_png.rf.XPA2NxayYbfCo916g3EN.png,1550,846,Microplastic,754,688,785,717
Screenshot 2026-04-16 at 4-48-24 PM_png.rf.XPA2NxayYbfCo916g3EN.png,1550,846,Microplastic,1122,380,1143,399
Screenshot 2026-04-16 at 4-48-24 PM_png.rf.XPA2NxayYbfCo916g3EN.png,1550,846,Microplastic,773,753,804,775
Screenshot 2026-04-16 at 4-48-24 PM_png.rf.XPA2NxayYbfCo916g3EN.png,1550,846,Microplastic,585,549,638,592
Screenshot 2026-04-16 at 4-48-24 PM_png.rf.XPA2NxayYbfCo916g3EN.png,1550,846,Microplastic,1125,231,1201,331
Screenshot 2026-04-16 at 4-48-24 PM_png.rf.XPA2NxayYbfCo916g3EN.png,1550,846,Microplastic,726,69,771,107
Screenshot 2026-04-16 at 4-51-34 PM_png.rf.7NX8hfponMGy1mOEy7ds.png,1548,866,Microplastic,1206,89,1230,112
Screenshot 2026-04-16 at 4-51-34 PM_png.rf.7NX8hfponMGy1mOEy7ds.png,1548,866,Microplastic,1515,170,1546,204
Screenshot 2026-04-16 at 4-51-34 PM_png.rf.7NX8hfponMGy1mOEy7ds.png,1548,866,Microplastic,189,490,217,514
Screenshot 2026-04-16 at 4-51-34 PM_png.rf.7NX8hfponMGy1mOEy7ds.png,1548,866,Microplastic,1423,234,1463,268
Screenshot 2026-04-16 at 4-51-34 PM_png.rf.7NX8hfponMGy1mOEy7ds.png,1548,866,Microplastic,1448,352,1475,377
Screenshot 2026-04-16 at 4-51-34 PM_png.rf.7NX8hfponMGy1mOEy7ds.png,1548,866,Microplastic,777,654,888,764
Screenshot 2026-04-16 at 4-51-34 PM_png.rf.7NX8hfponMGy1mOEy7ds.png,1548,866,Microplastic,1230,288,1261,315
Screenshot 2026-04-16 at 4-51-34 PM_png.rf.7NX8hfponMGy1mOEy7ds.png,1548,866,Microplastic,270,532,407,610
Screenshot 2026-04-16 at 4-51-34 PM_png.rf.7NX8hfponMGy1mOEy7ds.png,1548,866,Microplastic,842,288,892,339
Screenshot 2026-04-16 at 4-51-34 PM_png.rf.7NX8hfponMGy1mOEy7ds.png,1548,866,Microplastic,934,709,955,734
Screenshot 2026-04-16 at 4-51-34 PM_png.rf.7NX8hfponMGy1mOEy7ds.png,1548,866,Microplastic,1363,460,1404,530
Screenshot 2026-04-16 at 4-51-34 PM_png.rf.7NX8hfponMGy1mOEy7ds.png,1548,866,Microplastic,430,55,456,77
Screenshot 2026-04-16 at 4-51-34 PM_png.rf.7NX8hfponMGy1mOEy7ds.png,1548,866,Microplastic,434,837,462,860
127_jpg.rf.D2r4xr6pZB7TCwOrg5ek.jpg,563,537,Microplastic,220,80,242,109
127_jpg.rf.D2r4xr6pZB7TCwOrg5ek.jpg,563,537,Microplastic,157,147,172,172
127_jpg.rf.D2r4xr6pZB7TCwOrg5ek.jpg,563,537,Microplastic,190,174,212,195
127_jpg.rf.D2r4xr6pZB7TCwOrg5ek.jpg,563,537,Microplastic,102,174,124,199
127_jpg.rf.D2r4xr6pZB7TCwOrg5ek.jpg,563,537,Microplastic,375,174,430,251
127_jpg.rf.D2r4xr6pZB7TCwOrg5ek.jpg,563,537,Microplastic,169,212,196,233
127_jpg.rf.D2r4xr6pZB7TCwOrg5ek.jpg,563,537,Microplastic,315,220,335,245
127_jpg.rf.D2r4xr6pZB7TCwOrg5ek.jpg,563,537,Microplastic,235,299,257,326
127_jpg.rf.D2r4xr6pZB7TCwOrg5ek.jpg,563,537,Microplastic,182,337,212,362
127_jpg.rf.D2r4xr6pZB7TCwOrg5ek.jpg,563,537,Microplastic,392,347,412,382
127_jpg.rf.D2r4xr6pZB7TCwOrg5ek.jpg,563,537,Microplastic,272,369,299,401
127_jpg.rf.D2r4xr6pZB7TCwOrg5ek.jpg,563,537,Microplastic,135,382,162,403
127_jpg.rf.D2r4xr6pZB7TCwOrg5ek.jpg,563,537,Microplastic,294,388,326,430
127_jpg.rf.D2r4xr6pZB7TCwOrg5ek.jpg,563,537,Microplastic,62,400,80,432
127_jpg.rf.D2r4xr6pZB7TCwOrg5ek.jpg,563,537,Microplastic,0,400,20,456
127_jpg.rf.D2r4xr6pZB7TCwOrg5ek.jpg,563,537,Microplastic,39,510,97,536
Screenshot 2026-04-16 at 4-51-20 PM_png.rf.PQi4eqxrECynYwHPyqcZ.png,1592,802,Microplastic,372,129,451,191
Screenshot 2026-04-16 at 4-51-20 PM_png.rf.PQi4eqxrECynYwHPyqcZ.png,1592,802,Microplastic,817,342,952,470
Screenshot 2026-04-16 at 4-51-20 PM_png.rf.PQi4eqxrECynYwHPyqcZ.png,1592,802,Microplastic,627,325,665,362
Screenshot 2026-04-16 at 4-51-20 PM_png.rf.PQi4eqxrECynYwHPyqcZ.png,1592,802,Microplastic,499,67,576,140
Screenshot 2026-04-16 at 4-51-20 PM_png.rf.PQi4eqxrECynYwHPyqcZ.png,1592,802,Microplastic,248,417,295,474
Screenshot 2026-04-16 at 4-51-20 PM_png.rf.PQi4eqxrECynYwHPyqcZ.png,1592,802,Microplastic,540,686,594,744
Screenshot 2026-04-16 at 4-54-53 PM_png.rf.g8EoMHsSvbzAWhGCWMIu.png,1570,866,Microplastic,471,51,501,82
Screenshot 2026-04-16 at 4-54-53 PM_png.rf.g8EoMHsSvbzAWhGCWMIu.png,1570,866,Microplastic,1425,417,1466,455
Screenshot 2026-04-16 at 4-54-53 PM_png.rf.g8EoMHsSvbzAWhGCWMIu.png,1570,866,Microplastic,1202,161,1256,213
Screenshot 2026-04-16 at 4-54-53 PM_png.rf.g8EoMHsSvbzAWhGCWMIu.png,1570,866,Microplastic,941,608,996,675
Screenshot 2026-04-16 at 4-54-53 PM_png.rf.g8EoMHsSvbzAWhGCWMIu.png,1570,866,Microplastic,1461,708,1526,776
Screenshot 2026-04-16 at 4-54-53 PM_png.rf.g8EoMHsSvbzAWhGCWMIu.png,1570,866,Microplastic,1529,108,1556,132
Screenshot 2026-04-16 at 4-54-53 PM_png.rf.g8EoMHsSvbzAWhGCWMIu.png,1570,866,Microplastic,671,341,695,367
Screenshot 2026-04-16 at 4-54-53 PM_png.rf.g8EoMHsSvbzAWhGCWMIu.png,1570,866,Microplastic,1529,237,1555,261
Screenshot 2026-04-16 at 4-54-53 PM_png.rf.g8EoMHsSvbzAWhGCWMIu.png,1570,866,Microplastic,1393,385,1566,599
Screenshot 2026-04-16 at 4-54-53 PM_png.rf.g8EoMHsSvbzAWhGCWMIu.png,1570,866,Microplastic,459,328,512,394
Screenshot 2026-04-16 at 4-54-53 PM_png.rf.g8EoMHsSvbzAWhGCWMIu.png,1570,866,Microplastic,1128,122,1187,179
Screenshot 2026-04-16 at 4-54-53 PM_png.rf.g8EoMHsSvbzAWhGCWMIu.png,1570,866,Microplastic,518,233,543,260
Screenshot 2026-04-16 at 4-54-53 PM_png.rf.g8EoMHsSvbzAWhGCWMIu.png,1570,866,Microplastic,1414,550,1441,577
Screenshot 2026-04-16 at 4-54-53 PM_png.rf.g8EoMHsSvbzAWhGCWMIu.png,1570,866,Microplastic,434,58,456,82
Screenshot 2026-04-16 at 4-54-53 PM_png.rf.g8EoMHsSvbzAWhGCWMIu.png,1570,866,Microplastic,539,657,560,679
Screenshot 2026-04-16 at 4-54-53 PM_png.rf.g8EoMHsSvbzAWhGCWMIu.png,1570,866,Microplastic,701,389,741,432
Screenshot 2026-04-16 at 4-54-53 PM_png.rf.g8EoMHsSvbzAWhGCWMIu.png,1570,866,Microplastic,1138,722,1165,747
Screenshot 2026-04-16 at 4-54-53 PM_png.rf.g8EoMHsSvbzAWhGCWMIu.png,1570,866,Microplastic,1217,569,1244,590
Screenshot 2026-04-16 at 4-54-53 PM_png.rf.g8EoMHsSvbzAWhGCWMIu.png,1570,866,Microplastic,1525,273,1569,318
Screenshot 2026-04-16 at 4-54-53 PM_png.rf.g8EoMHsSvbzAWhGCWMIu.png,1570,866,Microplastic,844,406,869,433
Screenshot 2026-04-16 at 4-55-06 PM_png.rf.mDfZQiVyYtuJbELp2LZQ.png,1550,820,Microplastic,239,113,263,138
Screenshot 2026-04-16 at 4-55-06 PM_png.rf.mDfZQiVyYtuJbELp2LZQ.png,1550,820,Microplastic,395,592,468,665
Screenshot 2026-04-16 at 4-55-06 PM_png.rf.mDfZQiVyYtuJbELp2LZQ.png,1550,820,Microplastic,194,361,249,418
Screenshot 2026-04-16 at 4-55-06 PM_png.rf.mDfZQiVyYtuJbELp2LZQ.png,1550,820,Microplastic,334,145,379,182
Screenshot 2026-04-16 at 4-55-06 PM_png.rf.mDfZQiVyYtuJbELp2LZQ.png,1550,820,Microplastic,184,172,205,193
Screenshot 2026-04-16 at 4-55-06 PM_png.rf.mDfZQiVyYtuJbELp2LZQ.png,1550,820,Microplastic,261,503,284,527
Screenshot 2026-04-16 at 4-55-06 PM_png.rf.mDfZQiVyYtuJbELp2LZQ.png,1550,820,Microplastic,122,801,148,819
Screenshot 2026-04-16 at 4-55-06 PM_png.rf.mDfZQiVyYtuJbELp2LZQ.png,1550,820,Microplastic,108,627,130,650
Screenshot 2026-04-16 at 4-55-06 PM_png.rf.mDfZQiVyYtuJbELp2LZQ.png,1550,820,Microplastic,110,60,133,81
Screenshot 2026-04-16 at 4-55-06 PM_png.rf.mDfZQiVyYtuJbELp2LZQ.png,1550,820,Microplastic,257,69,277,92
Screenshot 2026-04-16 at 4-54-35 PM_png.rf.OwbtmGbUQDRbetSmrVwW.png,1620,876,Microplastic,1488,178,1517,206
Screenshot 2026-04-16 at 4-54-35 PM_png.rf.OwbtmGbUQDRbetSmrVwW.png,1620,876,Microplastic,887,87,960,144
Screenshot 2026-04-16 at 4-54-35 PM_png.rf.OwbtmGbUQDRbetSmrVwW.png,1620,876,Microplastic,1380,289,1404,312
Screenshot 2026-04-16 at 4-54-35 PM_png.rf.OwbtmGbUQDRbetSmrVwW.png,1620,876,Microplastic,713,56,1157,319
Screenshot 2026-04-16 at 4-54-35 PM_png.rf.OwbtmGbUQDRbetSmrVwW.png,1620,876,Microplastic,653,803,680,830
Screenshot 2026-04-16 at 4-54-35 PM_png.rf.OwbtmGbUQDRbetSmrVwW.png,1620,876,Microplastic,837,514,894,556
Screenshot 2026-04-16 at 4-54-35 PM_png.rf.OwbtmGbUQDRbetSmrVwW.png,1620,876,Microplastic,815,195,843,219
Screenshot 2026-04-16 at 4-54-35 PM_png.rf.OwbtmGbUQDRbetSmrVwW.png,1620,876,Microplastic,755,170,801,202
Screenshot 2026-04-16 at 4-53-10 PM_png.rf.j9mOm5PXkezVxNuS2upD.png,1560,836,Microplastic,794,362,898,461
Screenshot 2026-04-16 at 4-53-10 PM_png.rf.j9mOm5PXkezVxNuS2upD.png,1560,836,Microplastic,284,531,360,610
Screenshot 2026-04-16 at 4-53-10 PM_png.rf.j9mOm5PXkezVxNuS2upD.png,1560,836,Microplastic,1211,278,1245,310
Screenshot 2026-04-16 at 4-53-10 PM_png.rf.j9mOm5PXkezVxNuS2upD.png,1560,836,Microplastic,1484,41,1512,71
Screenshot 2026-04-16 at 4-53-10 PM_png.rf.j9mOm5PXkezVxNuS2upD.png,1560,836,Microplastic,1283,316,1313,342
Screenshot 2026-04-16 at 4-53-10 PM_png.rf.j9mOm5PXkezVxNuS2upD.png,1560,836,Microplastic,1293,585,1402,678
Screenshot 2026-04-16 at 4-53-10 PM_png.rf.j9mOm5PXkezVxNuS2upD.png,1560,836,Microplastic,705,323,728,348
Screenshot 2026-04-16 at 4-53-10 PM_png.rf.j9mOm5PXkezVxNuS2upD.png,1560,836,Microplastic,670,251,1381,468
Screenshot 2026-04-16 at 4-53-10 PM_png.rf.j9mOm5PXkezVxNuS2upD.png,1560,836,Microplastic,1246,72,1267,94
Screenshot 2026-04-16 at 4-53-10 PM_png.rf.j9mOm5PXkezVxNuS2upD.png,1560,836,Microplastic,868,255,897,278
Screenshot 2026-04-16 at 4-53-32 PM_png.rf.i4yckVR4ffSu4QofaUMn.png,1592,868,Microplastic,1149,129,1171,151
Screenshot 2026-04-16 at 4-53-32 PM_png.rf.i4yckVR4ffSu4QofaUMn.png,1592,868,Microplastic,1322,380,1537,464
Screenshot 2026-04-16 at 4-53-32 PM_png.rf.i4yckVR4ffSu4QofaUMn.png,1592,868,Microplastic,699,774,805,855
Screenshot 2026-04-16 at 4-53-32 PM_png.rf.i4yckVR4ffSu4QofaUMn.png,1592,868,Microplastic,1005,334,1035,365
Screenshot 2026-04-16 at 4-53-32 PM_png.rf.i4yckVR4ffSu4QofaUMn.png,1592,868,Microplastic,944,549,975,578
Screenshot 2026-04-16 at 4-53-32 PM_png.rf.i4yckVR4ffSu4QofaUMn.png,1592,868,Microplastic,1335,398,1375,444
Screenshot 2026-04-16 at 4-53-32 PM_png.rf.i4yckVR4ffSu4QofaUMn.png,1592,868,Microplastic,1210,539,1261,590
Screenshot 2026-04-16 at 4-53-32 PM_png.rf.i4yckVR4ffSu4QofaUMn.png,1592,868,Microplastic,344,301,430,381
Screenshot 2026-04-16 at 4-53-32 PM_png.rf.i4yckVR4ffSu4QofaUMn.png,1592,868,Microplastic,925,170,947,190
Screenshot 2026-04-16 at 4-53-32 PM_png.rf.i4yckVR4ffSu4QofaUMn.png,1592,868,Microplastic,924,666,969,714
Screenshot 2026-04-16 at 4-53-32 PM_png.rf.i4yckVR4ffSu4QofaUMn.png,1592,868,Microplastic,320,250,648,405
Screenshot 2026-04-16 at 4-53-32 PM_png.rf.i4yckVR4ffSu4QofaUMn.png,1592,868,Microplastic,346,353,368,376
Screenshot 2026-04-16 at 4-53-32 PM_png.rf.i4yckVR4ffSu4QofaUMn.png,1592,868,Microplastic,1137,96,1157,116
Screenshot 2026-04-16 at 4-53-32 PM_png.rf.i4yckVR4ffSu4QofaUMn.png,1592,868,Microplastic,2,547,27,582
Screenshot 2026-04-16 at 4-53-32 PM_png.rf.i4yckVR4ffSu4QofaUMn.png,1592,868,Microplastic,1264,679,1386,823
Screenshot 2026-04-16 at 4-53-32 PM_png.rf.i4yckVR4ffSu4QofaUMn.png,1592,868,Microplastic,45,373,85,409
Screenshot 2026-04-16 at 4-53-32 PM_png.rf.i4yckVR4ffSu4QofaUMn.png,1592,868,Microplastic,1,347,133,600
Screenshot 2026-04-16 at 3-24-21 PM_png.rf.n6yYcwCXQiokv1Fn0uQ4.png,1382,876,Microplastic,985,338,1285,637
Screenshot 2026-04-16 at 4-54-09 PM_png.rf.uF14UKzIzFvu8jna1Frk.png,1596,848,Microplastic,992,4,1022,33
Screenshot 2026-04-16 at 4-54-09 PM_png.rf.uF14UKzIzFvu8jna1Frk.png,1596,848,Microplastic,0,450,85,544
Screenshot 2026-04-16 at 4-54-09 PM_png.rf.uF14UKzIzFvu8jna1Frk.png,1596,848,Microplastic,1347,221,1373,246
Screenshot 2026-04-16 at 4-54-09 PM_png.rf.uF14UKzIzFvu8jna1Frk.png,1596,848,Microplastic,720,275,751,302
Screenshot 2026-04-16 at 4-54-09 PM_png.rf.uF14UKzIzFvu8jna1Frk.png,1596,848,Microplastic,336,539,376,572
Screenshot 2026-04-16 at 4-54-09 PM_png.rf.uF14UKzIzFvu8jna1Frk.png,1596,848,Microplastic,1218,33,1596,494
Screenshot 2026-04-16 at 4-54-09 PM_png.rf.uF14UKzIzFvu8jna1Frk.png,1596,848,Microplastic,1052,89,1100,121
Screenshot 2026-04-16 at 4-54-09 PM_png.rf.uF14UKzIzFvu8jna1Frk.png,1596,848,Microplastic,1086,601,1160,651
Screenshot 2026-04-16 at 4-54-09 PM_png.rf.uF14UKzIzFvu8jna1Frk.png,1596,848,Microplastic,1512,32,1550,76
Screenshot 2026-04-16 at 4-54-09 PM_png.rf.uF14UKzIzFvu8jna1Frk.png,1596,848,Microplastic,1118,660,1180,718
123_jpg.rf.2Xngu775e6lgIy6CFwof.jpg,563,537,Microplastic,262,0,300,56
123_jpg.rf.2Xngu775e6lgIy6CFwof.jpg,563,537,Microplastic,179,48,198,65
123_jpg.rf.2Xngu775e6lgIy6CFwof.jpg,563,537,Microplastic,319,27,368,93
123_jpg.rf.2Xngu775e6lgIy6CFwof.jpg,563,537,Microplastic,227,70,249,90
123_jpg.rf.2Xngu775e6lgIy6CFwof.jpg,563,537,Microplastic,252,87,285,135
123_jpg.rf.2Xngu775e6lgIy6CFwof.jpg,563,537,Microplastic,102,107,125,145
123_jpg.rf.2Xngu775e6lgIy6CFwof.jpg,563,537,Microplastic,330,110,358,164
123_jpg.rf.2Xngu775e6lgIy6CFwof.jpg,563,537,Microplastic,139,122,162,159
123_jpg.rf.2Xngu775e6lgIy6CFwof.jpg,563,537,Microplastic,42,144,80,174
123_jpg.rf.2Xngu775e6lgIy6CFwof.jpg,563,537,Microplastic,109,152,135,177
123_jpg.rf.2Xngu775e6lgIy6CFwof.jpg,563,537,Microplastic,272,154,283,178
123_jpg.rf.2Xngu775e6lgIy6CFwof.jpg,563,537,Microplastic,494,174,516,202
123_jpg.rf.2Xngu775e6lgIy6CFwof.jpg,563,537,Microplastic,265,183,285,208
123_jpg.rf.2Xngu775e6lgIy6CFwof.jpg,563,537,Microplastic,155,249,185,279
123_jpg.rf.2Xngu775e6lgIy6CFwof.jpg,563,537,Microplastic,85,265,104,288
123_jpg.rf.2Xngu775e6lgIy6CFwof.jpg,563,537,Microplastic,270,270,297,303
123_jpg.rf.2Xngu775e6lgIy6CFwof.jpg,563,537,Microplastic,82,297,107,328
123_jpg.rf.2Xngu775e6lgIy6CFwof.jpg,563,537,Microplastic,255,307,284,339
123_jpg.rf.2Xngu775e6lgIy6CFwof.jpg,563,537,Microplastic,184,302,215,346
123_jpg.rf.2Xngu775e6lgIy6CFwof.jpg,563,537,Microplastic,9,314,28,349
123_jpg.rf.2Xngu775e6lgIy6CFwof.jpg,563,537,Microplastic,482,317,501,355
123_jpg.rf.2Xngu775e6lgIy6CFwof.jpg,563,537,Microplastic,35,365,62,401
123_jpg.rf.2Xngu775e6lgIy6CFwof.jpg,563,537,Microplastic,63,405,80,424
123_jpg.rf.2Xngu775e6lgIy6CFwof.jpg,563,537,Microplastic,91,424,104,439
123_jpg.rf.2Xngu775e6lgIy6CFwof.jpg,563,537,Microplastic,151,435,170,463
123_jpg.rf.2Xngu775e6lgIy6CFwof.jpg,563,537,Microplastic,175,510,210,536
123_jpg.rf.2Xngu775e6lgIy6CFwof.jpg,563,537,Microplastic,362,499,395,536
123_jpg.rf.2Xngu775e6lgIy6CFwof.jpg,563,537,Microplastic,282,520,302,536
a--49-_jpg.rf.C10RX1xgmWvwQPFOhKFR.jpg,563,537,Microplastic,178,51,261,135
a--49-_jpg.rf.C10RX1xgmWvwQPFOhKFR.jpg,563,537,Microplastic,454,124,542,204
a--49-_jpg.rf.C10RX1xgmWvwQPFOhKFR.jpg,563,537,Microplastic,326,392,408,467
a--49-_jpg.rf.C10RX1xgmWvwQPFOhKFR.jpg,563,537,Microplastic,155,376,230,452
Screenshot 2026-04-19 at 4-19-07 PM_png.rf.ZuSIf8cHmh9btV1jEAj1.png,1526,824,Microplastic,907,244,940,276
Screenshot 2026-04-19 at 4-10-36 PM_png.rf.bDW3A8zcjkM5jYDmvcyW.png,1584,822,Microplastic,741,715,766,740
Screenshot 2026-04-19 at 4-10-36 PM_png.rf.bDW3A8zcjkM5jYDmvcyW.png,1584,822,Microplastic,450,649,474,673
Screenshot 2026-04-19 at 4-10-36 PM_png.rf.bDW3A8zcjkM5jYDmvcyW.png,1584,822,Microplastic,1153,793,1180,817
Screenshot 2026-04-19 at 4-10-36 PM_png.rf.bDW3A8zcjkM5jYDmvcyW.png,1584,822,Microplastic,490,538,517,563
Screenshot 2026-04-19 at 4-10-36 PM_png.rf.bDW3A8zcjkM5jYDmvcyW.png,1584,822,Microplastic,666,731,691,756
Screenshot 2026-04-19 at 4-10-36 PM_png.rf.bDW3A8zcjkM5jYDmvcyW.png,1584,822,Microplastic,469,234,499,263
Screenshot 2026-04-19 at 4-10-36 PM_png.rf.bDW3A8zcjkM5jYDmvcyW.png,1584,822,Microplastic,717,361,757,398
Screenshot 2026-04-19 at 4-10-36 PM_png.rf.bDW3A8zcjkM5jYDmvcyW.png,1584,822,Microplastic,1411,453,1438,475
Screenshot 2026-04-19 at 4-10-36 PM_png.rf.bDW3A8zcjkM5jYDmvcyW.png,1584,822,Microplastic,359,802,382,821
Screenshot 2026-04-19 at 4-10-36 PM_png.rf.bDW3A8zcjkM5jYDmvcyW.png,1584,822,Microplastic,762,437,782,456
Screenshot 2026-04-19 at 4-10-36 PM_png.rf.bDW3A8zcjkM5jYDmvcyW.png,1584,822,Microplastic,28,73,52,95
Screenshot 2026-04-19 at 4-10-36 PM_png.rf.bDW3A8zcjkM5jYDmvcyW.png,1584,822,Microplastic,1454,271,1482,297
Screenshot 2026-04-19 at 4-10-36 PM_png.rf.bDW3A8zcjkM5jYDmvcyW.png,1584,822,Microplastic,595,206,620,232
Screenshot 2026-04-19 at 4-10-36 PM_png.rf.bDW3A8zcjkM5jYDmvcyW.png,1584,822,Microplastic,1391,513,1412,534
Screenshot 2026-04-19 at 4-10-36 PM_png.rf.bDW3A8zcjkM5jYDmvcyW.png,1584,822,Microplastic,881,805,901,821
Screenshot 2026-04-19 at 4-10-36 PM_png.rf.bDW3A8zcjkM5jYDmvcyW.png,1584,822,Microplastic,1318,798,1341,819
Screenshot 2026-04-19 at 4-10-36 PM_png.rf.bDW3A8zcjkM5jYDmvcyW.png,1584,822,Microplastic,1407,554,1432,579
Screenshot 2026-04-19 at 4-10-36 PM_png.rf.bDW3A8zcjkM5jYDmvcyW.png,1584,822,Microplastic,1347,712,1371,737
Screenshot 2026-04-19 at 4-10-36 PM_png.rf.bDW3A8zcjkM5jYDmvcyW.png,1584,822,Microplastic,718,310,744,336
Screenshot 2026-04-19 at 4-10-36 PM_png.rf.bDW3A8zcjkM5jYDmvcyW.png,1584,822,Microplastic,1408,764,1433,786
Screenshot 2026-04-19 at 4-10-36 PM_png.rf.bDW3A8zcjkM5jYDmvcyW.png,1584,822,Microplastic,268,345,288,365
Screenshot 2026-04-19 at 4-10-36 PM_png.rf.bDW3A8zcjkM5jYDmvcyW.png,1584,822,Microplastic,1300,695,1331,721
Screenshot 2026-04-19 at 4-10-36 PM_png.rf.bDW3A8zcjkM5jYDmvcyW.png,1584,822,Microplastic,246,711,272,738
Screenshot 2026-04-19 at 4-10-36 PM_png.rf.bDW3A8zcjkM5jYDmvcyW.png,1584,822,Microplastic,800,496,819,519
Screenshot 2026-04-19 at 4-10-36 PM_png.rf.bDW3A8zcjkM5jYDmvcyW.png,1584,822,Microplastic,1001,719,1031,755
Screenshot 2026-04-19 at 4-10-36 PM_png.rf.bDW3A8zcjkM5jYDmvcyW.png,1584,822,Microplastic,425,592,560,723
Screenshot 2026-04-19 at 4-10-36 PM_png.rf.bDW3A8zcjkM5jYDmvcyW.png,1584,822,Microplastic,1225,591,1245,614
Screenshot 2026-04-19 at 4-10-36 PM_png.rf.bDW3A8zcjkM5jYDmvcyW.png,1584,822,Microplastic,1077,665,1137,728
Screenshot 2026-04-19 at 4-10-36 PM_png.rf.bDW3A8zcjkM5jYDmvcyW.png,1584,822,Microplastic,71,603,96,625
Screenshot 2026-04-19 at 4-10-36 PM_png.rf.bDW3A8zcjkM5jYDmvcyW.png,1584,822,Microplastic,747,2,789,42
Screenshot 2026-04-19 at 4-10-36 PM_png.rf.bDW3A8zcjkM5jYDmvcyW.png,1584,822,Microplastic,1208,479,1232,502
Screenshot 2026-04-19 at 4-10-36 PM_png.rf.bDW3A8zcjkM5jYDmvcyW.png,1584,822,Microplastic,407,176,440,207
Screenshot 2026-04-19 at 4-10-36 PM_png.rf.bDW3A8zcjkM5jYDmvcyW.png,1584,822,Microplastic,633,1,832,129
Screenshot 2026-04-19 at 4-10-36 PM_png.rf.bDW3A8zcjkM5jYDmvcyW.png,1584,822,Microplastic,649,491,695,541
Screenshot 2026-04-19 at 4-10-36 PM_png.rf.bDW3A8zcjkM5jYDmvcyW.png,1584,822,Microplastic,1189,23,1214,50
Screenshot 2026-04-19 at 4-10-36 PM_png.rf.bDW3A8zcjkM5jYDmvcyW.png,1584,822,Microplastic,1213,103,1248,144
Screenshot 2026-04-19 at 4-10-36 PM_png.rf.bDW3A8zcjkM5jYDmvcyW.png,1584,822,Microplastic,1538,7,1565,32
Screenshot 2026-04-19 at 4-10-36 PM_png.rf.bDW3A8zcjkM5jYDmvcyW.png,1584,822,Microplastic,588,565,614,591
Screenshot 2026-04-19 at 4-15-29 PM_png.rf.UoOmEQptYb12dqWQgX6T.png,1564,868,Microplastic,82,503,130,550
Screenshot 2026-04-19 at 4-15-29 PM_png.rf.UoOmEQptYb12dqWQgX6T.png,1564,868,Microplastic,255,49,290,85
Screenshot 2026-04-19 at 4-15-29 PM_png.rf.UoOmEQptYb12dqWQgX6T.png,1564,868,Microplastic,288,668,319,703
Screenshot 2026-04-19 at 4-15-29 PM_png.rf.UoOmEQptYb12dqWQgX6T.png,1564,868,Microplastic,909,467,938,495
Screenshot 2026-04-19 at 4-15-29 PM_png.rf.UoOmEQptYb12dqWQgX6T.png,1564,868,Microplastic,614,537,648,570
Screenshot 2026-04-19 at 4-15-29 PM_png.rf.UoOmEQptYb12dqWQgX6T.png,1564,868,Microplastic,1126,241,1176,287
Screenshot 2026-04-19 at 4-15-29 PM_png.rf.UoOmEQptYb12dqWQgX6T.png,1564,868,Microplastic,646,812,682,852
Screenshot 2026-04-19 at 4-15-29 PM_png.rf.UoOmEQptYb12dqWQgX6T.png,1564,868,Microplastic,1388,56,1416,84
Screenshot 2026-04-19 at 4-15-29 PM_png.rf.UoOmEQptYb12dqWQgX6T.png,1564,868,Microplastic,1500,555,1525,580
Screenshot 2026-04-19 at 4-15-29 PM_png.rf.UoOmEQptYb12dqWQgX6T.png,1564,868,Microplastic,1257,314,1283,341
Screenshot 2026-04-19 at 4-15-29 PM_png.rf.UoOmEQptYb12dqWQgX6T.png,1564,868,Microplastic,1073,190,1108,222
Screenshot 2026-04-19 at 4-15-29 PM_png.rf.UoOmEQptYb12dqWQgX6T.png,1564,868,Microplastic,1312,156,1340,185
Screenshot 2026-04-19 at 4-15-29 PM_png.rf.UoOmEQptYb12dqWQgX6T.png,1564,868,Microplastic,70,365,109,396
Screenshot 2026-04-19 at 4-15-29 PM_png.rf.UoOmEQptYb12dqWQgX6T.png,1564,868,Microplastic,282,555,314,586
Screenshot 2026-04-19 at 4-15-29 PM_png.rf.UoOmEQptYb12dqWQgX6T.png,1564,868,Microplastic,1270,18,1294,44
Screenshot 2026-04-19 at 4-15-29 PM_png.rf.UoOmEQptYb12dqWQgX6T.png,1564,868,Microplastic,804,314,835,343
Screenshot 2026-04-19 at 4-15-29 PM_png.rf.UoOmEQptYb12dqWQgX6T.png,1564,868,Microplastic,1415,287,1442,319
Screenshot 2026-04-19 at 4-15-29 PM_png.rf.UoOmEQptYb12dqWQgX6T.png,1564,868,Microplastic,747,841,776,866
Screenshot 2026-04-19 at 3-57-26 PM_png.rf.ccyE9otgGNdvAFWyUX1G.png,1556,870,Microplastic,929,149,969,191
Screenshot 2026-04-19 at 3-57-26 PM_png.rf.ccyE9otgGNdvAFWyUX1G.png,1556,870,Microplastic,698,730,728,772
Screenshot 2026-04-19 at 3-57-26 PM_png.rf.ccyE9otgGNdvAFWyUX1G.png,1556,870,Microplastic,7,166,245,562
Screenshot 2026-04-19 at 3-57-26 PM_png.rf.ccyE9otgGNdvAFWyUX1G.png,1556,870,Microplastic,691,563,743,612
Screenshot 2026-04-19 at 3-57-26 PM_png.rf.ccyE9otgGNdvAFWyUX1G.png,1556,870,Microplastic,1066,269,1095,312
a--52-_jpg.rf.16fmHShz6GIKsGZKSuro.jpg,563,537,Microplastic,375,50,446,122
a--52-_jpg.rf.16fmHShz6GIKsGZKSuro.jpg,563,537,Microplastic,52,268,114,330
a--52-_jpg.rf.16fmHShz6GIKsGZKSuro.jpg,563,537,Microplastic,122,250,213,306
a--52-_jpg.rf.16fmHShz6GIKsGZKSuro.jpg,563,537,Microplastic,138,326,225,394
a--52-_jpg.rf.16fmHShz6GIKsGZKSuro.jpg,563,537,Microplastic,359,460,441,536
a--71-_jpg.rf.3hu8QFJsRVkh0oWlsnUP.jpg,563,537,Microplastic,210,0,277,74
a--71-_jpg.rf.3hu8QFJsRVkh0oWlsnUP.jpg,563,537,Microplastic,0,148,70,243
a--71-_jpg.rf.3hu8QFJsRVkh0oWlsnUP.jpg,563,537,Microplastic,109,266,191,342
a--71-_jpg.rf.3hu8QFJsRVkh0oWlsnUP.jpg,563,537,Microplastic,300,244,373,320
a--71-_jpg.rf.3hu8QFJsRVkh0oWlsnUP.jpg,563,537,Microplastic,187,361,243,411
a--53-_jpg.rf.L18GsxxKEBoxOwcQCjpc.jpg,563,537,Microplastic,356,19,431,93
a--53-_jpg.rf.L18GsxxKEBoxOwcQCjpc.jpg,563,537,Microplastic,155,214,226,290
a--53-_jpg.rf.L18GsxxKEBoxOwcQCjpc.jpg,563,537,Microplastic,271,230,365,295
a--53-_jpg.rf.L18GsxxKEBoxOwcQCjpc.jpg,563,537,Microplastic,411,394,487,470
a--53-_jpg.rf.L18GsxxKEBoxOwcQCjpc.jpg,563,537,Microplastic,35,426,118,502
a--69-_jpg.rf.MO9SPRZZjQoA7Zk3LfJd.jpg,563,537,Microplastic,66,188,139,261
a--69-_jpg.rf.MO9SPRZZjQoA7Zk3LfJd.jpg,563,537,Microplastic,219,219,286,275
a--69-_jpg.rf.MO9SPRZZjQoA7Zk3LfJd.jpg,563,537,Microplastic,203,435,291,530
a--65-_jpg.rf.PdmGVNJd7hfh2eGYCkL4.jpg,563,537,Microplastic,139,209,210,281
a--65-_jpg.rf.PdmGVNJd7hfh2eGYCkL4.jpg,563,537,Microplastic,232,103,312,180
a--65-_jpg.rf.PdmGVNJd7hfh2eGYCkL4.jpg,563,537,Microplastic,184,325,267,402
a--65-_jpg.rf.PdmGVNJd7hfh2eGYCkL4.jpg,563,537,Microplastic,0,306,80,385
a--65-_jpg.rf.PdmGVNJd7hfh2eGYCkL4.jpg,563,537,Microplastic,419,215,494,281
a--76-_jpg.rf.XSmpVi4rXljRj2z6Q1HF.jpg,563,537,Microplastic,326,98,397,164
a--76-_jpg.rf.XSmpVi4rXljRj2z6Q1HF.jpg,563,537,Microplastic,48,235,116,297
a--76-_jpg.rf.XSmpVi4rXljRj2z6Q1HF.jpg,563,537,Microplastic,309,287,369,354
a--76-_jpg.rf.XSmpVi4rXljRj2z6Q1HF.jpg,563,537,Microplastic,311,492,384,536
a--76-_jpg.rf.XSmpVi4rXljRj2z6Q1HF.jpg,563,537,Microplastic,77,475,163,536
a--68-_jpg.rf.bvNYM8OfrMm5qrHMudsa.jpg,563,537,Microplastic,309,40,404,123
a--68-_jpg.rf.bvNYM8OfrMm5qrHMudsa.jpg,563,537,Microplastic,260,244,328,318
a--68-_jpg.rf.bvNYM8OfrMm5qrHMudsa.jpg,563,537,Microplastic,113,263,177,323
a--68-_jpg.rf.bvNYM8OfrMm5qrHMudsa.jpg,563,537,Microplastic,374,419,434,474
a--84-_jpg.rf.c4k4NsQnPqvbtwJUKeF2.jpg,563,537,Microplastic,129,144,196,206
a--84-_jpg.rf.c4k4NsQnPqvbtwJUKeF2.jpg,563,537,Microplastic,0,350,85,439
a--84-_jpg.rf.c4k4NsQnPqvbtwJUKeF2.jpg,563,537,Microplastic,191,385,265,461
a--84-_jpg.rf.c4k4NsQnPqvbtwJUKeF2.jpg,563,537,Microplastic,331,348,391,421
a--84-_jpg.rf.c4k4NsQnPqvbtwJUKeF2.jpg,563,537,Microplastic,394,226,453,299
Screenshot 2026-04-19 at 3-50-16 PM_png.rf.fsYBRbeDGEGMVNjm0MgS.png,2616,1410,Microplastic,1164,671,1297,772
Screenshot 2026-04-19 at 3-50-16 PM_png.rf.fsYBRbeDGEGMVNjm0MgS.png,2616,1410,Microplastic,0,239,466,654
Screenshot 2026-04-19 at 3-50-16 PM_png.rf.fsYBRbeDGEGMVNjm0MgS.png,2616,1410,Microplastic,2250,107,2423,214
Screenshot 2026-04-19 at 3-50-16 PM_png.rf.fsYBRbeDGEGMVNjm0MgS.png,2616,1410,Microplastic,702,1099,790,1154
a--64-_jpg.rf.eWYaUd8XQ2prNXQbNaYU.jpg,563,537,Microplastic,119,233,190,305
a--64-_jpg.rf.eWYaUd8XQ2prNXQbNaYU.jpg,563,537,Microplastic,194,275,261,350
a--64-_jpg.rf.eWYaUd8XQ2prNXQbNaYU.jpg,563,537,Microplastic,291,294,352,369
a--64-_jpg.rf.eWYaUd8XQ2prNXQbNaYU.jpg,563,537,Microplastic,30,84,122,181
a--64-_jpg.rf.eWYaUd8XQ2prNXQbNaYU.jpg,563,537,Microplastic,286,0,370,71
a--51-_jpg.rf.f5ukoCL4XK3hAmSYGIgv.jpg,563,537,Microplastic,226,174,293,263
a--51-_jpg.rf.f5ukoCL4XK3hAmSYGIgv.jpg,563,537,Microplastic,109,231,183,299
a--51-_jpg.rf.f5ukoCL4XK3hAmSYGIgv.jpg,563,537,Microplastic,290,342,341,405
a--51-_jpg.rf.f5ukoCL4XK3hAmSYGIgv.jpg,563,537,Microplastic,31,434,115,513
a--59-_jpg.rf.g1MhgH0YYuLQm2qdkKrF.jpg,563,537,Microplastic,210,181,288,263
a--59-_jpg.rf.g1MhgH0YYuLQm2qdkKrF.jpg,563,537,Microplastic,221,302,298,390
a--59-_jpg.rf.g1MhgH0YYuLQm2qdkKrF.jpg,563,537,Microplastic,7,322,83,395
a--59-_jpg.rf.g1MhgH0YYuLQm2qdkKrF.jpg,563,537,Microplastic,388,416,478,512
66_jpg.rf.xjgG21iSHluKNFAlImKW.jpg,563,537,Microplastic,249,0,269,13
66_jpg.rf.xjgG21iSHluKNFAlImKW.jpg,563,537,Microplastic,282,0,305,27
66_jpg.rf.xjgG21iSHluKNFAlImKW.jpg,563,537,Microplastic,305,5,325,41
66_jpg.rf.xjgG21iSHluKNFAlImKW.jpg,563,537,Microplastic,335,14,351,40
66_jpg.rf.xjgG21iSHluKNFAlImKW.jpg,563,537,Microplastic,106,20,140,40
66_jpg.rf.xjgG21iSHluKNFAlImKW.jpg,563,537,Microplastic,357,19,376,42
66_jpg.rf.xjgG21iSHluKNFAlImKW.jpg,563,537,Microplastic,195,90,226,114
66_jpg.rf.xjgG21iSHluKNFAlImKW.jpg,563,537,Microplastic,214,129,238,151
66_jpg.rf.xjgG21iSHluKNFAlImKW.jpg,563,537,Microplastic,135,135,157,158
66_jpg.rf.xjgG21iSHluKNFAlImKW.jpg,563,537,Microplastic,107,140,128,162
66_jpg.rf.xjgG21iSHluKNFAlImKW.jpg,563,537,Microplastic,282,162,302,180
66_jpg.rf.xjgG21iSHluKNFAlImKW.jpg,563,537,Microplastic,217,160,247,198
66_jpg.rf.xjgG21iSHluKNFAlImKW.jpg,563,537,Microplastic,79,180,102,205
66_jpg.rf.xjgG21iSHluKNFAlImKW.jpg,563,537,Microplastic,300,194,321,218
66_jpg.rf.xjgG21iSHluKNFAlImKW.jpg,563,537,Microplastic,360,194,405,220
66_jpg.rf.xjgG21iSHluKNFAlImKW.jpg,563,537,Microplastic,54,217,80,240
66_jpg.rf.xjgG21iSHluKNFAlImKW.jpg,563,537,Microplastic,300,224,325,257
66_jpg.rf.xjgG21iSHluKNFAlImKW.jpg,563,537,Microplastic,245,307,266,334
66_jpg.rf.xjgG21iSHluKNFAlImKW.jpg,563,537,Microplastic,64,319,92,355
66_jpg.rf.xjgG21iSHluKNFAlImKW.jpg,563,537,Microplastic,417,332,450,360
66_jpg.rf.xjgG21iSHluKNFAlImKW.jpg,563,537,Microplastic,377,355,414,385
66_jpg.rf.xjgG21iSHluKNFAlImKW.jpg,563,537,Microplastic,117,362,140,380
66_jpg.rf.xjgG21iSHluKNFAlImKW.jpg,563,537,Microplastic,109,380,134,408
66_jpg.rf.xjgG21iSHluKNFAlImKW.jpg,563,537,Microplastic,54,394,78,418
66_jpg.rf.xjgG21iSHluKNFAlImKW.jpg,563,537,Microplastic,9,432,30,455
66_jpg.rf.xjgG21iSHluKNFAlImKW.jpg,563,537,Microplastic,335,445,387,484
66_jpg.rf.xjgG21iSHluKNFAlImKW.jpg,563,537,Microplastic,275,455,304,483
113_jpg.rf.KZwGfAKKjGcKde023UCq.jpg,563,537,Microplastic,269,140,288,165
113_jpg.rf.KZwGfAKKjGcKde023UCq.jpg,563,537,Microplastic,397,155,430,185
113_jpg.rf.KZwGfAKKjGcKde023UCq.jpg,563,537,Microplastic,327,224,350,247
113_jpg.rf.KZwGfAKKjGcKde023UCq.jpg,563,537,Microplastic,350,274,386,337
113_jpg.rf.KZwGfAKKjGcKde023UCq.jpg,563,537,Microplastic,300,297,339,327
113_jpg.rf.KZwGfAKKjGcKde023UCq.jpg,563,537,Microplastic,415,360,450,403
113_jpg.rf.KZwGfAKKjGcKde023UCq.jpg,563,537,Microplastic,260,380,290,420
113_jpg.rf.KZwGfAKKjGcKde023UCq.jpg,563,537,Microplastic,137,414,167,435
113_jpg.rf.KZwGfAKKjGcKde023UCq.jpg,563,537,Microplastic,59,416,90,462
113_jpg.rf.KZwGfAKKjGcKde023UCq.jpg,563,537,Microplastic,125,435,157,472
113_jpg.rf.KZwGfAKKjGcKde023UCq.jpg,563,537,Microplastic,0,430,45,490
106_jpg.rf.yTUPf7vAAeT07TtecnKO.jpg,563,537,Microplastic,412,0,438,26
106_jpg.rf.yTUPf7vAAeT07TtecnKO.jpg,563,537,Microplastic,225,66,245,86
106_jpg.rf.yTUPf7vAAeT07TtecnKO.jpg,563,537,Microplastic,324,67,353,95
106_jpg.rf.yTUPf7vAAeT07TtecnKO.jpg,563,537,Microplastic,154,79,188,114
106_jpg.rf.yTUPf7vAAeT07TtecnKO.jpg,563,537,Microplastic,235,94,331,163
106_jpg.rf.yTUPf7vAAeT07TtecnKO.jpg,563,537,Microplastic,392,134,425,166
106_jpg.rf.yTUPf7vAAeT07TtecnKO.jpg,563,537,Microplastic,55,224,92,283
106_jpg.rf.yTUPf7vAAeT07TtecnKO.jpg,563,537,Microplastic,145,240,170,268
106_jpg.rf.yTUPf7vAAeT07TtecnKO.jpg,563,537,Microplastic,175,304,213,329
106_jpg.rf.yTUPf7vAAeT07TtecnKO.jpg,563,537,Microplastic,85,314,114,345
106_jpg.rf.yTUPf7vAAeT07TtecnKO.jpg,563,537,Microplastic,335,340,350,364
106_jpg.rf.yTUPf7vAAeT07TtecnKO.jpg,563,537,Microplastic,95,352,120,392
106_jpg.rf.yTUPf7vAAeT07TtecnKO.jpg,563,537,Microplastic,269,354,299,397
106_jpg.rf.yTUPf7vAAeT07TtecnKO.jpg,563,537,Microplastic,434,474,457,505
106_jpg.rf.yTUPf7vAAeT07TtecnKO.jpg,563,537,Microplastic,375,514,403,536
134_jpg.rf.IDSh1BDhGQhkGPAdTDsz.jpg,563,537,Microplastic,219,80,240,98
134_jpg.rf.IDSh1BDhGQhkGPAdTDsz.jpg,563,537,Microplastic,89,77,127,105
134_jpg.rf.IDSh1BDhGQhkGPAdTDsz.jpg,563,537,Microplastic,367,115,388,142
134_jpg.rf.IDSh1BDhGQhkGPAdTDsz.jpg,563,537,Microplastic,460,134,493,160
134_jpg.rf.IDSh1BDhGQhkGPAdTDsz.jpg,563,537,Microplastic,310,120,353,178
134_jpg.rf.IDSh1BDhGQhkGPAdTDsz.jpg,563,537,Microplastic,500,247,533,272
134_jpg.rf.IDSh1BDhGQhkGPAdTDsz.jpg,563,537,Microplastic,150,240,172,281
134_jpg.rf.IDSh1BDhGQhkGPAdTDsz.jpg,563,537,Microplastic,229,247,252,276
134_jpg.rf.IDSh1BDhGQhkGPAdTDsz.jpg,563,537,Microplastic,28,266,44,287
134_jpg.rf.IDSh1BDhGQhkGPAdTDsz.jpg,563,537,Microplastic,295,287,322,330
134_jpg.rf.IDSh1BDhGQhkGPAdTDsz.jpg,563,537,Microplastic,49,312,66,339
134_jpg.rf.IDSh1BDhGQhkGPAdTDsz.jpg,563,537,Microplastic,75,340,101,372
134_jpg.rf.IDSh1BDhGQhkGPAdTDsz.jpg,563,537,Microplastic,196,346,226,375
134_jpg.rf.IDSh1BDhGQhkGPAdTDsz.jpg,563,537,Microplastic,315,362,335,390
134_jpg.rf.IDSh1BDhGQhkGPAdTDsz.jpg,563,537,Microplastic,172,380,197,399
134_jpg.rf.IDSh1BDhGQhkGPAdTDsz.jpg,563,537,Microplastic,372,367,413,420
134_jpg.rf.IDSh1BDhGQhkGPAdTDsz.jpg,563,537,Microplastic,239,412,262,438
134_jpg.rf.IDSh1BDhGQhkGPAdTDsz.jpg,563,537,Microplastic,209,419,238,438
134_jpg.rf.IDSh1BDhGQhkGPAdTDsz.jpg,563,537,Microplastic,199,439,234,474
134_jpg.rf.IDSh1BDhGQhkGPAdTDsz.jpg,563,537,Microplastic,184,467,223,515
134_jpg.rf.IDSh1BDhGQhkGPAdTDsz.jpg,563,537,Microplastic,362,485,389,524
145_jpg.rf.J5dMvF4Fexy0dlmdBlBz.jpg,563,537,Microplastic,294,0,340,16
145_jpg.rf.J5dMvF4Fexy0dlmdBlBz.jpg,563,537,Microplastic,390,5,423,32
145_jpg.rf.J5dMvF4Fexy0dlmdBlBz.jpg,563,537,Microplastic,83,62,107,88
145_jpg.rf.J5dMvF4Fexy0dlmdBlBz.jpg,563,537,Microplastic,42,90,79,126
145_jpg.rf.J5dMvF4Fexy0dlmdBlBz.jpg,563,537,Microplastic,295,155,327,174
145_jpg.rf.J5dMvF4Fexy0dlmdBlBz.jpg,563,537,Microplastic,115,175,144,192
145_jpg.rf.J5dMvF4Fexy0dlmdBlBz.jpg,563,537,Microplastic,189,199,210,224
145_jpg.rf.J5dMvF4Fexy0dlmdBlBz.jpg,563,537,Microplastic,375,234,397,255
145_jpg.rf.J5dMvF4Fexy0dlmdBlBz.jpg,563,537,Microplastic,315,240,361,273
145_jpg.rf.J5dMvF4Fexy0dlmdBlBz.jpg,563,537,Microplastic,69,287,124,344
145_jpg.rf.J5dMvF4Fexy0dlmdBlBz.jpg,563,537,Microplastic,285,314,310,354
145_jpg.rf.J5dMvF4Fexy0dlmdBlBz.jpg,563,537,Microplastic,124,379,158,422
145_jpg.rf.J5dMvF4Fexy0dlmdBlBz.jpg,563,537,Microplastic,202,400,227,431
145_jpg.rf.J5dMvF4Fexy0dlmdBlBz.jpg,563,537,Microplastic,231,427,262,463
145_jpg.rf.J5dMvF4Fexy0dlmdBlBz.jpg,563,537,Microplastic,435,440,468,484
145_jpg.rf.J5dMvF4Fexy0dlmdBlBz.jpg,563,537,Microplastic,59,484,156,536
136_jpg.rf.K7XTGjDlPRFHvJBxBSfI.jpg,563,537,Microplastic,217,75,251,100
136_jpg.rf.K7XTGjDlPRFHvJBxBSfI.jpg,563,537,Microplastic,259,94,288,122
136_jpg.rf.K7XTGjDlPRFHvJBxBSfI.jpg,563,537,Microplastic,149,102,176,139
136_jpg.rf.K7XTGjDlPRFHvJBxBSfI.jpg,563,537,Microplastic,312,129,362,160
136_jpg.rf.K7XTGjDlPRFHvJBxBSfI.jpg,563,537,Microplastic,262,215,301,250
136_jpg.rf.K7XTGjDlPRFHvJBxBSfI.jpg,563,537,Microplastic,355,222,411,276
136_jpg.rf.K7XTGjDlPRFHvJBxBSfI.jpg,563,537,Microplastic,35,309,86,351
136_jpg.rf.K7XTGjDlPRFHvJBxBSfI.jpg,563,537,Microplastic,157,374,229,429
136_jpg.rf.K7XTGjDlPRFHvJBxBSfI.jpg,563,537,Microplastic,69,420,94,457
136_jpg.rf.K7XTGjDlPRFHvJBxBSfI.jpg,563,537,Microplastic,235,484,280,514
117_jpg.rf.L2dGsMYRnwRl8DBqYyfy.jpg,563,537,Microplastic,389,87,421,116
117_jpg.rf.L2dGsMYRnwRl8DBqYyfy.jpg,563,537,Microplastic,49,80,71,126
117_jpg.rf.L2dGsMYRnwRl8DBqYyfy.jpg,563,537,Microplastic,349,187,379,216
117_jpg.rf.L2dGsMYRnwRl8DBqYyfy.jpg,563,537,Microplastic,110,195,135,218
117_jpg.rf.L2dGsMYRnwRl8DBqYyfy.jpg,563,537,Microplastic,454,214,496,252
117_jpg.rf.L2dGsMYRnwRl8DBqYyfy.jpg,563,537,Microplastic,105,230,138,260
117_jpg.rf.L2dGsMYRnwRl8DBqYyfy.jpg,563,537,Microplastic,375,284,411,315
117_jpg.rf.L2dGsMYRnwRl8DBqYyfy.jpg,563,537,Microplastic,377,335,396,352
117_jpg.rf.L2dGsMYRnwRl8DBqYyfy.jpg,563,537,Microplastic,129,332,176,380
117_jpg.rf.L2dGsMYRnwRl8DBqYyfy.jpg,563,537,Microplastic,89,339,124,379
117_jpg.rf.L2dGsMYRnwRl8DBqYyfy.jpg,563,537,Microplastic,75,424,100,450
117_jpg.rf.L2dGsMYRnwRl8DBqYyfy.jpg,563,537,Microplastic,162,450,191,475
117_jpg.rf.L2dGsMYRnwRl8DBqYyfy.jpg,563,537,Microplastic,82,455,128,500
143_jpg.rf.Prlc3LIPsERDqjXwgICD.jpg,563,537,Microplastic,300,137,345,169
143_jpg.rf.Prlc3LIPsERDqjXwgICD.jpg,563,537,Microplastic,416,185,493,267
143_jpg.rf.Prlc3LIPsERDqjXwgICD.jpg,563,537,Microplastic,123,230,156,252
143_jpg.rf.Prlc3LIPsERDqjXwgICD.jpg,563,537,Microplastic,255,235,281,264
143_jpg.rf.Prlc3LIPsERDqjXwgICD.jpg,563,537,Microplastic,489,234,533,270
143_jpg.rf.Prlc3LIPsERDqjXwgICD.jpg,563,537,Microplastic,77,262,95,288
143_jpg.rf.Prlc3LIPsERDqjXwgICD.jpg,563,537,Microplastic,115,314,153,343
143_jpg.rf.Prlc3LIPsERDqjXwgICD.jpg,563,537,Microplastic,197,334,219,362
143_jpg.rf.Prlc3LIPsERDqjXwgICD.jpg,563,537,Microplastic,235,377,265,406
143_jpg.rf.Prlc3LIPsERDqjXwgICD.jpg,563,537,Microplastic,5,405,29,449
143_jpg.rf.Prlc3LIPsERDqjXwgICD.jpg,563,537,Microplastic,0,490,14,526
143_jpg.rf.Prlc3LIPsERDqjXwgICD.jpg,563,537,Microplastic,349,484,406,536
143_jpg.rf.Prlc3LIPsERDqjXwgICD.jpg,563,537,Microplastic,129,514,196,536
112_jpg.rf.Qz0QbR0IqcwLrAiW4DAu.jpg,563,537,Microplastic,115,102,130,124
112_jpg.rf.Qz0QbR0IqcwLrAiW4DAu.jpg,563,537,Microplastic,202,115,225,136
112_jpg.rf.Qz0QbR0IqcwLrAiW4DAu.jpg,563,537,Microplastic,275,114,302,139
112_jpg.rf.Qz0QbR0IqcwLrAiW4DAu.jpg,563,537,Microplastic,320,122,351,155
112_jpg.rf.Qz0QbR0IqcwLrAiW4DAu.jpg,563,537,Microplastic,249,140,270,162
112_jpg.rf.Qz0QbR0IqcwLrAiW4DAu.jpg,563,537,Microplastic,150,162,170,185
112_jpg.rf.Qz0QbR0IqcwLrAiW4DAu.jpg,563,537,Microplastic,359,165,382,191
112_jpg.rf.Qz0QbR0IqcwLrAiW4DAu.jpg,563,537,Microplastic,270,167,297,201
112_jpg.rf.Qz0QbR0IqcwLrAiW4DAu.jpg,563,537,Microplastic,394,160,429,208
112_jpg.rf.Qz0QbR0IqcwLrAiW4DAu.jpg,563,537,Microplastic,166,202,185,230
112_jpg.rf.Qz0QbR0IqcwLrAiW4DAu.jpg,563,537,Microplastic,194,200,206,234
112_jpg.rf.Qz0QbR0IqcwLrAiW4DAu.jpg,563,537,Microplastic,224,240,244,268
112_jpg.rf.Qz0QbR0IqcwLrAiW4DAu.jpg,563,537,Microplastic,102,249,125,274
112_jpg.rf.Qz0QbR0IqcwLrAiW4DAu.jpg,563,537,Microplastic,504,340,527,387
112_jpg.rf.Qz0QbR0IqcwLrAiW4DAu.jpg,563,537,Microplastic,409,374,437,415
112_jpg.rf.Qz0QbR0IqcwLrAiW4DAu.jpg,563,537,Microplastic,117,399,135,426
112_jpg.rf.Qz0QbR0IqcwLrAiW4DAu.jpg,563,537,Microplastic,390,414,425,447
112_jpg.rf.Qz0QbR0IqcwLrAiW4DAu.jpg,563,537,Microplastic,22,429,45,459
112_jpg.rf.Qz0QbR0IqcwLrAiW4DAu.jpg,563,537,Microplastic,157,487,183,516
112_jpg.rf.Qz0QbR0IqcwLrAiW4DAu.jpg,563,537,Microplastic,52,520,77,536
149_jpg.rf.UiykP8N7OmiY4QMvUK3X.jpg,563,537,Microplastic,284,34,303,58
149_jpg.rf.UiykP8N7OmiY4QMvUK3X.jpg,563,537,Microplastic,242,35,267,58
149_jpg.rf.UiykP8N7OmiY4QMvUK3X.jpg,563,537,Microplastic,269,84,287,115
149_jpg.rf.UiykP8N7OmiY4QMvUK3X.jpg,563,537,Microplastic,462,102,486,140
149_jpg.rf.UiykP8N7OmiY4QMvUK3X.jpg,563,537,Microplastic,504,127,531,152
149_jpg.rf.UiykP8N7OmiY4QMvUK3X.jpg,563,537,Microplastic,259,149,288,174
149_jpg.rf.UiykP8N7OmiY4QMvUK3X.jpg,563,537,Microplastic,327,174,357,222
149_jpg.rf.UiykP8N7OmiY4QMvUK3X.jpg,563,537,Microplastic,17,207,55,235
149_jpg.rf.UiykP8N7OmiY4QMvUK3X.jpg,563,537,Microplastic,517,234,557,264
149_jpg.rf.UiykP8N7OmiY4QMvUK3X.jpg,563,537,Microplastic,0,254,8,279
149_jpg.rf.UiykP8N7OmiY4QMvUK3X.jpg,563,537,Microplastic,39,287,95,319
149_jpg.rf.UiykP8N7OmiY4QMvUK3X.jpg,563,537,Microplastic,132,314,157,341
149_jpg.rf.UiykP8N7OmiY4QMvUK3X.jpg,563,537,Microplastic,65,354,89,389
149_jpg.rf.UiykP8N7OmiY4QMvUK3X.jpg,563,537,Microplastic,274,360,307,395
149_jpg.rf.UiykP8N7OmiY4QMvUK3X.jpg,563,537,Microplastic,509,360,537,395
149_jpg.rf.UiykP8N7OmiY4QMvUK3X.jpg,563,537,Microplastic,182,360,216,411
149_jpg.rf.UiykP8N7OmiY4QMvUK3X.jpg,563,537,Microplastic,0,449,9,482
149_jpg.rf.UiykP8N7OmiY4QMvUK3X.jpg,563,537,Microplastic,19,472,46,511
149_jpg.rf.UiykP8N7OmiY4QMvUK3X.jpg,563,537,Microplastic,62,524,102,536
155_jpg.rf.UpilHd3AoreBhrvrJ7kJ.jpg,563,537,Microplastic,420,22,454,59
155_jpg.rf.UpilHd3AoreBhrvrJ7kJ.jpg,563,537,Microplastic,270,32,302,61
155_jpg.rf.UpilHd3AoreBhrvrJ7kJ.jpg,563,537,Microplastic,199,82,224,115
155_jpg.rf.UpilHd3AoreBhrvrJ7kJ.jpg,563,537,Microplastic,144,97,172,131
155_jpg.rf.UpilHd3AoreBhrvrJ7kJ.jpg,563,537,Microplastic,179,120,204,134
155_jpg.rf.UpilHd3AoreBhrvrJ7kJ.jpg,563,537,Microplastic,202,114,223,142
155_jpg.rf.UpilHd3AoreBhrvrJ7kJ.jpg,563,537,Microplastic,290,120,329,148
155_jpg.rf.UpilHd3AoreBhrvrJ7kJ.jpg,563,537,Microplastic,267,129,288,154
155_jpg.rf.UpilHd3AoreBhrvrJ7kJ.jpg,563,537,Microplastic,492,129,516,174
155_jpg.rf.UpilHd3AoreBhrvrJ7kJ.jpg,563,537,Microplastic,127,175,148,204
155_jpg.rf.UpilHd3AoreBhrvrJ7kJ.jpg,563,537,Microplastic,260,195,284,226
155_jpg.rf.UpilHd3AoreBhrvrJ7kJ.jpg,563,537,Microplastic,282,200,301,221
155_jpg.rf.UpilHd3AoreBhrvrJ7kJ.jpg,563,537,Microplastic,215,214,241,235
155_jpg.rf.UpilHd3AoreBhrvrJ7kJ.jpg,563,537,Microplastic,170,225,194,252
155_jpg.rf.UpilHd3AoreBhrvrJ7kJ.jpg,563,537,Microplastic,469,286,504,317
155_jpg.rf.UpilHd3AoreBhrvrJ7kJ.jpg,563,537,Microplastic,429,285,457,319
155_jpg.rf.UpilHd3AoreBhrvrJ7kJ.jpg,563,537,Microplastic,255,310,278,331
155_jpg.rf.UpilHd3AoreBhrvrJ7kJ.jpg,563,537,Microplastic,324,307,345,338
155_jpg.rf.UpilHd3AoreBhrvrJ7kJ.jpg,563,537,Microplastic,75,427,124,462
155_jpg.rf.UpilHd3AoreBhrvrJ7kJ.jpg,563,537,Microplastic,142,499,176,526
155_jpg.rf.UpilHd3AoreBhrvrJ7kJ.jpg,563,537,Microplastic,42,504,67,534
155_jpg.rf.UpilHd3AoreBhrvrJ7kJ.jpg,563,537,Microplastic,195,517,223,536
155_jpg.rf.UpilHd3AoreBhrvrJ7kJ.jpg,563,537,Microplastic,229,525,292,536
138_jpg.rf.WnRMZmEsJuCYRah7BE0k.jpg,563,537,Microplastic,218,69,241,91
138_jpg.rf.WnRMZmEsJuCYRah7BE0k.jpg,563,537,Microplastic,159,94,179,115
138_jpg.rf.WnRMZmEsJuCYRah7BE0k.jpg,563,537,Microplastic,40,89,80,134
138_jpg.rf.WnRMZmEsJuCYRah7BE0k.jpg,563,537,Microplastic,373,101,394,125
138_jpg.rf.WnRMZmEsJuCYRah7BE0k.jpg,563,537,Microplastic,335,113,358,140
138_jpg.rf.WnRMZmEsJuCYRah7BE0k.jpg,563,537,Microplastic,184,120,208,150
138_jpg.rf.WnRMZmEsJuCYRah7BE0k.jpg,563,537,Microplastic,314,142,339,167
138_jpg.rf.WnRMZmEsJuCYRah7BE0k.jpg,563,537,Microplastic,0,147,23,177
138_jpg.rf.WnRMZmEsJuCYRah7BE0k.jpg,563,537,Microplastic,469,172,496,199
138_jpg.rf.WnRMZmEsJuCYRah7BE0k.jpg,563,537,Microplastic,75,180,88,201
138_jpg.rf.WnRMZmEsJuCYRah7BE0k.jpg,563,537,Microplastic,404,199,432,231
138_jpg.rf.WnRMZmEsJuCYRah7BE0k.jpg,563,537,Microplastic,285,259,309,275
138_jpg.rf.WnRMZmEsJuCYRah7BE0k.jpg,563,537,Microplastic,335,262,362,283
138_jpg.rf.WnRMZmEsJuCYRah7BE0k.jpg,563,537,Microplastic,149,270,195,317
138_jpg.rf.WnRMZmEsJuCYRah7BE0k.jpg,563,537,Microplastic,375,287,397,311
138_jpg.rf.WnRMZmEsJuCYRah7BE0k.jpg,563,537,Microplastic,55,315,76,340
138_jpg.rf.WnRMZmEsJuCYRah7BE0k.jpg,563,537,Microplastic,249,317,266,352
138_jpg.rf.WnRMZmEsJuCYRah7BE0k.jpg,563,537,Microplastic,149,334,178,358
138_jpg.rf.WnRMZmEsJuCYRah7BE0k.jpg,563,537,Microplastic,112,339,132,359
138_jpg.rf.WnRMZmEsJuCYRah7BE0k.jpg,563,537,Microplastic,385,347,418,367
138_jpg.rf.WnRMZmEsJuCYRah7BE0k.jpg,563,537,Microplastic,7,349,31,381
138_jpg.rf.WnRMZmEsJuCYRah7BE0k.jpg,563,537,Microplastic,435,354,462,378
138_jpg.rf.WnRMZmEsJuCYRah7BE0k.jpg,563,537,Microplastic,362,374,404,405
138_jpg.rf.WnRMZmEsJuCYRah7BE0k.jpg,563,537,Microplastic,282,387,312,419
138_jpg.rf.WnRMZmEsJuCYRah7BE0k.jpg,563,537,Microplastic,145,412,169,435
138_jpg.rf.WnRMZmEsJuCYRah7BE0k.jpg,563,537,Microplastic,217,410,247,439
138_jpg.rf.WnRMZmEsJuCYRah7BE0k.jpg,563,537,Microplastic,152,445,192,481
138_jpg.rf.WnRMZmEsJuCYRah7BE0k.jpg,563,537,Microplastic,122,482,152,508
138_jpg.rf.WnRMZmEsJuCYRah7BE0k.jpg,563,537,Microplastic,59,522,96,536
126_jpg.rf.Z4Z4caIObbojReKq5YlU.jpg,563,537,Microplastic,451,0,473,20
126_jpg.rf.Z4Z4caIObbojReKq5YlU.jpg,563,537,Microplastic,482,18,496,34
126_jpg.rf.Z4Z4caIObbojReKq5YlU.jpg,563,537,Microplastic,122,35,132,52
126_jpg.rf.Z4Z4caIObbojReKq5YlU.jpg,563,537,Microplastic,431,57,452,74
126_jpg.rf.Z4Z4caIObbojReKq5YlU.jpg,563,537,Microplastic,20,85,37,102
126_jpg.rf.Z4Z4caIObbojReKq5YlU.jpg,563,537,Microplastic,194,91,212,112
126_jpg.rf.Z4Z4caIObbojReKq5YlU.jpg,563,537,Microplastic,360,92,387,117
126_jpg.rf.Z4Z4caIObbojReKq5YlU.jpg,563,537,Microplastic,342,129,366,156
126_jpg.rf.Z4Z4caIObbojReKq5YlU.jpg,563,537,Microplastic,191,177,200,188
126_jpg.rf.Z4Z4caIObbojReKq5YlU.jpg,563,537,Microplastic,15,179,41,200
126_jpg.rf.Z4Z4caIObbojReKq5YlU.jpg,563,537,Microplastic,235,184,268,206
126_jpg.rf.Z4Z4caIObbojReKq5YlU.jpg,563,537,Microplastic,362,190,393,220
126_jpg.rf.Z4Z4caIObbojReKq5YlU.jpg,563,537,Microplastic,189,201,198,211
126_jpg.rf.Z4Z4caIObbojReKq5YlU.jpg,563,537,Microplastic,139,203,151,216
126_jpg.rf.Z4Z4caIObbojReKq5YlU.jpg,563,537,Microplastic,170,213,194,238
126_jpg.rf.Z4Z4caIObbojReKq5YlU.jpg,563,537,Microplastic,254,227,286,252
126_jpg.rf.Z4Z4caIObbojReKq5YlU.jpg,563,537,Microplastic,337,227,364,261
126_jpg.rf.Z4Z4caIObbojReKq5YlU.jpg,563,537,Microplastic,383,253,391,268
126_jpg.rf.Z4Z4caIObbojReKq5YlU.jpg,563,537,Microplastic,128,258,148,289
126_jpg.rf.Z4Z4caIObbojReKq5YlU.jpg,563,537,Microplastic,285,270,293,282
126_jpg.rf.Z4Z4caIObbojReKq5YlU.jpg,563,537,Microplastic,373,270,386,282
126_jpg.rf.Z4Z4caIObbojReKq5YlU.jpg,563,537,Microplastic,303,282,314,299
126_jpg.rf.Z4Z4caIObbojReKq5YlU.jpg,563,537,Microplastic,225,299,249,334
126_jpg.rf.Z4Z4caIObbojReKq5YlU.jpg,563,537,Microplastic,341,292,420,342
126_jpg.rf.Z4Z4caIObbojReKq5YlU.jpg,563,537,Microplastic,94,324,104,337
126_jpg.rf.Z4Z4caIObbojReKq5YlU.jpg,563,537,Microplastic,162,330,193,365
126_jpg.rf.Z4Z4caIObbojReKq5YlU.jpg,563,537,Microplastic,47,340,76,372
126_jpg.rf.Z4Z4caIObbojReKq5YlU.jpg,563,537,Microplastic,89,358,97,373
126_jpg.rf.Z4Z4caIObbojReKq5YlU.jpg,563,537,Microplastic,254,370,265,382
126_jpg.rf.Z4Z4caIObbojReKq5YlU.jpg,563,537,Microplastic,218,376,230,387
126_jpg.rf.Z4Z4caIObbojReKq5YlU.jpg,563,537,Microplastic,93,380,101,393
126_jpg.rf.Z4Z4caIObbojReKq5YlU.jpg,563,537,Microplastic,326,373,356,404
126_jpg.rf.Z4Z4caIObbojReKq5YlU.jpg,563,537,Microplastic,135,380,151,401
126_jpg.rf.Z4Z4caIObbojReKq5YlU.jpg,563,537,Microplastic,240,387,264,410
126_jpg.rf.Z4Z4caIObbojReKq5YlU.jpg,563,537,Microplastic,162,410,178,428
126_jpg.rf.Z4Z4caIObbojReKq5YlU.jpg,563,537,Microplastic,95,402,146,440
126_jpg.rf.Z4Z4caIObbojReKq5YlU.jpg,563,537,Microplastic,184,427,203,451
126_jpg.rf.Z4Z4caIObbojReKq5YlU.jpg,563,537,Microplastic,298,445,320,464
126_jpg.rf.Z4Z4caIObbojReKq5YlU.jpg,563,537,Microplastic,208,450,241,479
126_jpg.rf.Z4Z4caIObbojReKq5YlU.jpg,563,537,Microplastic,42,500,86,536
152_jpg.rf.dQD6z8H3uKNjFCzvENM1.jpg,563,537,Microplastic,19,0,37,15
152_jpg.rf.dQD6z8H3uKNjFCzvENM1.jpg,563,537,Microplastic,375,54,438,130
152_jpg.rf.dQD6z8H3uKNjFCzvENM1.jpg,563,537,Microplastic,474,120,512,154
152_jpg.rf.dQD6z8H3uKNjFCzvENM1.jpg,563,537,Microplastic,342,135,373,158
152_jpg.rf.dQD6z8H3uKNjFCzvENM1.jpg,563,537,Microplastic,257,197,280,243
152_jpg.rf.dQD6z8H3uKNjFCzvENM1.jpg,563,537,Microplastic,369,227,397,267
152_jpg.rf.dQD6z8H3uKNjFCzvENM1.jpg,563,537,Microplastic,509,267,537,288
152_jpg.rf.dQD6z8H3uKNjFCzvENM1.jpg,563,537,Microplastic,0,269,31,320
152_jpg.rf.dQD6z8H3uKNjFCzvENM1.jpg,563,537,Microplastic,79,359,100,382
152_jpg.rf.dQD6z8H3uKNjFCzvENM1.jpg,563,537,Microplastic,5,399,44,434
152_jpg.rf.dQD6z8H3uKNjFCzvENM1.jpg,563,537,Microplastic,490,407,513,428
152_jpg.rf.dQD6z8H3uKNjFCzvENM1.jpg,563,537,Microplastic,195,415,229,461
152_jpg.rf.dQD6z8H3uKNjFCzvENM1.jpg,563,537,Microplastic,287,424,325,463
Screenshot 2026-04-16 at 4-52-58 PM_png.rf.gJfHbmy16vPW5jMppCay.png,1568,828,Microplastic,1374,179,1438,238
Screenshot 2026-04-16 at 4-52-58 PM_png.rf.gJfHbmy16vPW5jMppCay.png,1568,828,Microplastic,1216,212,1247,238
Screenshot 2026-04-16 at 4-52-58 PM_png.rf.gJfHbmy16vPW5jMppCay.png,1568,828,Microplastic,379,170,410,194
Screenshot 2026-04-16 at 4-52-58 PM_png.rf.gJfHbmy16vPW5jMppCay.png,1568,828,Microplastic,971,372,1021,404
Screenshot 2026-04-16 at 4-52-58 PM_png.rf.gJfHbmy16vPW5jMppCay.png,1568,828,Microplastic,1297,728,1341,764
Screenshot 2026-04-16 at 4-52-58 PM_png.rf.gJfHbmy16vPW5jMppCay.png,1568,828,Microplastic,388,417,451,481
Screenshot 2026-04-16 at 4-52-58 PM_png.rf.gJfHbmy16vPW5jMppCay.png,1568,828,Microplastic,1480,0,1509,20
Screenshot 2026-04-16 at 4-52-58 PM_png.rf.gJfHbmy16vPW5jMppCay.png,1568,828,Microplastic,1351,386,1393,429
Screenshot 2026-04-16 at 4-52-58 PM_png.rf.gJfHbmy16vPW5jMppCay.png,1568,828,Microplastic,273,412,342,484
Screenshot 2026-04-16 at 4-52-58 PM_png.rf.gJfHbmy16vPW5jMppCay.png,1568,828,Microplastic,838,544,1001,682
Screenshot 2026-04-16 at 4-52-58 PM_png.rf.gJfHbmy16vPW5jMppCay.png,1568,828,Microplastic,1296,128,1320,150
Screenshot 2026-04-16 at 4-52-58 PM_png.rf.gJfHbmy16vPW5jMppCay.png,1568,828,Microplastic,1525,793,1549,812
Screenshot 2026-04-16 at 4-52-58 PM_png.rf.gJfHbmy16vPW5jMppCay.png,1568,828,Microplastic,569,554,594,578
Screenshot 2026-04-16 at 4-52-58 PM_png.rf.gJfHbmy16vPW5jMppCay.png,1568,828,Microplastic,809,747,851,789
Screenshot 2026-04-16 at 4-52-58 PM_png.rf.gJfHbmy16vPW5jMppCay.png,1568,828,Microplastic,843,618,883,656
Screenshot 2026-04-16 at 4-50-30 PM_png.rf.o8gVx0NYAZZR0NfYf6eu.png,1582,814,Microplastic,754,644,824,694
Screenshot 2026-04-16 at 4-50-30 PM_png.rf.o8gVx0NYAZZR0NfYf6eu.png,1582,814,Microplastic,1186,403,1237,448
Screenshot 2026-04-16 at 4-50-30 PM_png.rf.o8gVx0NYAZZR0NfYf6eu.png,1582,814,Microplastic,1397,1,1418,23
Screenshot 2026-04-16 at 4-50-30 PM_png.rf.o8gVx0NYAZZR0NfYf6eu.png,1582,814,Microplastic,1030,84,1080,141
Screenshot 2026-04-16 at 4-50-30 PM_png.rf.o8gVx0NYAZZR0NfYf6eu.png,1582,814,Microplastic,518,92,626,186
Screenshot 2026-04-16 at 4-50-30 PM_png.rf.o8gVx0NYAZZR0NfYf6eu.png,1582,814,Microplastic,923,480,965,513
Screenshot 2026-04-16 at 4-50-30 PM_png.rf.o8gVx0NYAZZR0NfYf6eu.png,1582,814,Microplastic,408,527,473,577
Screenshot 2026-04-16 at 4-50-30 PM_png.rf.o8gVx0NYAZZR0NfYf6eu.png,1582,814,Microplastic,1451,538,1512,613
Screenshot 2026-04-16 at 4-50-30 PM_png.rf.o8gVx0NYAZZR0NfYf6eu.png,1582,814,Microplastic,1079,631,1133,680
Screenshot 2026-04-16 at 4-50-30 PM_png.rf.o8gVx0NYAZZR0NfYf6eu.png,1582,814,Microplastic,595,784,633,811
Screenshot 2026-04-16 at 4-50-30 PM_png.rf.o8gVx0NYAZZR0NfYf6eu.png,1582,814,Microplastic,294,725,355,762
Screenshot 2026-04-16 at 4-50-30 PM_png.rf.o8gVx0NYAZZR0NfYf6eu.png,1582,814,Microplastic,955,683,979,706
Screenshot 2026-04-16 at 4-50-30 PM_png.rf.o8gVx0NYAZZR0NfYf6eu.png,1582,814,Microplastic,664,313,686,341
Screenshot 2026-04-16 at 4-50-30 PM_png.rf.o8gVx0NYAZZR0NfYf6eu.png,1582,814,Microplastic,976,742,997,763
Screenshot 2026-04-16 at 4-50-30 PM_png.rf.o8gVx0NYAZZR0NfYf6eu.png,1582,814,Microplastic,104,216,147,275
Screenshot 2026-04-16 at 4-50-30 PM_png.rf.o8gVx0NYAZZR0NfYf6eu.png,1582,814,Microplastic,1537,700,1573,739
Screenshot 2026-04-16 at 4-55-50 PM_png.rf.veiFqKzJ0rsg9ZgJnH1o.png,1506,794,Microplastic,67,543,160,642
Screenshot 2026-04-16 at 4-55-50 PM_png.rf.veiFqKzJ0rsg9ZgJnH1o.png,1506,794,Microplastic,1233,458,1304,523
Screenshot 2026-04-16 at 4-55-50 PM_png.rf.veiFqKzJ0rsg9ZgJnH1o.png,1506,794,Microplastic,1269,1,1349,48
Screenshot 2026-04-16 at 4-55-46 PM_png.rf.xjWCmT3zrEX9A5U47Z7Y.png,1494,826,Microplastic,328,491,393,585
Screenshot 2026-04-16 at 4-55-46 PM_png.rf.xjWCmT3zrEX9A5U47Z7Y.png,1494,826,Microplastic,526,602,604,670
156_jpg.rf.FItc8oiMsOaCPE7ONOw9.jpg,563,537,Microplastic,215,25,241,56
156_jpg.rf.FItc8oiMsOaCPE7ONOw9.jpg,563,537,Microplastic,429,47,457,67
156_jpg.rf.FItc8oiMsOaCPE7ONOw9.jpg,563,537,Microplastic,310,54,325,84
156_jpg.rf.FItc8oiMsOaCPE7ONOw9.jpg,563,537,Microplastic,369,99,393,134
156_jpg.rf.FItc8oiMsOaCPE7ONOw9.jpg,563,537,Microplastic,437,100,504,154
156_jpg.rf.FItc8oiMsOaCPE7ONOw9.jpg,563,537,Microplastic,354,129,371,150
156_jpg.rf.FItc8oiMsOaCPE7ONOw9.jpg,563,537,Microplastic,105,159,140,183
156_jpg.rf.FItc8oiMsOaCPE7ONOw9.jpg,563,537,Microplastic,185,174,217,198
156_jpg.rf.FItc8oiMsOaCPE7ONOw9.jpg,563,537,Microplastic,140,190,177,214
156_jpg.rf.FItc8oiMsOaCPE7ONOw9.jpg,563,537,Microplastic,402,192,441,223
156_jpg.rf.FItc8oiMsOaCPE7ONOw9.jpg,563,537,Microplastic,107,214,137,246
156_jpg.rf.FItc8oiMsOaCPE7ONOw9.jpg,563,537,Microplastic,370,240,393,262
156_jpg.rf.FItc8oiMsOaCPE7ONOw9.jpg,563,537,Microplastic,84,332,103,356
156_jpg.rf.FItc8oiMsOaCPE7ONOw9.jpg,563,537,Microplastic,177,409,200,438
156_jpg.rf.FItc8oiMsOaCPE7ONOw9.jpg,563,537,Microplastic,455,407,498,443
156_jpg.rf.FItc8oiMsOaCPE7ONOw9.jpg,563,537,Microplastic,190,445,214,469
148_jpg.rf.hqUfGLn8Vr4eCJRvu8hM.jpg,563,537,Microplastic,195,0,231,6
148_jpg.rf.hqUfGLn8Vr4eCJRvu8hM.jpg,563,537,Microplastic,130,12,160,51
148_jpg.rf.hqUfGLn8Vr4eCJRvu8hM.jpg,563,537,Microplastic,295,60,318,82
148_jpg.rf.hqUfGLn8Vr4eCJRvu8hM.jpg,563,537,Microplastic,442,59,477,99
148_jpg.rf.hqUfGLn8Vr4eCJRvu8hM.jpg,563,537,Microplastic,352,102,368,125
148_jpg.rf.hqUfGLn8Vr4eCJRvu8hM.jpg,563,537,Microplastic,290,105,310,129
148_jpg.rf.hqUfGLn8Vr4eCJRvu8hM.jpg,563,537,Microplastic,324,122,353,151
148_jpg.rf.hqUfGLn8Vr4eCJRvu8hM.jpg,563,537,Microplastic,62,114,111,187
148_jpg.rf.hqUfGLn8Vr4eCJRvu8hM.jpg,563,537,Microplastic,404,157,432,201
148_jpg.rf.hqUfGLn8Vr4eCJRvu8hM.jpg,563,537,Microplastic,260,207,284,228
148_jpg.rf.hqUfGLn8Vr4eCJRvu8hM.jpg,563,537,Microplastic,327,219,350,239
148_jpg.rf.hqUfGLn8Vr4eCJRvu8hM.jpg,563,537,Microplastic,282,227,306,253
148_jpg.rf.hqUfGLn8Vr4eCJRvu8hM.jpg,563,537,Microplastic,484,255,519,281
148_jpg.rf.hqUfGLn8Vr4eCJRvu8hM.jpg,563,537,Microplastic,269,272,292,300
148_jpg.rf.hqUfGLn8Vr4eCJRvu8hM.jpg,563,537,Microplastic,115,279,141,327
148_jpg.rf.hqUfGLn8Vr4eCJRvu8hM.jpg,563,537,Microplastic,454,319,511,381
148_jpg.rf.hqUfGLn8Vr4eCJRvu8hM.jpg,563,537,Microplastic,155,424,218,455
148_jpg.rf.hqUfGLn8Vr4eCJRvu8hM.jpg,563,537,Microplastic,400,454,441,491
148_jpg.rf.hqUfGLn8Vr4eCJRvu8hM.jpg,563,537,Microplastic,57,505,90,536
119_jpg.rf.lS7uANG2Pg4DOwZF5bcV.jpg,563,537,Microplastic,360,0,379,16
119_jpg.rf.lS7uANG2Pg4DOwZF5bcV.jpg,563,537,Microplastic,214,0,301,53
119_jpg.rf.lS7uANG2Pg4DOwZF5bcV.jpg,563,537,Microplastic,402,27,440,75
119_jpg.rf.lS7uANG2Pg4DOwZF5bcV.jpg,563,537,Microplastic,234,79,250,99
119_jpg.rf.lS7uANG2Pg4DOwZF5bcV.jpg,563,537,Microplastic,204,90,223,120
119_jpg.rf.lS7uANG2Pg4DOwZF5bcV.jpg,563,537,Microplastic,507,94,522,118
119_jpg.rf.lS7uANG2Pg4DOwZF5bcV.jpg,563,537,Microplastic,244,104,260,126
119_jpg.rf.lS7uANG2Pg4DOwZF5bcV.jpg,563,537,Microplastic,102,139,119,162
119_jpg.rf.lS7uANG2Pg4DOwZF5bcV.jpg,563,537,Microplastic,365,134,423,219
119_jpg.rf.lS7uANG2Pg4DOwZF5bcV.jpg,563,537,Microplastic,189,174,222,210
119_jpg.rf.lS7uANG2Pg4DOwZF5bcV.jpg,563,537,Microplastic,120,294,151,324
119_jpg.rf.lS7uANG2Pg4DOwZF5bcV.jpg,563,537,Microplastic,522,295,541,328
119_jpg.rf.lS7uANG2Pg4DOwZF5bcV.jpg,563,537,Microplastic,282,339,317,375
119_jpg.rf.lS7uANG2Pg4DOwZF5bcV.jpg,563,537,Microplastic,249,360,268,389
119_jpg.rf.lS7uANG2Pg4DOwZF5bcV.jpg,563,537,Microplastic,222,389,243,418
119_jpg.rf.lS7uANG2Pg4DOwZF5bcV.jpg,563,537,Microplastic,100,432,125,456
119_jpg.rf.lS7uANG2Pg4DOwZF5bcV.jpg,563,537,Microplastic,234,460,258,487
119_jpg.rf.lS7uANG2Pg4DOwZF5bcV.jpg,563,537,Microplastic,375,494,423,536
119_jpg.rf.lS7uANG2Pg4DOwZF5bcV.jpg,563,537,Microplastic,9,517,51,536
119_jpg.rf.lS7uANG2Pg4DOwZF5bcV.jpg,563,537,Microplastic,250,509,318,536
142_jpg.rf.jnsguanca0iW5uP1X3G8.jpg,563,537,Microplastic,117,0,138,25
142_jpg.rf.jnsguanca0iW5uP1X3G8.jpg,563,537,Microplastic,29,22,72,64
142_jpg.rf.jnsguanca0iW5uP1X3G8.jpg,563,537,Microplastic,182,45,204,66
142_jpg.rf.jnsguanca0iW5uP1X3G8.jpg,563,537,Microplastic,160,80,193,120
142_jpg.rf.jnsguanca0iW5uP1X3G8.jpg,563,537,Microplastic,125,142,152,173
142_jpg.rf.jnsguanca0iW5uP1X3G8.jpg,563,537,Microplastic,72,147,103,180
142_jpg.rf.jnsguanca0iW5uP1X3G8.jpg,563,537,Microplastic,435,184,461,207
142_jpg.rf.jnsguanca0iW5uP1X3G8.jpg,563,537,Microplastic,165,185,197,252
142_jpg.rf.jnsguanca0iW5uP1X3G8.jpg,563,537,Microplastic,117,209,141,232
142_jpg.rf.jnsguanca0iW5uP1X3G8.jpg,563,537,Microplastic,129,245,150,268
142_jpg.rf.jnsguanca0iW5uP1X3G8.jpg,563,537,Microplastic,267,235,313,281
142_jpg.rf.jnsguanca0iW5uP1X3G8.jpg,563,537,Microplastic,190,339,217,378
142_jpg.rf.jnsguanca0iW5uP1X3G8.jpg,563,537,Microplastic,479,344,521,385
142_jpg.rf.jnsguanca0iW5uP1X3G8.jpg,563,537,Microplastic,349,367,384,399
142_jpg.rf.jnsguanca0iW5uP1X3G8.jpg,563,537,Microplastic,489,485,512,511
142_jpg.rf.jnsguanca0iW5uP1X3G8.jpg,563,537,Microplastic,0,500,19,534
142_jpg.rf.jnsguanca0iW5uP1X3G8.jpg,563,537,Microplastic,277,519,321,536
116_jpg.rf.iHG9qGjnjj4yLiZrbYBS.jpg,563,537,Microplastic,352,94,385,156
116_jpg.rf.iHG9qGjnjj4yLiZrbYBS.jpg,563,537,Microplastic,100,112,137,140
116_jpg.rf.iHG9qGjnjj4yLiZrbYBS.jpg,563,537,Microplastic,74,145,116,182
116_jpg.rf.iHG9qGjnjj4yLiZrbYBS.jpg,563,537,Microplastic,57,200,85,244
116_jpg.rf.iHG9qGjnjj4yLiZrbYBS.jpg,563,537,Microplastic,404,305,425,333
116_jpg.rf.iHG9qGjnjj4yLiZrbYBS.jpg,563,537,Microplastic,47,340,77,371
116_jpg.rf.iHG9qGjnjj4yLiZrbYBS.jpg,563,537,Microplastic,350,375,395,404
116_jpg.rf.iHG9qGjnjj4yLiZrbYBS.jpg,563,537,Microplastic,0,470,5,492
116_jpg.rf.iHG9qGjnjj4yLiZrbYBS.jpg,563,537,Microplastic,255,0,297,22
12_jpg.rf.nQ6HjdtBB8p6PHHR5sxS.jpg,563,537,Microplastic,117,146,140,175
12_jpg.rf.nQ6HjdtBB8p6PHHR5sxS.jpg,563,537,Microplastic,235,134,252,157
12_jpg.rf.nQ6HjdtBB8p6PHHR5sxS.jpg,563,537,Microplastic,252,37,270,63
12_jpg.rf.nQ6HjdtBB8p6PHHR5sxS.jpg,563,537,Microplastic,359,76,383,101
12_jpg.rf.nQ6HjdtBB8p6PHHR5sxS.jpg,563,537,Microplastic,115,42,129,57
12_jpg.rf.nQ6HjdtBB8p6PHHR5sxS.jpg,563,537,Microplastic,143,79,162,103
12_jpg.rf.nQ6HjdtBB8p6PHHR5sxS.jpg,563,537,Microplastic,189,301,202,314
12_jpg.rf.nQ6HjdtBB8p6PHHR5sxS.jpg,563,537,Microplastic,152,370,169,398
12_jpg.rf.nQ6HjdtBB8p6PHHR5sxS.jpg,563,537,Microplastic,217,318,227,330
12_jpg.rf.nQ6HjdtBB8p6PHHR5sxS.jpg,563,537,Microplastic,113,305,121,320
12_jpg.rf.nQ6HjdtBB8p6PHHR5sxS.jpg,563,537,Microplastic,8,416,37,440
12_jpg.rf.nQ6HjdtBB8p6PHHR5sxS.jpg,563,537,Microplastic,64,490,95,515
12_jpg.rf.nQ6HjdtBB8p6PHHR5sxS.jpg,563,537,Microplastic,116,456,139,481
12_jpg.rf.nQ6HjdtBB8p6PHHR5sxS.jpg,563,537,Microplastic,109,523,126,536
12_jpg.rf.nQ6HjdtBB8p6PHHR5sxS.jpg,563,537,Microplastic,209,477,229,490
12_jpg.rf.nQ6HjdtBB8p6PHHR5sxS.jpg,563,537,Microplastic,207,492,230,507
12_jpg.rf.nQ6HjdtBB8p6PHHR5sxS.jpg,563,537,Microplastic,260,472,273,485
12_jpg.rf.nQ6HjdtBB8p6PHHR5sxS.jpg,563,537,Microplastic,329,437,352,454
12_jpg.rf.nQ6HjdtBB8p6PHHR5sxS.jpg,563,537,Microplastic,341,388,356,412
12_jpg.rf.nQ6HjdtBB8p6PHHR5sxS.jpg,563,537,Microplastic,357,351,376,372
12_jpg.rf.nQ6HjdtBB8p6PHHR5sxS.jpg,563,537,Microplastic,352,324,369,345
132_jpg.rf.SRdsplSDfoOqhR4d9NMK.jpg,563,537,Microplastic,199,100,218,132
132_jpg.rf.SRdsplSDfoOqhR4d9NMK.jpg,563,537,Microplastic,80,120,104,144
132_jpg.rf.SRdsplSDfoOqhR4d9NMK.jpg,563,537,Microplastic,315,147,341,181
132_jpg.rf.SRdsplSDfoOqhR4d9NMK.jpg,563,537,Microplastic,355,170,401,228
132_jpg.rf.SRdsplSDfoOqhR4d9NMK.jpg,563,537,Microplastic,17,194,36,222
132_jpg.rf.SRdsplSDfoOqhR4d9NMK.jpg,563,537,Microplastic,230,234,264,277
132_jpg.rf.SRdsplSDfoOqhR4d9NMK.jpg,563,537,Microplastic,369,269,393,297
132_jpg.rf.SRdsplSDfoOqhR4d9NMK.jpg,563,537,Microplastic,54,274,86,307
132_jpg.rf.SRdsplSDfoOqhR4d9NMK.jpg,563,537,Microplastic,404,280,437,311
132_jpg.rf.SRdsplSDfoOqhR4d9NMK.jpg,563,537,Microplastic,357,287,381,315
132_jpg.rf.SRdsplSDfoOqhR4d9NMK.jpg,563,537,Microplastic,75,307,97,348
132_jpg.rf.SRdsplSDfoOqhR4d9NMK.jpg,563,537,Microplastic,0,327,16,367
132_jpg.rf.SRdsplSDfoOqhR4d9NMK.jpg,563,537,Microplastic,319,325,349,369
132_jpg.rf.SRdsplSDfoOqhR4d9NMK.jpg,563,537,Microplastic,287,329,306,386
132_jpg.rf.SRdsplSDfoOqhR4d9NMK.jpg,563,537,Microplastic,184,414,220,453
132_jpg.rf.SRdsplSDfoOqhR4d9NMK.jpg,563,537,Microplastic,422,472,469,516
132_jpg.rf.SRdsplSDfoOqhR4d9NMK.jpg,563,537,Microplastic,329,514,360,536
Screenshot 2026-04-19 at 3-52-21 PM_png.rf.oAUFtA1HgjcTbDvLM6tF.png,2624,1480,Microplastic,1524,976,1997,1387
a--55-_jpg.rf.hkJ4BAtefQpLx0FlGbFv.jpg,563,537,Microplastic,322,73,413,167
a--55-_jpg.rf.hkJ4BAtefQpLx0FlGbFv.jpg,563,537,Microplastic,68,311,166,385
a--55-_jpg.rf.hkJ4BAtefQpLx0FlGbFv.jpg,563,537,Microplastic,448,314,526,393
a--55-_jpg.rf.hkJ4BAtefQpLx0FlGbFv.jpg,563,537,Microplastic,0,424,44,504
a--55-_jpg.rf.hkJ4BAtefQpLx0FlGbFv.jpg,563,537,Microplastic,284,476,363,536
Screenshot 2026-04-16 at 4-52-43 PM_png.rf.qODFF245mjJnlR4Hz0gP.png,1574,846,Microplastic,160,285,307,453
Screenshot 2026-04-16 at 4-52-43 PM_png.rf.qODFF245mjJnlR4Hz0gP.png,1574,846,Microplastic,975,667,1036,722
Screenshot 2026-04-16 at 4-52-43 PM_png.rf.qODFF245mjJnlR4Hz0gP.png,1574,846,Microplastic,1398,40,1574,375
Screenshot 2026-04-16 at 4-52-43 PM_png.rf.qODFF245mjJnlR4Hz0gP.png,1574,846,Microplastic,1472,38,1574,130
Screenshot 2026-04-16 at 4-52-43 PM_png.rf.qODFF245mjJnlR4Hz0gP.png,1574,846,Microplastic,1366,721,1449,790
Screenshot 2026-04-16 at 4-52-43 PM_png.rf.qODFF245mjJnlR4Hz0gP.png,1574,846,Microplastic,544,0,621,33
Screenshot 2026-04-19 at 3-55-00 PM_png.rf.uXudfzu4Ufqbqd5He2Bc.png,1586,860,Microplastic,1096,330,1144,385
Screenshot 2026-04-19 at 3-55-00 PM_png.rf.uXudfzu4Ufqbqd5He2Bc.png,1586,860,Microplastic,417,668,447,702
Screenshot 2026-04-19 at 4-01-04 PM_png.rf.wvT7eScYmOXmyhMV7IoU.png,1590,896,Microplastic,631,295,688,340
Screenshot 2026-04-19 at 4-01-04 PM_png.rf.wvT7eScYmOXmyhMV7IoU.png,1590,896,Microplastic,127,624,161,653
Screenshot 2026-04-19 at 4-01-04 PM_png.rf.wvT7eScYmOXmyhMV7IoU.png,1590,896,Microplastic,683,660,746,707
Screenshot 2026-04-19 at 4-01-04 PM_png.rf.wvT7eScYmOXmyhMV7IoU.png,1590,896,Microplastic,196,831,248,874
Screenshot 2026-04-19 at 4-01-04 PM_png.rf.wvT7eScYmOXmyhMV7IoU.png,1590,896,Microplastic,1482,412,1522,448
Screenshot 2026-04-19 at 4-01-04 PM_png.rf.wvT7eScYmOXmyhMV7IoU.png,1590,896,Microplastic,708,146,754,186
Screenshot 2026-04-19 at 4-01-04 PM_png.rf.wvT7eScYmOXmyhMV7IoU.png,1590,896,Microplastic,1253,449,1292,477
Screenshot 2026-04-19 at 4-01-04 PM_png.rf.wvT7eScYmOXmyhMV7IoU.png,1590,896,Microplastic,43,696,100,729
Screenshot 2026-04-19 at 4-01-04 PM_png.rf.wvT7eScYmOXmyhMV7IoU.png,1590,896,Microplastic,1085,9,1115,41
Screenshot 2026-04-19 at 4-01-04 PM_png.rf.wvT7eScYmOXmyhMV7IoU.png,1590,896,Microplastic,50,443,106,484
Screenshot 2026-04-19 at 4-01-04 PM_png.rf.wvT7eScYmOXmyhMV7IoU.png,1590,896,Microplastic,760,396,806,434
Screenshot 2026-04-19 at 4-01-04 PM_png.rf.wvT7eScYmOXmyhMV7IoU.png,1590,896,Microplastic,1172,505,1216,540
Screenshot 2026-04-19 at 4-01-04 PM_png.rf.wvT7eScYmOXmyhMV7IoU.png,1590,896,Microplastic,261,826,308,860
Screenshot 2026-04-19 at 4-01-04 PM_png.rf.wvT7eScYmOXmyhMV7IoU.png,1590,896,Microplastic,419,607,492,654
Screenshot 2026-04-19 at 4-01-04 PM_png.rf.wvT7eScYmOXmyhMV7IoU.png,1590,896,Microplastic,372,34,407,62
Screenshot 2026-04-19 at 4-01-04 PM_png.rf.wvT7eScYmOXmyhMV7IoU.png,1590,896,Microplastic,977,238,1026,284
Screenshot 2026-04-19 at 4-01-04 PM_png.rf.wvT7eScYmOXmyhMV7IoU.png,1590,896,Microplastic,973,117,1007,150
Screenshot 2026-04-19 at 4-01-04 PM_png.rf.wvT7eScYmOXmyhMV7IoU.png,1590,896,Microplastic,898,103,953,161
Screenshot 2026-04-19 at 4-01-04 PM_png.rf.wvT7eScYmOXmyhMV7IoU.png,1590,896,Microplastic,440,726,492,765
Screenshot 2026-04-19 at 4-01-04 PM_png.rf.wvT7eScYmOXmyhMV7IoU.png,1590,896,Microplastic,78,845,125,874
Screenshot 2026-04-19 at 4-01-04 PM_png.rf.wvT7eScYmOXmyhMV7IoU.png,1590,896,Microplastic,883,868,912,893
Screenshot 2026-04-19 at 4-01-04 PM_png.rf.wvT7eScYmOXmyhMV7IoU.png,1590,896,Microplastic,1118,693,1170,736
Screenshot 2026-04-19 at 4-01-04 PM_png.rf.wvT7eScYmOXmyhMV7IoU.png,1590,896,Microplastic,1351,226,1377,253
Screenshot 2026-04-19 at 4-01-04 PM_png.rf.wvT7eScYmOXmyhMV7IoU.png,1590,896,Microplastic,1387,220,1418,252
Screenshot 2026-04-19 at 4-01-04 PM_png.rf.wvT7eScYmOXmyhMV7IoU.png,1590,896,Microplastic,1249,838,1292,882
Screenshot 2026-04-19 at 4-01-04 PM_png.rf.wvT7eScYmOXmyhMV7IoU.png,1590,896,Microplastic,442,51,480,81
Screenshot 2026-04-19 at 4-01-04 PM_png.rf.wvT7eScYmOXmyhMV7IoU.png,1590,896,Microplastic,820,765,871,796
Screenshot 2026-04-19 at 4-01-04 PM_png.rf.wvT7eScYmOXmyhMV7IoU.png,1590,896,Microplastic,608,475,707,534
Screenshot 2026-04-19 at 4-01-04 PM_png.rf.wvT7eScYmOXmyhMV7IoU.png,1590,896,Microplastic,44,506,78,538
Screenshot 2026-04-19 at 4-01-04 PM_png.rf.wvT7eScYmOXmyhMV7IoU.png,1590,896,Microplastic,185,56,229,84
Screenshot 2026-04-19 at 4-01-04 PM_png.rf.wvT7eScYmOXmyhMV7IoU.png,1590,896,Microplastic,342,443,375,474
Screenshot 2026-04-19 at 4-01-04 PM_png.rf.wvT7eScYmOXmyhMV7IoU.png,1590,896,Microplastic,354,66,394,101
Screenshot 2026-04-19 at 4-01-04 PM_png.rf.wvT7eScYmOXmyhMV7IoU.png,1590,896,Microplastic,868,256,903,286
Screenshot 2026-04-19 at 4-01-04 PM_png.rf.wvT7eScYmOXmyhMV7IoU.png,1590,896,Microplastic,195,543,253,601
Screenshot 2026-04-19 at 4-01-04 PM_png.rf.wvT7eScYmOXmyhMV7IoU.png,1590,896,Microplastic,1415,541,1482,595
Screenshot 2026-04-19 at 4-01-04 PM_png.rf.wvT7eScYmOXmyhMV7IoU.png,1590,896,Microplastic,1238,149,1262,170
Screenshot 2026-04-19 at 4-01-04 PM_png.rf.wvT7eScYmOXmyhMV7IoU.png,1590,896,Microplastic,1061,361,1108,416
Screenshot 2026-04-19 at 4-01-04 PM_png.rf.wvT7eScYmOXmyhMV7IoU.png,1590,896,Microplastic,1222,0,1250,23
Screenshot 2026-04-19 at 4-01-04 PM_png.rf.wvT7eScYmOXmyhMV7IoU.png,1590,896,Microplastic,1325,38,1354,67
Screenshot 2026-04-19 at 4-01-04 PM_png.rf.wvT7eScYmOXmyhMV7IoU.png,1590,896,Microplastic,1054,206,1171,267
Screenshot 2026-04-19 at 4-01-04 PM_png.rf.wvT7eScYmOXmyhMV7IoU.png,1590,896,Microplastic,1007,375,1038,402
Screenshot 2026-04-19 at 4-01-04 PM_png.rf.wvT7eScYmOXmyhMV7IoU.png,1590,896,Microplastic,498,104,540,143
Screenshot 2026-04-19 at 4-01-04 PM_png.rf.wvT7eScYmOXmyhMV7IoU.png,1590,896,Microplastic,904,32,935,66
Screenshot 2026-04-19 at 4-01-04 PM_png.rf.wvT7eScYmOXmyhMV7IoU.png,1590,896,Microplastic,1246,191,1274,218
Screenshot 2026-04-19 at 4-01-04 PM_png.rf.wvT7eScYmOXmyhMV7IoU.png,1590,896,Microplastic,602,217,643,248
Screenshot 2026-04-19 at 4-01-04 PM_png.rf.wvT7eScYmOXmyhMV7IoU.png,1590,896,Microplastic,367,121,422,160
Screenshot 2026-04-19 at 4-01-04 PM_png.rf.wvT7eScYmOXmyhMV7IoU.png,1590,896,Microplastic,1549,332,1590,399
Screenshot 2026-04-19 at 4-01-04 PM_png.rf.wvT7eScYmOXmyhMV7IoU.png,1590,896,Microplastic,1268,13,1293,39
Screenshot 2026-04-19 at 4-01-04 PM_png.rf.wvT7eScYmOXmyhMV7IoU.png,1590,896,Microplastic,1416,771,1492,825
Screenshot 2026-04-19 at 4-01-04 PM_png.rf.wvT7eScYmOXmyhMV7IoU.png,1590,896,Microplastic,260,753,298,780
Screenshot 2026-04-19 at 4-01-04 PM_png.rf.wvT7eScYmOXmyhMV7IoU.png,1590,896,Microplastic,1362,766,1401,802
Screenshot 2026-04-19 at 4-01-04 PM_png.rf.wvT7eScYmOXmyhMV7IoU.png,1590,896,Microplastic,888,408,924,437
Screenshot 2026-04-19 at 4-01-04 PM_png.rf.wvT7eScYmOXmyhMV7IoU.png,1590,896,Microplastic,1319,669,1363,715
Screenshot 2026-04-19 at 4-01-04 PM_png.rf.wvT7eScYmOXmyhMV7IoU.png,1590,896,Microplastic,1149,372,1177,404
Screenshot 2026-04-19 at 4-01-04 PM_png.rf.wvT7eScYmOXmyhMV7IoU.png,1590,896,Microplastic,674,626,709,651
Screenshot 2026-04-19 at 4-01-04 PM_png.rf.wvT7eScYmOXmyhMV7IoU.png,1590,896,Microplastic,573,171,611,205
Screenshot 2026-04-19 at 4-01-04 PM_png.rf.wvT7eScYmOXmyhMV7IoU.png,1590,896,Microplastic,1353,315,1384,342
a--62-_jpg.rf.CXvi3BWITctlBQXuaB4N.jpg,563,537,Microplastic,144,0,210,60
a--62-_jpg.rf.CXvi3BWITctlBQXuaB4N.jpg,563,537,Microplastic,246,242,316,298
a--62-_jpg.rf.CXvi3BWITctlBQXuaB4N.jpg,563,537,Microplastic,174,307,256,385
a--62-_jpg.rf.CXvi3BWITctlBQXuaB4N.jpg,563,537,Microplastic,242,444,322,532
a--77-_jpg.rf.IYJg1ioBPCyzDbkoH4Sj.jpg,563,537,Microplastic,252,162,317,211
a--77-_jpg.rf.IYJg1ioBPCyzDbkoH4Sj.jpg,563,537,Microplastic,138,278,196,351
a--77-_jpg.rf.IYJg1ioBPCyzDbkoH4Sj.jpg,563,537,Microplastic,260,263,339,348
a--77-_jpg.rf.IYJg1ioBPCyzDbkoH4Sj.jpg,563,537,Microplastic,261,518,336,536
a--77-_jpg.rf.IYJg1ioBPCyzDbkoH4Sj.jpg,563,537,Microplastic,487,236,552,300
b--176-_jpg.rf.ht487yMpSXrudGodzEVx.jpg,563,537,Microplastic,475,2,503,31
b--176-_jpg.rf.ht487yMpSXrudGodzEVx.jpg,563,537,Microplastic,195,180,225,217
b--176-_jpg.rf.ht487yMpSXrudGodzEVx.jpg,563,537,Microplastic,322,187,361,220
b--176-_jpg.rf.ht487yMpSXrudGodzEVx.jpg,563,537,Microplastic,264,194,283,219
b--176-_jpg.rf.ht487yMpSXrudGodzEVx.jpg,563,537,Microplastic,22,200,46,236
b--176-_jpg.rf.ht487yMpSXrudGodzEVx.jpg,563,537,Microplastic,87,202,108,235
b--176-_jpg.rf.ht487yMpSXrudGodzEVx.jpg,563,537,Microplastic,127,216,149,232
b--176-_jpg.rf.ht487yMpSXrudGodzEVx.jpg,563,537,Microplastic,242,235,261,265
b--176-_jpg.rf.ht487yMpSXrudGodzEVx.jpg,563,537,Microplastic,495,247,537,282
b--176-_jpg.rf.ht487yMpSXrudGodzEVx.jpg,563,537,Microplastic,302,262,311,281
b--176-_jpg.rf.ht487yMpSXrudGodzEVx.jpg,563,537,Microplastic,414,263,429,287
b--176-_jpg.rf.ht487yMpSXrudGodzEVx.jpg,563,537,Microplastic,116,269,128,290
b--176-_jpg.rf.ht487yMpSXrudGodzEVx.jpg,563,537,Microplastic,328,279,343,300
b--176-_jpg.rf.ht487yMpSXrudGodzEVx.jpg,563,537,Microplastic,175,307,212,334
b--176-_jpg.rf.ht487yMpSXrudGodzEVx.jpg,563,537,Microplastic,435,305,456,336
b--176-_jpg.rf.ht487yMpSXrudGodzEVx.jpg,563,537,Microplastic,107,422,136,452
b--176-_jpg.rf.ht487yMpSXrudGodzEVx.jpg,563,537,Microplastic,365,467,378,483
b--176-_jpg.rf.ht487yMpSXrudGodzEVx.jpg,563,537,Microplastic,0,460,29,506
b--176-_jpg.rf.ht487yMpSXrudGodzEVx.jpg,563,537,Microplastic,285,509,306,534
a--72-_jpg.rf.TK0mNOzaZJWRGjVU8uMi.jpg,563,537,Microplastic,275,29,331,103
a--72-_jpg.rf.TK0mNOzaZJWRGjVU8uMi.jpg,563,537,Microplastic,340,222,421,300
a--72-_jpg.rf.TK0mNOzaZJWRGjVU8uMi.jpg,563,537,Microplastic,203,233,290,287
a--72-_jpg.rf.TK0mNOzaZJWRGjVU8uMi.jpg,563,537,Microplastic,151,339,224,407
a--72-_jpg.rf.TK0mNOzaZJWRGjVU8uMi.jpg,563,537,Microplastic,361,381,417,444
a--63-_jpg.rf.iA45mx92OijAKUzjlJrK.jpg,563,537,Microplastic,291,0,372,81
a--63-_jpg.rf.iA45mx92OijAKUzjlJrK.jpg,563,537,Microplastic,30,90,117,192
a--63-_jpg.rf.iA45mx92OijAKUzjlJrK.jpg,563,537,Microplastic,187,291,257,372
a--63-_jpg.rf.iA45mx92OijAKUzjlJrK.jpg,563,537,Microplastic,274,237,352,314
a--70-_jpg.rf.gnuw4cJrCSUkLubP4BQW.jpg,563,537,Microplastic,100,17,159,78
a--70-_jpg.rf.gnuw4cJrCSUkLubP4BQW.jpg,563,537,Microplastic,184,176,261,243
a--70-_jpg.rf.gnuw4cJrCSUkLubP4BQW.jpg,563,537,Microplastic,133,282,213,363
a--70-_jpg.rf.gnuw4cJrCSUkLubP4BQW.jpg,563,537,Microplastic,320,256,383,329
a--70-_jpg.rf.gnuw4cJrCSUkLubP4BQW.jpg,563,537,Microplastic,274,429,360,520
a--58-_jpg.rf.ldCn7YcKE3lfOcYaS4aN.jpg,563,537,Microplastic,298,37,369,118
a--58-_jpg.rf.ldCn7YcKE3lfOcYaS4aN.jpg,563,537,Microplastic,163,181,247,262
a--58-_jpg.rf.ldCn7YcKE3lfOcYaS4aN.jpg,563,537,Microplastic,441,356,506,420
a--58-_jpg.rf.ldCn7YcKE3lfOcYaS4aN.jpg,563,537,Microplastic,250,462,332,536
a--78-_jpg.rf.Jgz8hZqApzLqJHrekFLE.jpg,563,537,Microplastic,240,218,315,294
a--78-_jpg.rf.Jgz8hZqApzLqJHrekFLE.jpg,563,537,Microplastic,396,202,456,255
a--78-_jpg.rf.Jgz8hZqApzLqJHrekFLE.jpg,563,537,Microplastic,280,345,368,414
a--78-_jpg.rf.Jgz8hZqApzLqJHrekFLE.jpg,563,537,Microplastic,169,315,248,376
a--78-_jpg.rf.Jgz8hZqApzLqJHrekFLE.jpg,563,537,Microplastic,80,335,148,396
a--41-_jpg.rf.xp50f0eUA6j2iQTtH7l0.jpg,563,537,Microplastic,106,306,182,394
a--41-_jpg.rf.xp50f0eUA6j2iQTtH7l0.jpg,563,537,Microplastic,115,182,191,233
a--41-_jpg.rf.xp50f0eUA6j2iQTtH7l0.jpg,563,537,Microplastic,354,36,432,90
a--41-_jpg.rf.xp50f0eUA6j2iQTtH7l0.jpg,563,537,Microplastic,407,371,474,433
a--41-_jpg.rf.xp50f0eUA6j2iQTtH7l0.jpg,563,537,Microplastic,59,432,139,509
b--120-_jpg.rf.xBgcm64DzL1RCd4oAvtZ.jpg,563,537,Microplastic,135,0,161,8
b--120-_jpg.rf.xBgcm64DzL1RCd4oAvtZ.jpg,563,537,Microplastic,95,0,122,28
b--120-_jpg.rf.xBgcm64DzL1RCd4oAvtZ.jpg,563,537,Microplastic,0,74,23,96
b--120-_jpg.rf.xBgcm64DzL1RCd4oAvtZ.jpg,563,537,Microplastic,57,87,99,127
b--120-_jpg.rf.xBgcm64DzL1RCd4oAvtZ.jpg,563,537,Microplastic,22,115,65,161
b--120-_jpg.rf.xBgcm64DzL1RCd4oAvtZ.jpg,563,537,Microplastic,150,127,172,151
b--120-_jpg.rf.xBgcm64DzL1RCd4oAvtZ.jpg,563,537,Microplastic,99,173,105,179
b--120-_jpg.rf.xBgcm64DzL1RCd4oAvtZ.jpg,563,537,Microplastic,335,165,358,190
b--120-_jpg.rf.xBgcm64DzL1RCd4oAvtZ.jpg,563,537,Microplastic,69,195,80,210
b--120-_jpg.rf.xBgcm64DzL1RCd4oAvtZ.jpg,563,537,Microplastic,185,202,212,225
b--120-_jpg.rf.xBgcm64DzL1RCd4oAvtZ.jpg,563,537,Microplastic,330,207,345,227
b--120-_jpg.rf.xBgcm64DzL1RCd4oAvtZ.jpg,563,537,Microplastic,474,200,507,234
b--120-_jpg.rf.xBgcm64DzL1RCd4oAvtZ.jpg,563,537,Microplastic,349,199,389,243
b--120-_jpg.rf.xBgcm64DzL1RCd4oAvtZ.jpg,563,537,Microplastic,405,204,435,238
b--120-_jpg.rf.xBgcm64DzL1RCd4oAvtZ.jpg,563,537,Microplastic,39,234,63,251
b--120-_jpg.rf.xBgcm64DzL1RCd4oAvtZ.jpg,563,537,Microplastic,335,234,357,252
b--120-_jpg.rf.xBgcm64DzL1RCd4oAvtZ.jpg,563,537,Microplastic,304,264,321,287
b--120-_jpg.rf.xBgcm64DzL1RCd4oAvtZ.jpg,563,537,Microplastic,187,284,209,313
b--120-_jpg.rf.xBgcm64DzL1RCd4oAvtZ.jpg,563,537,Microplastic,442,282,473,322
b--120-_jpg.rf.xBgcm64DzL1RCd4oAvtZ.jpg,563,537,Microplastic,335,295,365,339
b--120-_jpg.rf.xBgcm64DzL1RCd4oAvtZ.jpg,563,537,Microplastic,187,390,259,465
b--120-_jpg.rf.xBgcm64DzL1RCd4oAvtZ.jpg,563,537,Microplastic,0,454,28,488
b--120-_jpg.rf.xBgcm64DzL1RCd4oAvtZ.jpg,563,537,Microplastic,389,454,416,503
c--122-_jpg.rf.2EJkHVWgxnc4W6g5WIvU.jpg,563,537,Microplastic,280,101,292,112
c--122-_jpg.rf.2EJkHVWgxnc4W6g5WIvU.jpg,563,537,Microplastic,189,178,213,203
c--122-_jpg.rf.2EJkHVWgxnc4W6g5WIvU.jpg,563,537,Microplastic,305,194,336,221
c--122-_jpg.rf.2EJkHVWgxnc4W6g5WIvU.jpg,563,537,Microplastic,406,198,434,226
c--122-_jpg.rf.2EJkHVWgxnc4W6g5WIvU.jpg,563,537,Microplastic,206,354,226,370
c--122-_jpg.rf.2EJkHVWgxnc4W6g5WIvU.jpg,563,537,Microplastic,225,426,247,447
c--122-_jpg.rf.2EJkHVWgxnc4W6g5WIvU.jpg,563,537,Microplastic,428,456,474,480
c--122-_jpg.rf.2EJkHVWgxnc4W6g5WIvU.jpg,563,537,Microplastic,345,502,389,536
a--40-_jpg.rf.tKi3WVHNcQv2LkZOwAXQ.jpg,563,537,Microplastic,321,52,396,142
a--40-_jpg.rf.tKi3WVHNcQv2LkZOwAXQ.jpg,563,537,Microplastic,406,368,485,454
a--40-_jpg.rf.tKi3WVHNcQv2LkZOwAXQ.jpg,563,537,Microplastic,189,204,271,276
a--40-_jpg.rf.tKi3WVHNcQv2LkZOwAXQ.jpg,563,537,Microplastic,0,177,21,248
c--120-_jpg.rf.4LxSc408R1tQepDJWH45.jpg,563,537,Microplastic,388,0,427,8
c--120-_jpg.rf.4LxSc408R1tQepDJWH45.jpg,563,537,Microplastic,264,83,308,127
c--120-_jpg.rf.4LxSc408R1tQepDJWH45.jpg,563,537,Microplastic,470,123,530,173
c--120-_jpg.rf.4LxSc408R1tQepDJWH45.jpg,563,537,Microplastic,154,287,193,320
c--120-_jpg.rf.4LxSc408R1tQepDJWH45.jpg,563,537,Microplastic,483,381,518,417
c--120-_jpg.rf.4LxSc408R1tQepDJWH45.jpg,563,537,Microplastic,523,415,556,441
a--50-_jpg.rf.xHFQDuHSlJX1LQT4PHu2.jpg,563,537,Microplastic,100,319,187,404
a--50-_jpg.rf.xHFQDuHSlJX1LQT4PHu2.jpg,563,537,Microplastic,390,174,477,261
c--125-_jpg.rf.4qciNN6D8My7jRKjUWDW.jpg,563,537,Microplastic,365,185,387,200
c--125-_jpg.rf.4qciNN6D8My7jRKjUWDW.jpg,563,537,Microplastic,384,246,415,284
c--125-_jpg.rf.4qciNN6D8My7jRKjUWDW.jpg,563,537,Microplastic,554,261,562,291
c--125-_jpg.rf.4qciNN6D8My7jRKjUWDW.jpg,563,537,Microplastic,407,295,428,326
c--125-_jpg.rf.4qciNN6D8My7jRKjUWDW.jpg,563,537,Microplastic,37,311,80,354
c--125-_jpg.rf.4qciNN6D8My7jRKjUWDW.jpg,563,537,Microplastic,43,440,67,455
c--125-_jpg.rf.4qciNN6D8My7jRKjUWDW.jpg,563,537,Microplastic,444,471,506,524
c--125-_jpg.rf.4qciNN6D8My7jRKjUWDW.jpg,563,537,Microplastic,16,504,44,536
c--125-_jpg.rf.4qciNN6D8My7jRKjUWDW.jpg,563,537,Microplastic,162,500,220,536
a--60-_jpg.rf.uDYX923INwn3ll78CCe1.jpg,563,537,Microplastic,43,368,142,455
a--60-_jpg.rf.uDYX923INwn3ll78CCe1.jpg,563,537,Microplastic,150,173,216,246
a--60-_jpg.rf.uDYX923INwn3ll78CCe1.jpg,563,537,Microplastic,268,167,351,251
a--60-_jpg.rf.uDYX923INwn3ll78CCe1.jpg,563,537,Microplastic,274,303,359,377
a--60-_jpg.rf.uDYX923INwn3ll78CCe1.jpg,563,537,Microplastic,347,473,430,536
131_jpg.rf.uf3a1jlJVUyXs4vWZTGT.jpg,563,537,Microplastic,95,0,121,12
131_jpg.rf.uf3a1jlJVUyXs4vWZTGT.jpg,563,537,Microplastic,270,59,296,90
131_jpg.rf.uf3a1jlJVUyXs4vWZTGT.jpg,563,537,Microplastic,209,87,243,127
131_jpg.rf.uf3a1jlJVUyXs4vWZTGT.jpg,563,537,Microplastic,0,95,40,131
131_jpg.rf.uf3a1jlJVUyXs4vWZTGT.jpg,563,537,Microplastic,160,132,172,156
131_jpg.rf.uf3a1jlJVUyXs4vWZTGT.jpg,563,537,Microplastic,280,134,310,172
131_jpg.rf.uf3a1jlJVUyXs4vWZTGT.jpg,563,537,Microplastic,424,150,469,182
131_jpg.rf.uf3a1jlJVUyXs4vWZTGT.jpg,563,537,Microplastic,92,155,127,188
131_jpg.rf.uf3a1jlJVUyXs4vWZTGT.jpg,563,537,Microplastic,212,160,244,194
131_jpg.rf.uf3a1jlJVUyXs4vWZTGT.jpg,563,537,Microplastic,298,169,335,202
131_jpg.rf.uf3a1jlJVUyXs4vWZTGT.jpg,563,537,Microplastic,465,192,489,212
131_jpg.rf.uf3a1jlJVUyXs4vWZTGT.jpg,563,537,Microplastic,484,219,503,244
131_jpg.rf.uf3a1jlJVUyXs4vWZTGT.jpg,563,537,Microplastic,389,227,412,257
131_jpg.rf.uf3a1jlJVUyXs4vWZTGT.jpg,563,537,Microplastic,129,255,162,276
131_jpg.rf.uf3a1jlJVUyXs4vWZTGT.jpg,563,537,Microplastic,302,269,321,295
131_jpg.rf.uf3a1jlJVUyXs4vWZTGT.jpg,563,537,Microplastic,420,312,455,348
131_jpg.rf.uf3a1jlJVUyXs4vWZTGT.jpg,563,537,Microplastic,117,314,144,353
131_jpg.rf.uf3a1jlJVUyXs4vWZTGT.jpg,563,537,Microplastic,342,325,386,361
131_jpg.rf.uf3a1jlJVUyXs4vWZTGT.jpg,563,537,Microplastic,270,327,308,360
131_jpg.rf.uf3a1jlJVUyXs4vWZTGT.jpg,563,537,Microplastic,400,375,429,399
131_jpg.rf.uf3a1jlJVUyXs4vWZTGT.jpg,563,537,Microplastic,170,387,189,404
131_jpg.rf.uf3a1jlJVUyXs4vWZTGT.jpg,563,537,Microplastic,292,399,342,442
131_jpg.rf.uf3a1jlJVUyXs4vWZTGT.jpg,563,537,Microplastic,189,414,204,430
131_jpg.rf.uf3a1jlJVUyXs4vWZTGT.jpg,563,537,Microplastic,442,409,476,442
131_jpg.rf.uf3a1jlJVUyXs4vWZTGT.jpg,563,537,Microplastic,145,480,180,527
131_jpg.rf.uf3a1jlJVUyXs4vWZTGT.jpg,563,537,Microplastic,442,530,467,536
129_jpg.rf.ukZSYPIkxJhNGi0Vcowq.jpg,563,537,Microplastic,20,0,70,10
129_jpg.rf.ukZSYPIkxJhNGi0Vcowq.jpg,563,537,Microplastic,225,20,250,64
129_jpg.rf.ukZSYPIkxJhNGi0Vcowq.jpg,563,537,Microplastic,157,44,199,87
129_jpg.rf.ukZSYPIkxJhNGi0Vcowq.jpg,563,537,Microplastic,245,107,273,151
129_jpg.rf.ukZSYPIkxJhNGi0Vcowq.jpg,563,537,Microplastic,349,140,376,158
129_jpg.rf.ukZSYPIkxJhNGi0Vcowq.jpg,563,537,Microplastic,309,140,332,166
129_jpg.rf.ukZSYPIkxJhNGi0Vcowq.jpg,563,537,Microplastic,405,149,426,171
129_jpg.rf.ukZSYPIkxJhNGi0Vcowq.jpg,563,537,Microplastic,502,174,528,207
129_jpg.rf.ukZSYPIkxJhNGi0Vcowq.jpg,563,537,Microplastic,180,180,212,220
129_jpg.rf.ukZSYPIkxJhNGi0Vcowq.jpg,563,537,Microplastic,282,222,302,253
129_jpg.rf.ukZSYPIkxJhNGi0Vcowq.jpg,563,537,Microplastic,509,230,536,262
129_jpg.rf.ukZSYPIkxJhNGi0Vcowq.jpg,563,537,Microplastic,77,234,100,266
129_jpg.rf.ukZSYPIkxJhNGi0Vcowq.jpg,563,537,Microplastic,409,237,436,270
129_jpg.rf.ukZSYPIkxJhNGi0Vcowq.jpg,563,537,Microplastic,382,252,404,287
129_jpg.rf.ukZSYPIkxJhNGi0Vcowq.jpg,563,537,Microplastic,249,274,272,307
129_jpg.rf.ukZSYPIkxJhNGi0Vcowq.jpg,563,537,Microplastic,175,294,198,315
129_jpg.rf.ukZSYPIkxJhNGi0Vcowq.jpg,563,537,Microplastic,335,294,362,329
129_jpg.rf.ukZSYPIkxJhNGi0Vcowq.jpg,563,537,Microplastic,400,319,430,355
129_jpg.rf.ukZSYPIkxJhNGi0Vcowq.jpg,563,537,Microplastic,127,335,164,377
129_jpg.rf.ukZSYPIkxJhNGi0Vcowq.jpg,563,537,Microplastic,189,390,224,411
129_jpg.rf.ukZSYPIkxJhNGi0Vcowq.jpg,563,537,Microplastic,162,477,223,510
121_jpg.rf.slXZCoQjI6HIKGn5Dd3W.jpg,563,537,Microplastic,150,0,191,10
121_jpg.rf.slXZCoQjI6HIKGn5Dd3W.jpg,563,537,Microplastic,49,0,96,17
121_jpg.rf.slXZCoQjI6HIKGn5Dd3W.jpg,563,537,Microplastic,0,28,47,73
121_jpg.rf.slXZCoQjI6HIKGn5Dd3W.jpg,563,537,Microplastic,469,62,504,91
121_jpg.rf.slXZCoQjI6HIKGn5Dd3W.jpg,563,537,Microplastic,275,125,341,186
121_jpg.rf.slXZCoQjI6HIKGn5Dd3W.jpg,563,537,Microplastic,194,175,223,212
121_jpg.rf.slXZCoQjI6HIKGn5Dd3W.jpg,563,537,Microplastic,316,192,332,211
121_jpg.rf.slXZCoQjI6HIKGn5Dd3W.jpg,563,537,Microplastic,235,207,276,241
121_jpg.rf.slXZCoQjI6HIKGn5Dd3W.jpg,563,537,Microplastic,211,253,231,266
121_jpg.rf.slXZCoQjI6HIKGn5Dd3W.jpg,563,537,Microplastic,322,255,348,284
121_jpg.rf.slXZCoQjI6HIKGn5Dd3W.jpg,563,537,Microplastic,204,268,213,287
121_jpg.rf.slXZCoQjI6HIKGn5Dd3W.jpg,563,537,Microplastic,299,273,309,285
121_jpg.rf.slXZCoQjI6HIKGn5Dd3W.jpg,563,537,Microplastic,43,273,63,297
121_jpg.rf.slXZCoQjI6HIKGn5Dd3W.jpg,563,537,Microplastic,367,272,426,304
121_jpg.rf.slXZCoQjI6HIKGn5Dd3W.jpg,563,537,Microplastic,503,280,522,305
121_jpg.rf.slXZCoQjI6HIKGn5Dd3W.jpg,563,537,Microplastic,297,296,305,312
121_jpg.rf.slXZCoQjI6HIKGn5Dd3W.jpg,563,537,Microplastic,126,309,143,325
121_jpg.rf.slXZCoQjI6HIKGn5Dd3W.jpg,563,537,Microplastic,66,385,88,402
121_jpg.rf.slXZCoQjI6HIKGn5Dd3W.jpg,563,537,Microplastic,0,440,21,473
121_jpg.rf.slXZCoQjI6HIKGn5Dd3W.jpg,563,537,Microplastic,47,489,162,536
164_jpg.rf.auYENZ8AecjTQ7207orw.jpg,563,537,Microplastic,259,144,279,175
164_jpg.rf.auYENZ8AecjTQ7207orw.jpg,563,537,Microplastic,362,147,380,172
164_jpg.rf.auYENZ8AecjTQ7207orw.jpg,563,537,Microplastic,230,149,252,180
164_jpg.rf.auYENZ8AecjTQ7207orw.jpg,563,537,Microplastic,22,159,53,186
164_jpg.rf.auYENZ8AecjTQ7207orw.jpg,563,537,Microplastic,297,192,313,215
164_jpg.rf.auYENZ8AecjTQ7207orw.jpg,563,537,Microplastic,349,217,372,233
164_jpg.rf.auYENZ8AecjTQ7207orw.jpg,563,537,Microplastic,135,247,165,282
164_jpg.rf.auYENZ8AecjTQ7207orw.jpg,563,537,Microplastic,404,295,424,321
164_jpg.rf.auYENZ8AecjTQ7207orw.jpg,563,537,Microplastic,279,354,296,367
164_jpg.rf.auYENZ8AecjTQ7207orw.jpg,563,537,Microplastic,247,355,263,373
164_jpg.rf.auYENZ8AecjTQ7207orw.jpg,563,537,Microplastic,335,414,365,451
164_jpg.rf.auYENZ8AecjTQ7207orw.jpg,563,537,Microplastic,145,442,178,475
c--134-_jpg.rf.6DFqtZcV2CV6MimcN6XW.jpg,563,537,Microplastic,251,68,290,100
c--134-_jpg.rf.6DFqtZcV2CV6MimcN6XW.jpg,563,537,Microplastic,171,83,220,124
c--134-_jpg.rf.6DFqtZcV2CV6MimcN6XW.jpg,563,537,Microplastic,368,114,395,147
c--134-_jpg.rf.6DFqtZcV2CV6MimcN6XW.jpg,563,537,Microplastic,92,115,122,150
c--134-_jpg.rf.6DFqtZcV2CV6MimcN6XW.jpg,563,537,Microplastic,340,132,367,156
c--134-_jpg.rf.6DFqtZcV2CV6MimcN6XW.jpg,563,537,Microplastic,285,168,324,205
c--134-_jpg.rf.6DFqtZcV2CV6MimcN6XW.jpg,563,537,Microplastic,503,334,541,373
c--134-_jpg.rf.6DFqtZcV2CV6MimcN6XW.jpg,563,537,Microplastic,75,453,168,517
c--121-_jpg.rf.0w7Mm4H7ckQxyTmUOK2a.jpg,563,537,Microplastic,310,3,355,28
c--121-_jpg.rf.0w7Mm4H7ckQxyTmUOK2a.jpg,563,537,Microplastic,282,342,301,371
c--121-_jpg.rf.0w7Mm4H7ckQxyTmUOK2a.jpg,563,537,Microplastic,462,425,495,459
c--121-_jpg.rf.0w7Mm4H7ckQxyTmUOK2a.jpg,563,537,Microplastic,368,500,431,536
c--128-_jpg.rf.3efsNpjomFzeQA4Dios2.jpg,563,537,Microplastic,236,45,284,98
c--128-_jpg.rf.3efsNpjomFzeQA4Dios2.jpg,563,537,Microplastic,471,64,494,92
c--128-_jpg.rf.3efsNpjomFzeQA4Dios2.jpg,563,537,Microplastic,552,250,562,287
c--128-_jpg.rf.3efsNpjomFzeQA4Dios2.jpg,563,537,Microplastic,523,344,557,391
c--128-_jpg.rf.3efsNpjomFzeQA4Dios2.jpg,563,537,Microplastic,48,357,83,400
c--128-_jpg.rf.3efsNpjomFzeQA4Dios2.jpg,563,537,Microplastic,3,405,44,481
c--117-_jpg.rf.7DF9xpKMBuK1eNObBojR.jpg,563,537,Microplastic,333,99,383,163
c--117-_jpg.rf.7DF9xpKMBuK1eNObBojR.jpg,563,537,Microplastic,137,250,174,283
c--117-_jpg.rf.7DF9xpKMBuK1eNObBojR.jpg,563,537,Microplastic,465,284,506,333
c--117-_jpg.rf.7DF9xpKMBuK1eNObBojR.jpg,563,537,Microplastic,450,387,507,455
c--117-_jpg.rf.7DF9xpKMBuK1eNObBojR.jpg,563,537,Microplastic,380,483,434,534
c--117-_jpg.rf.7DF9xpKMBuK1eNObBojR.jpg,563,537,Microplastic,117,0,196,25
c--116-_jpg.rf.8GClyC9W94Ysnl6G99Dr.jpg,563,537,Microplastic,222,52,253,99
c--116-_jpg.rf.8GClyC9W94Ysnl6G99Dr.jpg,563,537,Microplastic,355,134,404,173
c--116-_jpg.rf.8GClyC9W94Ysnl6G99Dr.jpg,563,537,Microplastic,330,214,372,244
c--116-_jpg.rf.8GClyC9W94Ysnl6G99Dr.jpg,563,537,Microplastic,426,324,508,395
c--130-_jpg.rf.CqkrZE1zGS4aJln9zuko.jpg,563,537,Microplastic,425,25,464,66
c--130-_jpg.rf.CqkrZE1zGS4aJln9zuko.jpg,563,537,Microplastic,263,32,299,60
c--130-_jpg.rf.CqkrZE1zGS4aJln9zuko.jpg,563,537,Microplastic,38,222,88,272
c--130-_jpg.rf.CqkrZE1zGS4aJln9zuko.jpg,563,537,Microplastic,231,288,279,331
c--130-_jpg.rf.CqkrZE1zGS4aJln9zuko.jpg,563,537,Microplastic,185,300,229,333
c--130-_jpg.rf.CqkrZE1zGS4aJln9zuko.jpg,563,537,Microplastic,55,525,77,536
c--136-_jpg.rf.BVhcp7eu6SNSPRHwnJeO.jpg,563,537,Microplastic,310,53,338,87
c--136-_jpg.rf.BVhcp7eu6SNSPRHwnJeO.jpg,563,537,Microplastic,246,87,272,121
c--136-_jpg.rf.BVhcp7eu6SNSPRHwnJeO.jpg,563,537,Microplastic,476,85,512,150
c--136-_jpg.rf.BVhcp7eu6SNSPRHwnJeO.jpg,563,537,Microplastic,542,105,562,139
c--136-_jpg.rf.BVhcp7eu6SNSPRHwnJeO.jpg,563,537,Microplastic,526,203,560,238
c--136-_jpg.rf.BVhcp7eu6SNSPRHwnJeO.jpg,563,537,Microplastic,376,233,468,284
c--136-_jpg.rf.BVhcp7eu6SNSPRHwnJeO.jpg,563,537,Microplastic,236,265,281,313
c--136-_jpg.rf.BVhcp7eu6SNSPRHwnJeO.jpg,563,537,Microplastic,100,362,131,398
c--136-_jpg.rf.BVhcp7eu6SNSPRHwnJeO.jpg,563,537,Microplastic,56,485,113,536
c--113-_jpg.rf.7x1EwYgT7qQbS4hRCmSR.jpg,563,537,Microplastic,487,135,530,167
c--113-_jpg.rf.7x1EwYgT7qQbS4hRCmSR.jpg,563,537,Microplastic,0,189,22,238
c--113-_jpg.rf.7x1EwYgT7qQbS4hRCmSR.jpg,563,537,Microplastic,295,325,328,349
c--113-_jpg.rf.7x1EwYgT7qQbS4hRCmSR.jpg,563,537,Microplastic,101,367,151,397
c--113-_jpg.rf.7x1EwYgT7qQbS4hRCmSR.jpg,563,537,Microplastic,438,420,479,463
c--113-_jpg.rf.7x1EwYgT7qQbS4hRCmSR.jpg,563,537,Microplastic,3,473,33,516
c--113-_jpg.rf.7x1EwYgT7qQbS4hRCmSR.jpg,563,537,Microplastic,202,494,263,536
a--57-_jpg.rf.ykw0RkFQUi0aoUtrEMOm.jpg,563,537,Microplastic,265,129,348,217
a--57-_jpg.rf.ykw0RkFQUi0aoUtrEMOm.jpg,563,537,Microplastic,464,303,538,368
a--57-_jpg.rf.ykw0RkFQUi0aoUtrEMOm.jpg,563,537,Microplastic,231,296,302,377
a--57-_jpg.rf.ykw0RkFQUi0aoUtrEMOm.jpg,563,537,Microplastic,83,280,174,348
c--110-_jpg.rf.E4QYprfWsMzV1kwgQPAs.jpg,563,537,Microplastic,491,92,524,132
c--110-_jpg.rf.E4QYprfWsMzV1kwgQPAs.jpg,563,537,Microplastic,75,127,98,154
c--110-_jpg.rf.E4QYprfWsMzV1kwgQPAs.jpg,563,537,Microplastic,98,149,127,177
c--110-_jpg.rf.E4QYprfWsMzV1kwgQPAs.jpg,563,537,Microplastic,463,230,496,280
c--110-_jpg.rf.E4QYprfWsMzV1kwgQPAs.jpg,563,537,Microplastic,25,288,59,329
c--110-_jpg.rf.E4QYprfWsMzV1kwgQPAs.jpg,563,537,Microplastic,395,433,452,505
c--110-_jpg.rf.E4QYprfWsMzV1kwgQPAs.jpg,563,537,Microplastic,120,477,171,536
c--139-_jpg.rf.46pJJUqZSX6BvAgqU93V.jpg,563,537,Microplastic,46,123,77,155
c--139-_jpg.rf.46pJJUqZSX6BvAgqU93V.jpg,563,537,Microplastic,0,112,21,181
c--139-_jpg.rf.46pJJUqZSX6BvAgqU93V.jpg,563,537,Microplastic,433,173,472,225
c--139-_jpg.rf.46pJJUqZSX6BvAgqU93V.jpg,563,537,Microplastic,401,190,421,230
c--139-_jpg.rf.46pJJUqZSX6BvAgqU93V.jpg,563,537,Microplastic,178,318,252,403
c--129-_jpg.rf.GePUVN1YH6G7jkvQnJyS.jpg,563,537,Microplastic,163,135,196,156
c--129-_jpg.rf.GePUVN1YH6G7jkvQnJyS.jpg,563,537,Microplastic,376,145,431,190
c--129-_jpg.rf.GePUVN1YH6G7jkvQnJyS.jpg,563,537,Microplastic,0,289,7,321
c--129-_jpg.rf.GePUVN1YH6G7jkvQnJyS.jpg,563,537,Microplastic,507,298,553,344
c--129-_jpg.rf.GePUVN1YH6G7jkvQnJyS.jpg,563,537,Microplastic,257,352,305,388
c--129-_jpg.rf.GePUVN1YH6G7jkvQnJyS.jpg,563,537,Microplastic,437,399,487,454
c--132-_jpg.rf.D0NWh8K5B46HLzGiYGrP.jpg,563,537,Microplastic,366,0,399,19
c--132-_jpg.rf.D0NWh8K5B46HLzGiYGrP.jpg,563,537,Microplastic,328,270,355,303
c--132-_jpg.rf.D0NWh8K5B46HLzGiYGrP.jpg,563,537,Microplastic,447,278,469,311
c--132-_jpg.rf.D0NWh8K5B46HLzGiYGrP.jpg,563,537,Microplastic,333,428,381,468
c--132-_jpg.rf.D0NWh8K5B46HLzGiYGrP.jpg,563,537,Microplastic,413,455,469,505
c--161-_jpg.rf.JgUnB7gNtq0NKmtbx8Ew.jpg,563,537,Microplastic,286,137,308,169
c--161-_jpg.rf.JgUnB7gNtq0NKmtbx8Ew.jpg,563,537,Microplastic,297,235,315,263
c--161-_jpg.rf.JgUnB7gNtq0NKmtbx8Ew.jpg,563,537,Microplastic,137,249,171,273
c--161-_jpg.rf.JgUnB7gNtq0NKmtbx8Ew.jpg,563,537,Microplastic,516,310,555,351
c--161-_jpg.rf.JgUnB7gNtq0NKmtbx8Ew.jpg,563,537,Microplastic,0,424,7,446
c--161-_jpg.rf.JgUnB7gNtq0NKmtbx8Ew.jpg,563,537,Microplastic,422,493,460,522
c--11-_jpg.rf.LA7WVMwymKzwSzf8muUC.jpg,563,537,Microplastic,307,0,344,10
c--11-_jpg.rf.LA7WVMwymKzwSzf8muUC.jpg,563,537,Microplastic,400,30,434,71
c--11-_jpg.rf.LA7WVMwymKzwSzf8muUC.jpg,563,537,Microplastic,118,363,165,397
c--11-_jpg.rf.LA7WVMwymKzwSzf8muUC.jpg,563,537,Microplastic,186,479,214,499
c--11-_jpg.rf.LA7WVMwymKzwSzf8muUC.jpg,563,537,Microplastic,313,512,377,536
c--12-_jpg.rf.Zn0ul7emRzsgyYWWCygd.jpg,563,537,Microplastic,205,105,222,126
c--12-_jpg.rf.Zn0ul7emRzsgyYWWCygd.jpg,563,537,Microplastic,193,110,206,122
c--12-_jpg.rf.Zn0ul7emRzsgyYWWCygd.jpg,563,537,Microplastic,341,114,359,128
c--12-_jpg.rf.Zn0ul7emRzsgyYWWCygd.jpg,563,537,Microplastic,371,150,394,175
c--12-_jpg.rf.Zn0ul7emRzsgyYWWCygd.jpg,563,537,Microplastic,500,190,521,220
c--12-_jpg.rf.Zn0ul7emRzsgyYWWCygd.jpg,563,537,Microplastic,470,250,501,272
c--12-_jpg.rf.Zn0ul7emRzsgyYWWCygd.jpg,563,537,Microplastic,344,271,391,310
c--12-_jpg.rf.Zn0ul7emRzsgyYWWCygd.jpg,563,537,Microplastic,165,319,184,347
c--12-_jpg.rf.Zn0ul7emRzsgyYWWCygd.jpg,563,537,Microplastic,255,344,283,378
c--12-_jpg.rf.Zn0ul7emRzsgyYWWCygd.jpg,563,537,Microplastic,0,342,19,386
c--12-_jpg.rf.Zn0ul7emRzsgyYWWCygd.jpg,563,537,Microplastic,459,359,504,402
c--12-_jpg.rf.Zn0ul7emRzsgyYWWCygd.jpg,563,537,Microplastic,189,518,270,536
c--109-_jpg.rf.LYxPYE0z2iY3LKbFrbjE.jpg,563,537,Microplastic,440,25,481,89
c--109-_jpg.rf.LYxPYE0z2iY3LKbFrbjE.jpg,563,537,Microplastic,311,85,341,117
c--109-_jpg.rf.LYxPYE0z2iY3LKbFrbjE.jpg,563,537,Microplastic,27,169,66,215
c--109-_jpg.rf.LYxPYE0z2iY3LKbFrbjE.jpg,563,537,Microplastic,0,215,32,298
c--109-_jpg.rf.LYxPYE0z2iY3LKbFrbjE.jpg,563,537,Microplastic,412,343,540,417
c--109-_jpg.rf.LYxPYE0z2iY3LKbFrbjE.jpg,563,537,Microplastic,16,478,49,512
c--118-_jpg.rf.o3Gu7XQSPpiUpEhemUQG.jpg,563,537,Microplastic,383,0,422,10
c--118-_jpg.rf.o3Gu7XQSPpiUpEhemUQG.jpg,563,537,Microplastic,285,62,326,117
c--118-_jpg.rf.o3Gu7XQSPpiUpEhemUQG.jpg,563,537,Microplastic,511,312,541,345
c--118-_jpg.rf.o3Gu7XQSPpiUpEhemUQG.jpg,563,537,Microplastic,492,349,542,385
c--118-_jpg.rf.o3Gu7XQSPpiUpEhemUQG.jpg,563,537,Microplastic,21,448,110,521
c--114-_jpg.rf.XIYG7zXzn4XsaVk3ZKEx.jpg,563,537,Microplastic,142,0,183,9
c--114-_jpg.rf.XIYG7zXzn4XsaVk3ZKEx.jpg,563,537,Microplastic,0,73,32,123
c--114-_jpg.rf.XIYG7zXzn4XsaVk3ZKEx.jpg,563,537,Microplastic,471,185,535,257
c--114-_jpg.rf.XIYG7zXzn4XsaVk3ZKEx.jpg,563,537,Microplastic,167,327,209,377
c--114-_jpg.rf.XIYG7zXzn4XsaVk3ZKEx.jpg,563,537,Microplastic,456,388,495,419
c--112-_jpg.rf.NTo5eHwa8KOtM1MvERPa.jpg,563,537,Microplastic,0,0,22,44
c--112-_jpg.rf.NTo5eHwa8KOtM1MvERPa.jpg,563,537,Microplastic,431,28,475,66
c--112-_jpg.rf.NTo5eHwa8KOtM1MvERPa.jpg,563,537,Microplastic,456,85,488,105
c--112-_jpg.rf.NTo5eHwa8KOtM1MvERPa.jpg,563,537,Microplastic,86,249,129,296
c--112-_jpg.rf.NTo5eHwa8KOtM1MvERPa.jpg,563,537,Microplastic,520,263,552,290
c--112-_jpg.rf.NTo5eHwa8KOtM1MvERPa.jpg,563,537,Microplastic,249,309,289,334
c--112-_jpg.rf.NTo5eHwa8KOtM1MvERPa.jpg,563,537,Microplastic,513,380,538,409
c--112-_jpg.rf.NTo5eHwa8KOtM1MvERPa.jpg,563,537,Microplastic,60,383,95,422
c--112-_jpg.rf.NTo5eHwa8KOtM1MvERPa.jpg,563,537,Microplastic,206,395,250,418
c--112-_jpg.rf.NTo5eHwa8KOtM1MvERPa.jpg,563,537,Microplastic,325,512,350,536
c--104-_jpg.rf.Mft5TrGnm4zfzsln8tgM.jpg,563,537,Microplastic,283,0,335,16
c--104-_jpg.rf.Mft5TrGnm4zfzsln8tgM.jpg,563,537,Microplastic,226,0,273,41
c--104-_jpg.rf.Mft5TrGnm4zfzsln8tgM.jpg,563,537,Microplastic,432,357,484,417
c--104-_jpg.rf.Mft5TrGnm4zfzsln8tgM.jpg,563,537,Microplastic,275,519,302,536
c--124-_jpg.rf.YdcTf29d6R8FBtcCHOS1.jpg,563,537,Microplastic,217,9,239,27
c--124-_jpg.rf.YdcTf29d6R8FBtcCHOS1.jpg,563,537,Microplastic,429,43,450,59
c--124-_jpg.rf.YdcTf29d6R8FBtcCHOS1.jpg,563,537,Microplastic,159,167,185,193
c--124-_jpg.rf.YdcTf29d6R8FBtcCHOS1.jpg,563,537,Microplastic,498,310,528,348
c--124-_jpg.rf.YdcTf29d6R8FBtcCHOS1.jpg,563,537,Microplastic,175,340,201,380
c--124-_jpg.rf.YdcTf29d6R8FBtcCHOS1.jpg,563,537,Microplastic,149,426,170,444
c--124-_jpg.rf.YdcTf29d6R8FBtcCHOS1.jpg,563,537,Microplastic,0,446,54,472
c--123-_jpg.rf.qR7uH9LWCRlqLhrELaqB.jpg,563,537,Microplastic,501,71,530,126
c--123-_jpg.rf.qR7uH9LWCRlqLhrELaqB.jpg,563,537,Microplastic,553,159,562,182
c--123-_jpg.rf.qR7uH9LWCRlqLhrELaqB.jpg,563,537,Microplastic,498,223,525,246
c--123-_jpg.rf.qR7uH9LWCRlqLhrELaqB.jpg,563,537,Microplastic,157,229,186,258
c--123-_jpg.rf.qR7uH9LWCRlqLhrELaqB.jpg,563,537,Microplastic,108,492,149,516
c--158-_jpg.rf.3Vsy1DYWRzGUKSzH6Jef.jpg,563,537,Microplastic,345,0,388,32
c--158-_jpg.rf.3Vsy1DYWRzGUKSzH6Jef.jpg,563,537,Microplastic,402,0,430,20
c--158-_jpg.rf.3Vsy1DYWRzGUKSzH6Jef.jpg,563,537,Microplastic,151,305,184,333
c--158-_jpg.rf.3Vsy1DYWRzGUKSzH6Jef.jpg,563,537,Microplastic,292,303,319,338
c--158-_jpg.rf.3Vsy1DYWRzGUKSzH6Jef.jpg,563,537,Microplastic,386,490,423,520
c--13-_jpg.rf.wCiW1qGr9ubzulJaDyVI.jpg,563,537,Microplastic,337,0,360,38
c--13-_jpg.rf.wCiW1qGr9ubzulJaDyVI.jpg,563,537,Microplastic,307,78,343,113
c--13-_jpg.rf.wCiW1qGr9ubzulJaDyVI.jpg,563,537,Microplastic,93,120,128,155
c--13-_jpg.rf.wCiW1qGr9ubzulJaDyVI.jpg,563,537,Microplastic,156,195,174,223
c--13-_jpg.rf.wCiW1qGr9ubzulJaDyVI.jpg,563,537,Microplastic,390,205,420,233
c--13-_jpg.rf.wCiW1qGr9ubzulJaDyVI.jpg,563,537,Microplastic,353,215,381,245
c--13-_jpg.rf.wCiW1qGr9ubzulJaDyVI.jpg,563,537,Microplastic,507,290,534,320
c--13-_jpg.rf.wCiW1qGr9ubzulJaDyVI.jpg,563,537,Microplastic,465,330,524,363
c--13-_jpg.rf.wCiW1qGr9ubzulJaDyVI.jpg,563,537,Microplastic,471,370,501,414
c--13-_jpg.rf.wCiW1qGr9ubzulJaDyVI.jpg,563,537,Microplastic,371,434,457,506
c--13-_jpg.rf.wCiW1qGr9ubzulJaDyVI.jpg,563,537,Microplastic,302,495,382,536
c--131-_jpg.rf.fUpGfhNlXXSsw7kisxWl.jpg,563,537,Microplastic,276,248,321,304
c--131-_jpg.rf.fUpGfhNlXXSsw7kisxWl.jpg,563,537,Microplastic,166,273,217,322
c--131-_jpg.rf.fUpGfhNlXXSsw7kisxWl.jpg,563,537,Microplastic,171,397,224,455
c--131-_jpg.rf.fUpGfhNlXXSsw7kisxWl.jpg,563,537,Microplastic,346,452,385,479
c--126-_jpg.rf.gXV1VvcPraZ3mFuonO2P.jpg,563,537,Microplastic,339,55,365,77
c--126-_jpg.rf.gXV1VvcPraZ3mFuonO2P.jpg,563,537,Microplastic,492,129,537,188
c--126-_jpg.rf.gXV1VvcPraZ3mFuonO2P.jpg,563,537,Microplastic,494,241,545,324
c--126-_jpg.rf.gXV1VvcPraZ3mFuonO2P.jpg,563,537,Microplastic,162,394,192,453
c--142-_jpg.rf.58MwaR6tn1z7tAJVKyKb.jpg,563,537,Microplastic,150,179,177,202
c--142-_jpg.rf.58MwaR6tn1z7tAJVKyKb.jpg,563,537,Microplastic,356,328,383,360
c--142-_jpg.rf.58MwaR6tn1z7tAJVKyKb.jpg,563,537,Microplastic,90,333,115,358
c--147-_jpg.rf.7HN57kH0REJm6oZXU5DA.jpg,563,537,Microplastic,260,175,285,203
c--147-_jpg.rf.7HN57kH0REJm6oZXU5DA.jpg,563,537,Microplastic,500,203,562,278
c--147-_jpg.rf.7HN57kH0REJm6oZXU5DA.jpg,563,537,Microplastic,455,420,495,458
c--119-_jpg.rf.zCxAJfiMyEjJtVuSmadQ.jpg,563,537,Microplastic,173,0,235,74
c--119-_jpg.rf.zCxAJfiMyEjJtVuSmadQ.jpg,563,537,Microplastic,312,237,339,277
c--119-_jpg.rf.zCxAJfiMyEjJtVuSmadQ.jpg,563,537,Microplastic,515,264,534,291
c--119-_jpg.rf.zCxAJfiMyEjJtVuSmadQ.jpg,563,537,Microplastic,496,353,528,387
c--119-_jpg.rf.zCxAJfiMyEjJtVuSmadQ.jpg,563,537,Microplastic,363,488,393,532
c--119-_jpg.rf.zCxAJfiMyEjJtVuSmadQ.jpg,563,537,Microplastic,316,508,343,536
c--133-_jpg.rf.tNfX1S4ctx61SfWpmQuF.jpg,563,537,Microplastic,525,28,554,63
c--133-_jpg.rf.tNfX1S4ctx61SfWpmQuF.jpg,563,537,Microplastic,487,78,499,105
d--1-_jpg.rf.75CMJX4AT897QelgycGT.jpg,353,336,Microplastic,127,73,220,190
c--157-_jpg.rf.Cea22fepWa9tNm4n2Vs7.jpg,563,537,Microplastic,17,125,71,174
c--157-_jpg.rf.Cea22fepWa9tNm4n2Vs7.jpg,563,537,Microplastic,102,279,144,325
c--157-_jpg.rf.Cea22fepWa9tNm4n2Vs7.jpg,563,537,Microplastic,476,345,505,372
c--157-_jpg.rf.Cea22fepWa9tNm4n2Vs7.jpg,563,537,Microplastic,0,345,7,380
c--159-_jpg.rf.PkMYvautKC6Dx2FRqtlQ.jpg,563,537,Microplastic,195,85,241,124
c--159-_jpg.rf.PkMYvautKC6Dx2FRqtlQ.jpg,563,537,Microplastic,18,152,47,180
c--159-_jpg.rf.PkMYvautKC6Dx2FRqtlQ.jpg,563,537,Microplastic,173,235,213,272
c--159-_jpg.rf.PkMYvautKC6Dx2FRqtlQ.jpg,563,537,Microplastic,11,293,39,324
c--159-_jpg.rf.PkMYvautKC6Dx2FRqtlQ.jpg,563,537,Microplastic,225,354,271,389
c--159-_jpg.rf.PkMYvautKC6Dx2FRqtlQ.jpg,563,537,Microplastic,431,397,479,439
c--149-_jpg.rf.FPaDobgWWT1KLcWwYscL.jpg,563,537,Microplastic,377,0,398,5
c--149-_jpg.rf.FPaDobgWWT1KLcWwYscL.jpg,563,537,Microplastic,458,192,519,257
c--162-_jpg.rf.6FM8i6QqFMb0BzlzPqc2.jpg,563,537,Microplastic,378,4,416,29
c--162-_jpg.rf.6FM8i6QqFMb0BzlzPqc2.jpg,563,537,Microplastic,485,19,510,51
c--162-_jpg.rf.6FM8i6QqFMb0BzlzPqc2.jpg,563,537,Microplastic,108,114,133,132
c--162-_jpg.rf.6FM8i6QqFMb0BzlzPqc2.jpg,563,537,Microplastic,73,287,93,313
c--162-_jpg.rf.6FM8i6QqFMb0BzlzPqc2.jpg,563,537,Microplastic,135,390,166,413
c--162-_jpg.rf.6FM8i6QqFMb0BzlzPqc2.jpg,563,537,Microplastic,433,435,477,485
c--162-_jpg.rf.6FM8i6QqFMb0BzlzPqc2.jpg,563,537,Microplastic,11,475,33,504
c--162-_jpg.rf.6FM8i6QqFMb0BzlzPqc2.jpg,563,537,Microplastic,356,499,390,523
c--162-_jpg.rf.6FM8i6QqFMb0BzlzPqc2.jpg,563,537,Microplastic,356,519,390,536
c--162-_jpg.rf.6FM8i6QqFMb0BzlzPqc2.jpg,563,537,Microplastic,110,529,126,536
c--152-_jpg.rf.3QvcK1yquhD96s6Sqize.jpg,563,537,Microplastic,0,0,34,65
c--152-_jpg.rf.3QvcK1yquhD96s6Sqize.jpg,563,537,Microplastic,363,174,414,241
c--152-_jpg.rf.3QvcK1yquhD96s6Sqize.jpg,563,537,Microplastic,510,319,548,356
c--166-_jpg.rf.95yolo9GcrjumRxY4qDh.jpg,563,537,Microplastic,482,225,520,258
c--166-_jpg.rf.95yolo9GcrjumRxY4qDh.jpg,563,537,Microplastic,36,237,61,266
c--166-_jpg.rf.95yolo9GcrjumRxY4qDh.jpg,563,537,Microplastic,416,384,467,430
c--166-_jpg.rf.95yolo9GcrjumRxY4qDh.jpg,563,537,Microplastic,268,432,323,483
c--144-_jpg.rf.Di7vDpNvmrIeQ08vKBqv.jpg,563,537,Microplastic,0,88,16,137
c--144-_jpg.rf.Di7vDpNvmrIeQ08vKBqv.jpg,563,537,Microplastic,405,342,500,406
c--144-_jpg.rf.Di7vDpNvmrIeQ08vKBqv.jpg,563,537,Microplastic,56,515,118,536
c--138-_jpg.rf.GEwOl86j1x28iUkZho0M.jpg,563,537,Microplastic,365,134,415,196
c--138-_jpg.rf.GEwOl86j1x28iUkZho0M.jpg,563,537,Microplastic,86,185,131,236
c--138-_jpg.rf.GEwOl86j1x28iUkZho0M.jpg,563,537,Microplastic,67,323,101,368
c--138-_jpg.rf.GEwOl86j1x28iUkZho0M.jpg,563,537,Microplastic,53,474,78,515
c--143-_jpg.rf.UtxIKSstXDwu6V5tFuC1.jpg,563,537,Microplastic,372,0,395,8
c--143-_jpg.rf.UtxIKSstXDwu6V5tFuC1.jpg,563,537,Microplastic,440,52,474,79
c--143-_jpg.rf.UtxIKSstXDwu6V5tFuC1.jpg,563,537,Microplastic,455,88,494,121
c--143-_jpg.rf.UtxIKSstXDwu6V5tFuC1.jpg,563,537,Microplastic,103,118,137,152
c--143-_jpg.rf.UtxIKSstXDwu6V5tFuC1.jpg,563,537,Microplastic,97,273,136,302
c--16-_jpg.rf.Iaqn6vRYGEVb9bxVfZBX.jpg,563,537,Microplastic,0,0,27,19
c--16-_jpg.rf.Iaqn6vRYGEVb9bxVfZBX.jpg,563,537,Microplastic,388,27,425,61
c--16-_jpg.rf.Iaqn6vRYGEVb9bxVfZBX.jpg,563,537,Microplastic,402,59,429,78
c--16-_jpg.rf.Iaqn6vRYGEVb9bxVfZBX.jpg,563,537,Microplastic,383,77,415,102
c--16-_jpg.rf.Iaqn6vRYGEVb9bxVfZBX.jpg,563,537,Microplastic,240,157,275,205
c--16-_jpg.rf.Iaqn6vRYGEVb9bxVfZBX.jpg,563,537,Microplastic,483,205,534,250
c--16-_jpg.rf.Iaqn6vRYGEVb9bxVfZBX.jpg,563,537,Microplastic,50,215,84,257
c--16-_jpg.rf.Iaqn6vRYGEVb9bxVfZBX.jpg,563,537,Microplastic,256,255,277,275
c--16-_jpg.rf.Iaqn6vRYGEVb9bxVfZBX.jpg,563,537,Microplastic,181,275,221,324
c--16-_jpg.rf.Iaqn6vRYGEVb9bxVfZBX.jpg,563,537,Microplastic,55,305,74,325
c--16-_jpg.rf.Iaqn6vRYGEVb9bxVfZBX.jpg,563,537,Microplastic,0,497,13,525
c--16-_jpg.rf.Iaqn6vRYGEVb9bxVfZBX.jpg,563,537,Microplastic,306,498,359,536
c--16-_jpg.rf.Iaqn6vRYGEVb9bxVfZBX.jpg,563,537,Microplastic,41,517,75,536
c--154-_jpg.rf.S1RqfIQFhQ8u8tPn1NYF.jpg,563,537,Microplastic,366,90,390,117
c--154-_jpg.rf.S1RqfIQFhQ8u8tPn1NYF.jpg,563,537,Microplastic,142,205,177,240
c--154-_jpg.rf.S1RqfIQFhQ8u8tPn1NYF.jpg,563,537,Microplastic,252,433,277,454
c--135-_jpg.rf.iVe2sNZ21s5eW5RMNcOP.jpg,563,537,Microplastic,380,0,406,8
c--135-_jpg.rf.iVe2sNZ21s5eW5RMNcOP.jpg,563,537,Microplastic,391,28,415,47
c--135-_jpg.rf.iVe2sNZ21s5eW5RMNcOP.jpg,563,537,Microplastic,118,25,154,61
c--135-_jpg.rf.iVe2sNZ21s5eW5RMNcOP.jpg,563,537,Microplastic,448,53,473,75
c--135-_jpg.rf.iVe2sNZ21s5eW5RMNcOP.jpg,563,537,Microplastic,242,45,331,107
c--135-_jpg.rf.iVe2sNZ21s5eW5RMNcOP.jpg,563,537,Microplastic,366,419,415,454
c--165-_jpg.rf.TJ0vBJl3W6jI2Hu4YYj6.jpg,563,537,Microplastic,485,133,529,173
c--165-_jpg.rf.TJ0vBJl3W6jI2Hu4YYj6.jpg,563,537,Microplastic,505,174,529,200
c--165-_jpg.rf.TJ0vBJl3W6jI2Hu4YYj6.jpg,563,537,Microplastic,70,205,99,258
c--165-_jpg.rf.TJ0vBJl3W6jI2Hu4YYj6.jpg,563,537,Microplastic,416,487,441,526
c--156-_jpg.rf.enLwt4prsl3FJBRmu0Qg.jpg,563,537,Microplastic,370,5,398,24
c--156-_jpg.rf.enLwt4prsl3FJBRmu0Qg.jpg,563,537,Microplastic,275,72,296,92
c--156-_jpg.rf.enLwt4prsl3FJBRmu0Qg.jpg,563,537,Microplastic,81,258,124,323
c--155-_jpg.rf.ThSUD2ltwapz0N9X3J5m.jpg,563,537,Microplastic,440,102,462,123
c--155-_jpg.rf.ThSUD2ltwapz0N9X3J5m.jpg,563,537,Microplastic,345,210,382,243
c--155-_jpg.rf.ThSUD2ltwapz0N9X3J5m.jpg,563,537,Microplastic,145,295,171,322
c--155-_jpg.rf.ThSUD2ltwapz0N9X3J5m.jpg,563,537,Microplastic,165,528,236,536
c--14-_jpg.rf.NLzmoz2wwAT6XEsudNvx.jpg,563,537,Microplastic,0,27,16,91
c--14-_jpg.rf.NLzmoz2wwAT6XEsudNvx.jpg,563,537,Microplastic,447,52,477,86
c--14-_jpg.rf.NLzmoz2wwAT6XEsudNvx.jpg,563,537,Microplastic,496,125,531,186
c--14-_jpg.rf.NLzmoz2wwAT6XEsudNvx.jpg,563,537,Microplastic,516,300,544,351
c--14-_jpg.rf.NLzmoz2wwAT6XEsudNvx.jpg,563,537,Microplastic,76,347,149,385
c--14-_jpg.rf.NLzmoz2wwAT6XEsudNvx.jpg,563,537,Microplastic,473,403,505,453
c--14-_jpg.rf.NLzmoz2wwAT6XEsudNvx.jpg,563,537,Microplastic,407,469,453,518
c--14-_jpg.rf.NLzmoz2wwAT6XEsudNvx.jpg,563,537,Microplastic,33,525,74,536
c--137-_jpg.rf.cj5w2hQAWxPduDJk76ca.jpg,563,537,Microplastic,296,429,359,501
c--160-_jpg.rf.BcpC4JmNDwLAZvt0dzhl.jpg,563,537,Microplastic,412,37,475,91
c--160-_jpg.rf.BcpC4JmNDwLAZvt0dzhl.jpg,563,537,Microplastic,306,468,343,498
c--160-_jpg.rf.BcpC4JmNDwLAZvt0dzhl.jpg,563,537,Microplastic,217,525,253,536
c--141-_jpg.rf.kWpUQI0tBlI7fpqWgPj7.jpg,563,537,Microplastic,441,135,499,185
c--141-_jpg.rf.kWpUQI0tBlI7fpqWgPj7.jpg,563,537,Microplastic,517,189,540,217
c--141-_jpg.rf.kWpUQI0tBlI7fpqWgPj7.jpg,563,537,Microplastic,208,192,234,227
c--141-_jpg.rf.kWpUQI0tBlI7fpqWgPj7.jpg,563,537,Microplastic,466,508,484,536
c--146-_jpg.rf.xrokFfVOdoGyt8goo2xP.jpg,563,537,Microplastic,482,142,529,191
c--146-_jpg.rf.xrokFfVOdoGyt8goo2xP.jpg,563,537,Microplastic,168,518,218,536
c--151-_jpg.rf.zguxcEdz5xit5Oqj6YJf.jpg,563,537,Microplastic,16,495,59,526
c--151-_jpg.rf.zguxcEdz5xit5Oqj6YJf.jpg,563,537,Microplastic,238,520,280,536
c--140-_jpg.rf.qC83rg8ySL70vlGO3h9y.jpg,563,537,Microplastic,153,0,190,9
c--140-_jpg.rf.qC83rg8ySL70vlGO3h9y.jpg,563,537,Microplastic,188,154,216,183
c--140-_jpg.rf.qC83rg8ySL70vlGO3h9y.jpg,563,537,Microplastic,266,193,299,229
c--140-_jpg.rf.qC83rg8ySL70vlGO3h9y.jpg,563,537,Microplastic,136,229,167,266
c--140-_jpg.rf.qC83rg8ySL70vlGO3h9y.jpg,563,537,Microplastic,371,302,391,330
c--140-_jpg.rf.qC83rg8ySL70vlGO3h9y.jpg,563,537,Microplastic,332,423,366,463
c--140-_jpg.rf.qC83rg8ySL70vlGO3h9y.jpg,563,537,Microplastic,147,448,201,486
c--140-_jpg.rf.qC83rg8ySL70vlGO3h9y.jpg,563,537,Microplastic,73,487,176,536
c--140-_jpg.rf.qC83rg8ySL70vlGO3h9y.jpg,563,537,Microplastic,351,504,398,536
c--164-_jpg.rf.GSPyIDoWSzkncEXPgSaB.jpg,563,537,Microplastic,468,284,491,346
c--164-_jpg.rf.GSPyIDoWSzkncEXPgSaB.jpg,563,537,Microplastic,253,363,282,394
c--164-_jpg.rf.GSPyIDoWSzkncEXPgSaB.jpg,563,537,Microplastic,446,359,481,409
c--163-_jpg.rf.tbd25D9UevK4o4fVoaTR.jpg,563,537,Microplastic,435,0,468,27
c--163-_jpg.rf.tbd25D9UevK4o4fVoaTR.jpg,563,537,Microplastic,195,157,214,187
c--163-_jpg.rf.tbd25D9UevK4o4fVoaTR.jpg,563,537,Microplastic,36,195,58,215
c--163-_jpg.rf.tbd25D9UevK4o4fVoaTR.jpg,563,537,Microplastic,458,303,494,325
c--163-_jpg.rf.tbd25D9UevK4o4fVoaTR.jpg,563,537,Microplastic,469,315,505,355
c--99-_jpg.rf.3BEfoEx8SnWBgl4cyUvt.jpg,563,537,Microplastic,414,83,478,142
c--99-_jpg.rf.3BEfoEx8SnWBgl4cyUvt.jpg,563,537,Microplastic,156,147,169,161
c--99-_jpg.rf.3BEfoEx8SnWBgl4cyUvt.jpg,563,537,Microplastic,35,469,69,508
c--97-_jpg.rf.5EnTNV8M8HYjxP6migpr.jpg,563,537,Microplastic,355,16,381,49
c--97-_jpg.rf.5EnTNV8M8HYjxP6migpr.jpg,563,537,Microplastic,356,158,370,175
c--97-_jpg.rf.5EnTNV8M8HYjxP6migpr.jpg,563,537,Microplastic,429,165,468,220
c--97-_jpg.rf.5EnTNV8M8HYjxP6migpr.jpg,563,537,Microplastic,491,328,538,372
c--97-_jpg.rf.5EnTNV8M8HYjxP6migpr.jpg,563,537,Microplastic,475,436,513,471
d--69-_jpg.rf.2dmkYMn2obpOpoi98djP.jpg,563,537,Microplastic,163,0,258,35
d--69-_jpg.rf.2dmkYMn2obpOpoi98djP.jpg,563,537,Microplastic,149,211,264,323
d--69-_jpg.rf.2dmkYMn2obpOpoi98djP.jpg,563,537,Microplastic,266,242,411,341
c--91-_jpg.rf.ICBXPSULwh3aI0N3mys4.jpg,563,537,Microplastic,480,214,521,252
c--91-_jpg.rf.ICBXPSULwh3aI0N3mys4.jpg,563,537,Microplastic,173,405,207,436
f--103-_jpg.rf.4iQJGUY4r7Sirm7IoGft.jpg,563,537,Microplastic,276,8,315,44
f--103-_jpg.rf.4iQJGUY4r7Sirm7IoGft.jpg,563,537,Microplastic,201,45,250,90
f--103-_jpg.rf.4iQJGUY4r7Sirm7IoGft.jpg,563,537,Microplastic,402,86,446,128
f--103-_jpg.rf.4iQJGUY4r7Sirm7IoGft.jpg,563,537,Microplastic,373,238,387,258
f--103-_jpg.rf.4iQJGUY4r7Sirm7IoGft.jpg,563,537,Microplastic,299,259,309,267
f--103-_jpg.rf.4iQJGUY4r7Sirm7IoGft.jpg,563,537,Microplastic,203,311,211,319
f--103-_jpg.rf.4iQJGUY4r7Sirm7IoGft.jpg,563,537,Microplastic,402,337,409,344
f--103-_jpg.rf.4iQJGUY4r7Sirm7IoGft.jpg,563,537,Microplastic,72,339,106,366
f--103-_jpg.rf.4iQJGUY4r7Sirm7IoGft.jpg,563,537,Microplastic,428,389,477,442
f--103-_jpg.rf.4iQJGUY4r7Sirm7IoGft.jpg,563,537,Microplastic,286,413,296,424
f--103-_jpg.rf.4iQJGUY4r7Sirm7IoGft.jpg,563,537,Microplastic,225,417,236,429
f--103-_jpg.rf.4iQJGUY4r7Sirm7IoGft.jpg,563,537,Microplastic,0,475,39,536
d--45-_jpg.rf.KeGBZ5TwjbrBCxQSM6gt.jpg,563,537,Microplastic,133,0,256,38
d--45-_jpg.rf.KeGBZ5TwjbrBCxQSM6gt.jpg,563,537,Microplastic,0,0,146,153
d--58-_jpg.rf.JiaYmQIUG6JweFq2CZKP.jpg,563,537,Microplastic,0,29,122,138
d--58-_jpg.rf.JiaYmQIUG6JweFq2CZKP.jpg,563,537,Microplastic,114,53,211,145
d--58-_jpg.rf.JiaYmQIUG6JweFq2CZKP.jpg,563,537,Microplastic,517,258,562,395
d--58-_jpg.rf.JiaYmQIUG6JweFq2CZKP.jpg,563,537,Microplastic,326,394,448,512
c--96-_jpg.rf.I2YL5oJqFlP2suDaOWMD.jpg,563,537,Microplastic,340,125,354,145
c--96-_jpg.rf.I2YL5oJqFlP2suDaOWMD.jpg,563,537,Microplastic,273,323,302,354
c--96-_jpg.rf.I2YL5oJqFlP2suDaOWMD.jpg,563,537,Microplastic,155,348,174,371
c--96-_jpg.rf.I2YL5oJqFlP2suDaOWMD.jpg,563,537,Microplastic,266,366,302,400
c--96-_jpg.rf.I2YL5oJqFlP2suDaOWMD.jpg,563,537,Microplastic,326,495,362,536
d--85-_jpg.rf.OlkGP0kSljGdycevHx7P.jpg,563,537,Microplastic,30,0,161,43
d--85-_jpg.rf.OlkGP0kSljGdycevHx7P.jpg,563,537,Microplastic,333,0,507,116
d--85-_jpg.rf.OlkGP0kSljGdycevHx7P.jpg,563,537,Microplastic,97,456,204,536
c--153-_jpg.rf.VX57m7Rdv80YZF5rCFLo.jpg,563,537,Microplastic,0,0,24,38
c--153-_jpg.rf.VX57m7Rdv80YZF5rCFLo.jpg,563,537,Microplastic,465,219,539,269
c--153-_jpg.rf.VX57m7Rdv80YZF5rCFLo.jpg,563,537,Microplastic,282,308,305,341
c--153-_jpg.rf.VX57m7Rdv80YZF5rCFLo.jpg,563,537,Microplastic,357,434,391,465
d--75-_jpg.rf.SR2e9NM8tzZwc1NJDP0V.jpg,563,537,Microplastic,0,0,57,106
d--75-_jpg.rf.SR2e9NM8tzZwc1NJDP0V.jpg,563,537,Microplastic,496,87,562,200
d--75-_jpg.rf.SR2e9NM8tzZwc1NJDP0V.jpg,563,537,Microplastic,414,326,543,462
d--75-_jpg.rf.SR2e9NM8tzZwc1NJDP0V.jpg,563,537,Microplastic,221,477,410,536
c--94-_jpg.rf.OmlsQ7bysE8v94cKFUh4.jpg,563,537,Microplastic,451,23,480,54
c--94-_jpg.rf.OmlsQ7bysE8v94cKFUh4.jpg,563,537,Microplastic,470,57,505,92
c--94-_jpg.rf.OmlsQ7bysE8v94cKFUh4.jpg,563,537,Microplastic,376,134,394,155
c--94-_jpg.rf.OmlsQ7bysE8v94cKFUh4.jpg,563,537,Microplastic,121,209,139,233
c--94-_jpg.rf.OmlsQ7bysE8v94cKFUh4.jpg,563,537,Microplastic,546,249,562,271
c--94-_jpg.rf.OmlsQ7bysE8v94cKFUh4.jpg,563,537,Microplastic,513,293,553,335
c--94-_jpg.rf.OmlsQ7bysE8v94cKFUh4.jpg,563,537,Microplastic,416,315,440,338
c--94-_jpg.rf.OmlsQ7bysE8v94cKFUh4.jpg,563,537,Microplastic,116,349,128,372
d--43-_jpg.rf.WjXMGRy40U6EVzTj9EFv.jpg,563,537,Microplastic,0,137,93,230
d--43-_jpg.rf.WjXMGRy40U6EVzTj9EFv.jpg,563,537,Microplastic,0,233,118,319
d--43-_jpg.rf.WjXMGRy40U6EVzTj9EFv.jpg,563,537,Microplastic,401,0,540,76
c--87-_jpg.rf.Y16xwbpORxnp8yRx39f8.jpg,563,537,Microplastic,446,60,465,78
c--87-_jpg.rf.Y16xwbpORxnp8yRx39f8.jpg,563,537,Microplastic,298,65,323,86
c--87-_jpg.rf.Y16xwbpORxnp8yRx39f8.jpg,563,537,Microplastic,26,123,47,145
c--87-_jpg.rf.Y16xwbpORxnp8yRx39f8.jpg,563,537,Microplastic,61,127,83,149
c--87-_jpg.rf.Y16xwbpORxnp8yRx39f8.jpg,563,537,Microplastic,470,129,499,155
c--87-_jpg.rf.Y16xwbpORxnp8yRx39f8.jpg,563,537,Microplastic,345,135,360,159
c--87-_jpg.rf.Y16xwbpORxnp8yRx39f8.jpg,563,537,Microplastic,83,172,111,207
c--87-_jpg.rf.Y16xwbpORxnp8yRx39f8.jpg,563,537,Microplastic,302,348,323,373
c--148-_jpg.rf.kHtcwrieUbYpSLbHFldv.jpg,563,537,Microplastic,0,0,27,16
c--148-_jpg.rf.kHtcwrieUbYpSLbHFldv.jpg,563,537,Microplastic,0,5,30,35
c--148-_jpg.rf.kHtcwrieUbYpSLbHFldv.jpg,563,537,Microplastic,16,80,37,116
c--148-_jpg.rf.kHtcwrieUbYpSLbHFldv.jpg,563,537,Microplastic,456,139,492,168
d--42-_jpg.rf.T1P8iDUnviy0am1T7GXj.jpg,563,537,Microplastic,0,211,36,314
d--42-_jpg.rf.T1P8iDUnviy0am1T7GXj.jpg,563,537,Microplastic,152,169,246,276
f--11-_jpg.rf.XvF9Zk1pKtQMCnggOiXu.jpg,563,537,Microplastic,146,0,244,55
f--11-_jpg.rf.XvF9Zk1pKtQMCnggOiXu.jpg,563,537,Microplastic,0,181,34,244
f--11-_jpg.rf.XvF9Zk1pKtQMCnggOiXu.jpg,563,537,Microplastic,194,290,258,360
f--11-_jpg.rf.XvF9Zk1pKtQMCnggOiXu.jpg,563,537,Microplastic,534,363,547,372
f--11-_jpg.rf.XvF9Zk1pKtQMCnggOiXu.jpg,563,537,Microplastic,468,377,534,446
f--11-_jpg.rf.XvF9Zk1pKtQMCnggOiXu.jpg,563,537,Microplastic,393,456,436,500
f--11-_jpg.rf.XvF9Zk1pKtQMCnggOiXu.jpg,563,537,Microplastic,433,478,475,517
f--11-_jpg.rf.XvF9Zk1pKtQMCnggOiXu.jpg,563,537,Microplastic,92,509,105,522
c--93-_jpg.rf.aP12fBuUANFuXL8jPcGi.jpg,563,537,Microplastic,225,134,251,156
c--93-_jpg.rf.aP12fBuUANFuXL8jPcGi.jpg,563,537,Microplastic,361,144,385,160
c--93-_jpg.rf.aP12fBuUANFuXL8jPcGi.jpg,563,537,Microplastic,38,148,64,166
c--93-_jpg.rf.aP12fBuUANFuXL8jPcGi.jpg,563,537,Microplastic,326,155,344,179
c--93-_jpg.rf.aP12fBuUANFuXL8jPcGi.jpg,563,537,Microplastic,303,212,326,241
c--93-_jpg.rf.aP12fBuUANFuXL8jPcGi.jpg,563,537,Microplastic,430,254,450,282
c--93-_jpg.rf.aP12fBuUANFuXL8jPcGi.jpg,563,537,Microplastic,451,398,530,455
d--54-_jpg.rf.gcAFXUZ1YtEBTr9innqD.jpg,563,537,Microplastic,260,0,439,43
d--54-_jpg.rf.gcAFXUZ1YtEBTr9innqD.jpg,563,537,Microplastic,109,220,294,444
d--54-_jpg.rf.gcAFXUZ1YtEBTr9innqD.jpg,563,537,Microplastic,276,282,452,470
c--98-_jpg.rf.c4QLPGFhmnuRNgrcz8H7.jpg,563,537,Microplastic,0,5,19,47
c--98-_jpg.rf.c4QLPGFhmnuRNgrcz8H7.jpg,563,537,Microplastic,89,24,112,56
c--98-_jpg.rf.c4QLPGFhmnuRNgrcz8H7.jpg,563,537,Microplastic,258,44,276,57
c--88-_jpg.rf.iuW8yTc2ueRRzrA5cJBf.jpg,563,537,Microplastic,452,13,473,24
c--88-_jpg.rf.iuW8yTc2ueRRzrA5cJBf.jpg,563,537,Microplastic,360,82,376,107
c--88-_jpg.rf.iuW8yTc2ueRRzrA5cJBf.jpg,563,537,Microplastic,513,138,535,162
c--88-_jpg.rf.iuW8yTc2ueRRzrA5cJBf.jpg,563,537,Microplastic,376,142,400,164
c--88-_jpg.rf.iuW8yTc2ueRRzrA5cJBf.jpg,563,537,Microplastic,356,152,371,171
c--88-_jpg.rf.iuW8yTc2ueRRzrA5cJBf.jpg,563,537,Microplastic,22,177,50,193
c--88-_jpg.rf.iuW8yTc2ueRRzrA5cJBf.jpg,563,537,Microplastic,520,203,542,238
c--88-_jpg.rf.iuW8yTc2ueRRzrA5cJBf.jpg,563,537,Microplastic,125,313,146,341
c--88-_jpg.rf.iuW8yTc2ueRRzrA5cJBf.jpg,563,537,Microplastic,522,325,545,345
c--89-_jpg.rf.h36FpzIZOw7PMWiQL7oo.jpg,563,537,Microplastic,55,95,80,118
c--89-_jpg.rf.h36FpzIZOw7PMWiQL7oo.jpg,563,537,Microplastic,290,102,321,116
c--89-_jpg.rf.h36FpzIZOw7PMWiQL7oo.jpg,563,537,Microplastic,400,100,418,127
c--89-_jpg.rf.h36FpzIZOw7PMWiQL7oo.jpg,563,537,Microplastic,76,119,104,150
c--89-_jpg.rf.h36FpzIZOw7PMWiQL7oo.jpg,563,537,Microplastic,110,147,131,184
c--89-_jpg.rf.h36FpzIZOw7PMWiQL7oo.jpg,563,537,Microplastic,352,408,381,439
c--89-_jpg.rf.h36FpzIZOw7PMWiQL7oo.jpg,563,537,Microplastic,423,465,444,490
c--89-_jpg.rf.h36FpzIZOw7PMWiQL7oo.jpg,563,537,Microplastic,406,488,428,510
c--89-_jpg.rf.h36FpzIZOw7PMWiQL7oo.jpg,563,537,Microplastic,320,519,351,536
c--89-_jpg.rf.h36FpzIZOw7PMWiQL7oo.jpg,563,537,Microplastic,108,525,148,536
f--134-_jpg.rf.IPVF73C38NMGfNkmeWLj.jpg,563,537,Microplastic,337,0,391,48
f--134-_jpg.rf.IPVF73C38NMGfNkmeWLj.jpg,563,537,Microplastic,205,219,313,309
f--134-_jpg.rf.IPVF73C38NMGfNkmeWLj.jpg,563,537,Microplastic,50,307,177,398
f--134-_jpg.rf.IPVF73C38NMGfNkmeWLj.jpg,563,537,Microplastic,0,417,112,501
f--134-_jpg.rf.IPVF73C38NMGfNkmeWLj.jpg,563,537,Microplastic,259,502,329,536
d--81-_jpg.rf.f4SQMEcuXfKJj1wC0srK.jpg,563,537,Microplastic,0,0,123,82
d--81-_jpg.rf.f4SQMEcuXfKJj1wC0srK.jpg,563,537,Microplastic,311,60,439,173
d--81-_jpg.rf.f4SQMEcuXfKJj1wC0srK.jpg,563,537,Microplastic,468,211,562,335
d--81-_jpg.rf.f4SQMEcuXfKJj1wC0srK.jpg,563,537,Microplastic,340,438,439,536
d--17-_jpg.rf.uamsvDtiHArkxzD6TeeO.jpg,563,537,Microplastic,0,87,77,179
d--17-_jpg.rf.uamsvDtiHArkxzD6TeeO.jpg,563,537,Microplastic,87,216,202,318
d--17-_jpg.rf.uamsvDtiHArkxzD6TeeO.jpg,563,537,Microplastic,351,435,478,536
d--57-_jpg.rf.jmcgBSgNnlk4MedPArt7.jpg,563,537,Microplastic,448,106,543,216
d--57-_jpg.rf.jmcgBSgNnlk4MedPArt7.jpg,563,537,Microplastic,494,391,562,514
d--57-_jpg.rf.jmcgBSgNnlk4MedPArt7.jpg,563,537,Microplastic,0,312,75,438
d--57-_jpg.rf.jmcgBSgNnlk4MedPArt7.jpg,563,537,Microplastic,84,473,235,536
d--6-_jpg.rf.jeRHAgoNrLh0qPB5865f.jpg,563,537,Microplastic,4,79,152,363
d--14-_jpg.rf.Zm5rwIuOT7TXONtIdHwj.jpg,563,537,Microplastic,148,0,270,44
d--14-_jpg.rf.Zm5rwIuOT7TXONtIdHwj.jpg,563,537,Microplastic,237,73,358,190
d--14-_jpg.rf.Zm5rwIuOT7TXONtIdHwj.jpg,563,537,Microplastic,165,400,288,521
d--68-_jpg.rf.1pihGZhPQdgU15neZl0w.jpg,563,537,Microplastic,235,0,377,69
d--68-_jpg.rf.1pihGZhPQdgU15neZl0w.jpg,563,537,Microplastic,0,92,34,199
d--68-_jpg.rf.1pihGZhPQdgU15neZl0w.jpg,563,537,Microplastic,131,284,286,380
d--68-_jpg.rf.1pihGZhPQdgU15neZl0w.jpg,563,537,Microplastic,440,276,548,362
d--18-_jpg.rf.zGWSmkgvtvezAVhH4CxF.jpg,563,537,Microplastic,61,0,210,96
d--18-_jpg.rf.zGWSmkgvtvezAVhH4CxF.jpg,563,537,Microplastic,86,240,282,420
d--18-_jpg.rf.zGWSmkgvtvezAVhH4CxF.jpg,563,537,Microplastic,478,318,562,417
185_jpg.rf.0HZPKMewMaiMVjxzVVr4.jpg,563,537,Microplastic,42,0,72,23
185_jpg.rf.0HZPKMewMaiMVjxzVVr4.jpg,563,537,Microplastic,442,42,481,79
185_jpg.rf.0HZPKMewMaiMVjxzVVr4.jpg,563,537,Microplastic,159,80,184,101
185_jpg.rf.0HZPKMewMaiMVjxzVVr4.jpg,563,537,Microplastic,217,79,237,103
185_jpg.rf.0HZPKMewMaiMVjxzVVr4.jpg,563,537,Microplastic,222,145,251,188
185_jpg.rf.0HZPKMewMaiMVjxzVVr4.jpg,563,537,Microplastic,312,194,338,212
185_jpg.rf.0HZPKMewMaiMVjxzVVr4.jpg,563,537,Microplastic,254,195,278,224
185_jpg.rf.0HZPKMewMaiMVjxzVVr4.jpg,563,537,Microplastic,92,175,145,245
185_jpg.rf.0HZPKMewMaiMVjxzVVr4.jpg,563,537,Microplastic,30,205,89,244
185_jpg.rf.0HZPKMewMaiMVjxzVVr4.jpg,563,537,Microplastic,314,229,331,244
185_jpg.rf.0HZPKMewMaiMVjxzVVr4.jpg,563,537,Microplastic,282,265,293,280
185_jpg.rf.0HZPKMewMaiMVjxzVVr4.jpg,563,537,Microplastic,79,285,128,355
185_jpg.rf.0HZPKMewMaiMVjxzVVr4.jpg,563,537,Microplastic,385,320,415,367
185_jpg.rf.0HZPKMewMaiMVjxzVVr4.jpg,563,537,Microplastic,240,347,260,371
185_jpg.rf.0HZPKMewMaiMVjxzVVr4.jpg,563,537,Microplastic,317,349,336,385
185_jpg.rf.0HZPKMewMaiMVjxzVVr4.jpg,563,537,Microplastic,342,355,358,384
185_jpg.rf.0HZPKMewMaiMVjxzVVr4.jpg,563,537,Microplastic,476,421,504,451
1_jpg.rf.EB1pqIys5eLOOS4oRNhc.jpg,563,537,Microplastic,438,97,473,124
1_jpg.rf.EB1pqIys5eLOOS4oRNhc.jpg,563,537,Microplastic,239,124,252,140
1_jpg.rf.EB1pqIys5eLOOS4oRNhc.jpg,563,537,Microplastic,270,137,281,150
1_jpg.rf.EB1pqIys5eLOOS4oRNhc.jpg,563,537,Microplastic,237,152,250,162
1_jpg.rf.EB1pqIys5eLOOS4oRNhc.jpg,563,537,Microplastic,264,155,277,167
1_jpg.rf.EB1pqIys5eLOOS4oRNhc.jpg,563,537,Microplastic,145,159,158,171
1_jpg.rf.EB1pqIys5eLOOS4oRNhc.jpg,563,537,Microplastic,173,160,186,170
1_jpg.rf.EB1pqIys5eLOOS4oRNhc.jpg,563,537,Microplastic,301,166,325,187
1_jpg.rf.EB1pqIys5eLOOS4oRNhc.jpg,563,537,Microplastic,213,177,225,188
1_jpg.rf.EB1pqIys5eLOOS4oRNhc.jpg,563,537,Microplastic,177,200,190,215
1_jpg.rf.EB1pqIys5eLOOS4oRNhc.jpg,563,537,Microplastic,116,196,158,230
1_jpg.rf.EB1pqIys5eLOOS4oRNhc.jpg,563,537,Microplastic,47,242,77,265
1_jpg.rf.EB1pqIys5eLOOS4oRNhc.jpg,563,537,Microplastic,391,281,405,310
1_jpg.rf.EB1pqIys5eLOOS4oRNhc.jpg,563,537,Microplastic,120,302,147,321
1_jpg.rf.EB1pqIys5eLOOS4oRNhc.jpg,563,537,Microplastic,281,302,302,324
1_jpg.rf.EB1pqIys5eLOOS4oRNhc.jpg,563,537,Microplastic,178,317,203,333
1_jpg.rf.EB1pqIys5eLOOS4oRNhc.jpg,563,537,Microplastic,351,329,367,342
1_jpg.rf.EB1pqIys5eLOOS4oRNhc.jpg,563,537,Microplastic,399,341,416,363
1_jpg.rf.EB1pqIys5eLOOS4oRNhc.jpg,563,537,Microplastic,381,359,405,394
1_jpg.rf.EB1pqIys5eLOOS4oRNhc.jpg,563,537,Microplastic,356,384,373,399
1_jpg.rf.EB1pqIys5eLOOS4oRNhc.jpg,563,537,Microplastic,325,381,336,403
1_jpg.rf.EB1pqIys5eLOOS4oRNhc.jpg,563,537,Microplastic,117,398,135,417
1_jpg.rf.EB1pqIys5eLOOS4oRNhc.jpg,563,537,Microplastic,282,411,312,432
1_jpg.rf.EB1pqIys5eLOOS4oRNhc.jpg,563,537,Microplastic,214,439,234,459
1_jpg.rf.EB1pqIys5eLOOS4oRNhc.jpg,563,537,Microplastic,249,432,277,467
1_jpg.rf.EB1pqIys5eLOOS4oRNhc.jpg,563,537,Microplastic,176,439,187,467
1_jpg.rf.EB1pqIys5eLOOS4oRNhc.jpg,563,537,Microplastic,56,461,79,494
1_jpg.rf.EB1pqIys5eLOOS4oRNhc.jpg,563,537,Microplastic,204,482,226,503
166_jpg.rf.C0B7o6dWPmZHkFyxLCki.jpg,563,537,Microplastic,282,47,309,71
166_jpg.rf.C0B7o6dWPmZHkFyxLCki.jpg,563,537,Microplastic,427,144,460,172
166_jpg.rf.C0B7o6dWPmZHkFyxLCki.jpg,563,537,Microplastic,377,167,398,185
166_jpg.rf.C0B7o6dWPmZHkFyxLCki.jpg,563,537,Microplastic,230,182,257,207
166_jpg.rf.C0B7o6dWPmZHkFyxLCki.jpg,563,537,Microplastic,315,189,339,214
166_jpg.rf.C0B7o6dWPmZHkFyxLCki.jpg,563,537,Microplastic,382,287,397,300
166_jpg.rf.C0B7o6dWPmZHkFyxLCki.jpg,563,537,Microplastic,337,304,361,327
166_jpg.rf.C0B7o6dWPmZHkFyxLCki.jpg,563,537,Microplastic,249,324,282,357
166_jpg.rf.C0B7o6dWPmZHkFyxLCki.jpg,563,537,Microplastic,30,387,54,412
169_jpg.rf.2ZhMaWTuvtKFZBK5KZSe.jpg,563,537,Microplastic,60,92,98,131
169_jpg.rf.2ZhMaWTuvtKFZBK5KZSe.jpg,563,537,Microplastic,255,140,274,156
169_jpg.rf.2ZhMaWTuvtKFZBK5KZSe.jpg,563,537,Microplastic,365,169,393,186
169_jpg.rf.2ZhMaWTuvtKFZBK5KZSe.jpg,563,537,Microplastic,382,189,406,211
169_jpg.rf.2ZhMaWTuvtKFZBK5KZSe.jpg,563,537,Microplastic,54,194,82,214
169_jpg.rf.2ZhMaWTuvtKFZBK5KZSe.jpg,563,537,Microplastic,309,292,348,342
169_jpg.rf.2ZhMaWTuvtKFZBK5KZSe.jpg,563,537,Microplastic,22,335,57,364
169_jpg.rf.2ZhMaWTuvtKFZBK5KZSe.jpg,563,537,Microplastic,242,353,258,380
169_jpg.rf.2ZhMaWTuvtKFZBK5KZSe.jpg,563,537,Microplastic,112,374,133,402
169_jpg.rf.2ZhMaWTuvtKFZBK5KZSe.jpg,563,537,Microplastic,154,404,188,457
169_jpg.rf.2ZhMaWTuvtKFZBK5KZSe.jpg,563,537,Microplastic,264,434,296,467
169_jpg.rf.2ZhMaWTuvtKFZBK5KZSe.jpg,563,537,Microplastic,0,505,20,527
180_jpg.rf.ISZouqFOsrsiwBCECHWh.jpg,563,537,Microplastic,429,19,455,36
180_jpg.rf.ISZouqFOsrsiwBCECHWh.jpg,563,537,Microplastic,369,155,383,178
180_jpg.rf.ISZouqFOsrsiwBCECHWh.jpg,563,537,Microplastic,77,219,99,246
180_jpg.rf.ISZouqFOsrsiwBCECHWh.jpg,563,537,Microplastic,375,280,399,297
180_jpg.rf.ISZouqFOsrsiwBCECHWh.jpg,563,537,Microplastic,322,295,345,313
180_jpg.rf.ISZouqFOsrsiwBCECHWh.jpg,563,537,Microplastic,122,350,149,377
180_jpg.rf.ISZouqFOsrsiwBCECHWh.jpg,563,537,Microplastic,495,367,526,395
180_jpg.rf.ISZouqFOsrsiwBCECHWh.jpg,563,537,Microplastic,292,375,352,425
180_jpg.rf.ISZouqFOsrsiwBCECHWh.jpg,563,537,Microplastic,222,387,251,419
19_jpg.rf.3zY8FqgjHCYnWfa8Af5P.jpg,563,537,Microplastic,133,196,151,221
19_jpg.rf.3zY8FqgjHCYnWfa8Af5P.jpg,563,537,Microplastic,193,207,220,229
19_jpg.rf.3zY8FqgjHCYnWfa8Af5P.jpg,563,537,Microplastic,347,108,365,121
19_jpg.rf.3zY8FqgjHCYnWfa8Af5P.jpg,563,537,Microplastic,352,131,363,143
19_jpg.rf.3zY8FqgjHCYnWfa8Af5P.jpg,563,537,Microplastic,381,147,391,157
19_jpg.rf.3zY8FqgjHCYnWfa8Af5P.jpg,563,537,Microplastic,413,164,437,197
19_jpg.rf.3zY8FqgjHCYnWfa8Af5P.jpg,563,537,Microplastic,434,207,448,227
19_jpg.rf.3zY8FqgjHCYnWfa8Af5P.jpg,563,537,Microplastic,386,290,403,311
19_jpg.rf.3zY8FqgjHCYnWfa8Af5P.jpg,563,537,Microplastic,429,303,442,329
19_jpg.rf.3zY8FqgjHCYnWfa8Af5P.jpg,563,537,Microplastic,454,459,474,478
19_jpg.rf.3zY8FqgjHCYnWfa8Af5P.jpg,563,537,Microplastic,91,405,105,426
19_jpg.rf.3zY8FqgjHCYnWfa8Af5P.jpg,563,537,Microplastic,103,437,117,461
19_jpg.rf.3zY8FqgjHCYnWfa8Af5P.jpg,563,537,Microplastic,197,379,209,400
19_jpg.rf.3zY8FqgjHCYnWfa8Af5P.jpg,563,537,Microplastic,226,377,240,401
19_jpg.rf.3zY8FqgjHCYnWfa8Af5P.jpg,563,537,Microplastic,95,267,115,292
19_jpg.rf.3zY8FqgjHCYnWfa8Af5P.jpg,563,537,Microplastic,113,251,125,265
19_jpg.rf.3zY8FqgjHCYnWfa8Af5P.jpg,563,537,Microplastic,76,169,88,179
19_jpg.rf.3zY8FqgjHCYnWfa8Af5P.jpg,563,537,Microplastic,37,239,45,251
19_jpg.rf.3zY8FqgjHCYnWfa8Af5P.jpg,563,537,Microplastic,142,0,161,8
19_jpg.rf.3zY8FqgjHCYnWfa8Af5P.jpg,563,537,Microplastic,196,83,240,106
159_jpg.rf.Lrq3PnUCCRL3x22cZTuu.jpg,563,537,Microplastic,154,0,177,12
159_jpg.rf.Lrq3PnUCCRL3x22cZTuu.jpg,563,537,Microplastic,344,46,359,64
159_jpg.rf.Lrq3PnUCCRL3x22cZTuu.jpg,563,537,Microplastic,161,54,182,76
159_jpg.rf.Lrq3PnUCCRL3x22cZTuu.jpg,563,537,Microplastic,297,64,354,120
159_jpg.rf.Lrq3PnUCCRL3x22cZTuu.jpg,563,537,Microplastic,443,81,461,105
159_jpg.rf.Lrq3PnUCCRL3x22cZTuu.jpg,563,537,Microplastic,83,92,111,110
159_jpg.rf.Lrq3PnUCCRL3x22cZTuu.jpg,563,537,Microplastic,6,112,43,132
159_jpg.rf.Lrq3PnUCCRL3x22cZTuu.jpg,563,537,Microplastic,129,114,152,136
159_jpg.rf.Lrq3PnUCCRL3x22cZTuu.jpg,563,537,Microplastic,257,135,271,145
159_jpg.rf.Lrq3PnUCCRL3x22cZTuu.jpg,563,537,Microplastic,317,158,332,171
159_jpg.rf.Lrq3PnUCCRL3x22cZTuu.jpg,563,537,Microplastic,303,166,312,174
159_jpg.rf.Lrq3PnUCCRL3x22cZTuu.jpg,563,537,Microplastic,349,194,365,219
159_jpg.rf.Lrq3PnUCCRL3x22cZTuu.jpg,563,537,Microplastic,330,202,346,218
159_jpg.rf.Lrq3PnUCCRL3x22cZTuu.jpg,563,537,Microplastic,258,198,325,242
159_jpg.rf.Lrq3PnUCCRL3x22cZTuu.jpg,563,537,Microplastic,154,252,164,263
159_jpg.rf.Lrq3PnUCCRL3x22cZTuu.jpg,563,537,Microplastic,209,252,228,265
159_jpg.rf.Lrq3PnUCCRL3x22cZTuu.jpg,563,537,Microplastic,250,265,270,280
159_jpg.rf.Lrq3PnUCCRL3x22cZTuu.jpg,563,537,Microplastic,154,268,172,284
159_jpg.rf.Lrq3PnUCCRL3x22cZTuu.jpg,563,537,Microplastic,101,277,116,288
159_jpg.rf.Lrq3PnUCCRL3x22cZTuu.jpg,563,537,Microplastic,312,274,350,297
159_jpg.rf.Lrq3PnUCCRL3x22cZTuu.jpg,563,537,Microplastic,126,285,145,300
159_jpg.rf.Lrq3PnUCCRL3x22cZTuu.jpg,563,537,Microplastic,140,302,161,338
159_jpg.rf.Lrq3PnUCCRL3x22cZTuu.jpg,563,537,Microplastic,237,324,261,349
159_jpg.rf.Lrq3PnUCCRL3x22cZTuu.jpg,563,537,Microplastic,173,331,191,350
159_jpg.rf.Lrq3PnUCCRL3x22cZTuu.jpg,563,537,Microplastic,62,338,90,363
159_jpg.rf.Lrq3PnUCCRL3x22cZTuu.jpg,563,537,Microplastic,118,342,148,363
159_jpg.rf.Lrq3PnUCCRL3x22cZTuu.jpg,563,537,Microplastic,170,348,188,369
159_jpg.rf.Lrq3PnUCCRL3x22cZTuu.jpg,563,537,Microplastic,70,361,89,374
159_jpg.rf.Lrq3PnUCCRL3x22cZTuu.jpg,563,537,Microplastic,223,362,243,375
159_jpg.rf.Lrq3PnUCCRL3x22cZTuu.jpg,563,537,Microplastic,142,377,158,392
159_jpg.rf.Lrq3PnUCCRL3x22cZTuu.jpg,563,537,Microplastic,177,399,200,425
159_jpg.rf.Lrq3PnUCCRL3x22cZTuu.jpg,563,537,Microplastic,234,421,252,435
159_jpg.rf.Lrq3PnUCCRL3x22cZTuu.jpg,563,537,Microplastic,0,416,19,453
159_jpg.rf.Lrq3PnUCCRL3x22cZTuu.jpg,563,537,Microplastic,210,420,232,463
159_jpg.rf.Lrq3PnUCCRL3x22cZTuu.jpg,563,537,Microplastic,186,448,199,464
159_jpg.rf.Lrq3PnUCCRL3x22cZTuu.jpg,563,537,Microplastic,299,445,347,472
159_jpg.rf.Lrq3PnUCCRL3x22cZTuu.jpg,563,537,Microplastic,198,450,206,470
159_jpg.rf.Lrq3PnUCCRL3x22cZTuu.jpg,563,537,Microplastic,240,444,277,486
159_jpg.rf.Lrq3PnUCCRL3x22cZTuu.jpg,563,537,Microplastic,15,500,62,536
159_jpg.rf.Lrq3PnUCCRL3x22cZTuu.jpg,563,537,Microplastic,78,502,135,536
159_jpg.rf.Lrq3PnUCCRL3x22cZTuu.jpg,563,537,Microplastic,349,525,384,536
d--77-_jpg.rf.n0ykYMstCfhZptLdL28H.jpg,563,537,Microplastic,94,0,235,48
d--77-_jpg.rf.n0ykYMstCfhZptLdL28H.jpg,563,537,Microplastic,300,0,426,38
d--77-_jpg.rf.n0ykYMstCfhZptLdL28H.jpg,563,537,Microplastic,0,397,59,536
d--77-_jpg.rf.n0ykYMstCfhZptLdL28H.jpg,563,537,Microplastic,308,447,480,536
198_jpg.rf.LwiMqX8AVvVFPgIqi3Mk.jpg,563,537,Microplastic,425,72,453,97
198_jpg.rf.LwiMqX8AVvVFPgIqi3Mk.jpg,563,537,Microplastic,465,102,487,136
198_jpg.rf.LwiMqX8AVvVFPgIqi3Mk.jpg,563,537,Microplastic,475,137,514,169
198_jpg.rf.LwiMqX8AVvVFPgIqi3Mk.jpg,563,537,Microplastic,295,180,341,213
198_jpg.rf.LwiMqX8AVvVFPgIqi3Mk.jpg,563,537,Microplastic,95,200,132,242
198_jpg.rf.LwiMqX8AVvVFPgIqi3Mk.jpg,563,537,Microplastic,50,290,97,332
198_jpg.rf.LwiMqX8AVvVFPgIqi3Mk.jpg,563,537,Microplastic,387,290,428,343
198_jpg.rf.LwiMqX8AVvVFPgIqi3Mk.jpg,563,537,Microplastic,144,360,167,389
198_jpg.rf.LwiMqX8AVvVFPgIqi3Mk.jpg,563,537,Microplastic,64,390,98,421
198_jpg.rf.LwiMqX8AVvVFPgIqi3Mk.jpg,563,537,Microplastic,415,405,478,464
195_jpg.rf.32rTeQkwrGAi7YgZjybL.jpg,563,537,Microplastic,369,0,420,31
195_jpg.rf.32rTeQkwrGAi7YgZjybL.jpg,563,537,Microplastic,315,67,335,91
195_jpg.rf.32rTeQkwrGAi7YgZjybL.jpg,563,537,Microplastic,144,104,164,131
195_jpg.rf.32rTeQkwrGAi7YgZjybL.jpg,563,537,Microplastic,342,100,380,152
195_jpg.rf.32rTeQkwrGAi7YgZjybL.jpg,563,537,Microplastic,275,160,292,182
195_jpg.rf.32rTeQkwrGAi7YgZjybL.jpg,563,537,Microplastic,315,187,339,208
195_jpg.rf.32rTeQkwrGAi7YgZjybL.jpg,563,537,Microplastic,222,214,243,239
195_jpg.rf.32rTeQkwrGAi7YgZjybL.jpg,563,537,Microplastic,425,254,451,279
195_jpg.rf.32rTeQkwrGAi7YgZjybL.jpg,563,537,Microplastic,109,284,143,317
195_jpg.rf.32rTeQkwrGAi7YgZjybL.jpg,563,537,Microplastic,417,294,445,321
195_jpg.rf.32rTeQkwrGAi7YgZjybL.jpg,563,537,Microplastic,194,327,227,358
195_jpg.rf.32rTeQkwrGAi7YgZjybL.jpg,563,537,Microplastic,392,420,445,475
195_jpg.rf.32rTeQkwrGAi7YgZjybL.jpg,563,537,Microplastic,320,520,347,536
170_jpg.rf.347HM6UzIrkzqiJQt8K6.jpg,563,537,Microplastic,164,0,201,17
170_jpg.rf.347HM6UzIrkzqiJQt8K6.jpg,563,537,Microplastic,519,37,556,67
170_jpg.rf.347HM6UzIrkzqiJQt8K6.jpg,563,537,Microplastic,175,164,202,190
170_jpg.rf.347HM6UzIrkzqiJQt8K6.jpg,563,537,Microplastic,389,202,428,245
170_jpg.rf.347HM6UzIrkzqiJQt8K6.jpg,563,537,Microplastic,229,204,270,244
170_jpg.rf.347HM6UzIrkzqiJQt8K6.jpg,563,537,Microplastic,262,277,285,296
170_jpg.rf.347HM6UzIrkzqiJQt8K6.jpg,563,537,Microplastic,200,304,226,326
170_jpg.rf.347HM6UzIrkzqiJQt8K6.jpg,563,537,Microplastic,422,320,442,351
170_jpg.rf.347HM6UzIrkzqiJQt8K6.jpg,563,537,Microplastic,154,355,171,376
170_jpg.rf.347HM6UzIrkzqiJQt8K6.jpg,563,537,Microplastic,199,367,214,388
170_jpg.rf.347HM6UzIrkzqiJQt8K6.jpg,563,537,Microplastic,0,374,52,406
170_jpg.rf.347HM6UzIrkzqiJQt8K6.jpg,563,537,Microplastic,222,409,253,439
181_jpg.rf.Ku49XeS2VJ46H9KxqJR4.jpg,563,537,Microplastic,24,0,52,24
181_jpg.rf.Ku49XeS2VJ46H9KxqJR4.jpg,563,537,Microplastic,240,52,281,103
181_jpg.rf.Ku49XeS2VJ46H9KxqJR4.jpg,563,537,Microplastic,447,77,474,100
181_jpg.rf.Ku49XeS2VJ46H9KxqJR4.jpg,563,537,Microplastic,375,79,414,118
181_jpg.rf.Ku49XeS2VJ46H9KxqJR4.jpg,563,537,Microplastic,275,119,307,159
181_jpg.rf.Ku49XeS2VJ46H9KxqJR4.jpg,563,537,Microplastic,132,147,184,183
181_jpg.rf.Ku49XeS2VJ46H9KxqJR4.jpg,563,537,Microplastic,257,167,279,192
181_jpg.rf.Ku49XeS2VJ46H9KxqJR4.jpg,563,537,Microplastic,354,184,376,206
181_jpg.rf.Ku49XeS2VJ46H9KxqJR4.jpg,563,537,Microplastic,39,184,60,207
181_jpg.rf.Ku49XeS2VJ46H9KxqJR4.jpg,563,537,Microplastic,0,192,14,225
181_jpg.rf.Ku49XeS2VJ46H9KxqJR4.jpg,563,537,Microplastic,369,200,395,224
181_jpg.rf.Ku49XeS2VJ46H9KxqJR4.jpg,563,537,Microplastic,335,247,350,264
181_jpg.rf.Ku49XeS2VJ46H9KxqJR4.jpg,563,537,Microplastic,0,265,29,294
181_jpg.rf.Ku49XeS2VJ46H9KxqJR4.jpg,563,537,Microplastic,369,270,395,321
181_jpg.rf.Ku49XeS2VJ46H9KxqJR4.jpg,563,537,Microplastic,139,324,151,346
181_jpg.rf.Ku49XeS2VJ46H9KxqJR4.jpg,563,537,Microplastic,492,315,530,356
181_jpg.rf.Ku49XeS2VJ46H9KxqJR4.jpg,563,537,Microplastic,64,324,94,357
181_jpg.rf.Ku49XeS2VJ46H9KxqJR4.jpg,563,537,Microplastic,95,374,122,409
181_jpg.rf.Ku49XeS2VJ46H9KxqJR4.jpg,563,537,Microplastic,362,494,389,521
199_jpg.rf.NTPP9kvBb8BAyf2uQTmj.jpg,563,537,Microplastic,212,25,253,49
199_jpg.rf.NTPP9kvBb8BAyf2uQTmj.jpg,563,537,Microplastic,327,29,346,66
199_jpg.rf.NTPP9kvBb8BAyf2uQTmj.jpg,563,537,Microplastic,0,111,21,130
199_jpg.rf.NTPP9kvBb8BAyf2uQTmj.jpg,563,537,Microplastic,264,114,284,139
199_jpg.rf.NTPP9kvBb8BAyf2uQTmj.jpg,563,537,Microplastic,360,122,406,163
199_jpg.rf.NTPP9kvBb8BAyf2uQTmj.jpg,563,537,Microplastic,509,214,548,235
199_jpg.rf.NTPP9kvBb8BAyf2uQTmj.jpg,563,537,Microplastic,122,239,139,266
199_jpg.rf.NTPP9kvBb8BAyf2uQTmj.jpg,563,537,Microplastic,305,249,318,260
199_jpg.rf.NTPP9kvBb8BAyf2uQTmj.jpg,563,537,Microplastic,95,242,122,275
199_jpg.rf.NTPP9kvBb8BAyf2uQTmj.jpg,563,537,Microplastic,294,269,307,287
199_jpg.rf.NTPP9kvBb8BAyf2uQTmj.jpg,563,537,Microplastic,67,325,89,345
199_jpg.rf.NTPP9kvBb8BAyf2uQTmj.jpg,563,537,Microplastic,115,325,133,348
199_jpg.rf.NTPP9kvBb8BAyf2uQTmj.jpg,563,537,Microplastic,270,335,286,357
199_jpg.rf.NTPP9kvBb8BAyf2uQTmj.jpg,563,537,Microplastic,229,370,248,392
199_jpg.rf.NTPP9kvBb8BAyf2uQTmj.jpg,563,537,Microplastic,172,407,197,431
192_jpg.rf.XsUTkihCNkivoGCrDXaZ.jpg,563,537,Microplastic,400,0,428,24
192_jpg.rf.XsUTkihCNkivoGCrDXaZ.jpg,563,537,Microplastic,142,74,164,94
192_jpg.rf.XsUTkihCNkivoGCrDXaZ.jpg,563,537,Microplastic,339,155,357,192
192_jpg.rf.XsUTkihCNkivoGCrDXaZ.jpg,563,537,Microplastic,180,178,218,220
192_jpg.rf.XsUTkihCNkivoGCrDXaZ.jpg,563,537,Microplastic,352,225,381,258
192_jpg.rf.XsUTkihCNkivoGCrDXaZ.jpg,563,537,Microplastic,515,242,549,283
192_jpg.rf.XsUTkihCNkivoGCrDXaZ.jpg,563,537,Microplastic,349,267,364,291
192_jpg.rf.XsUTkihCNkivoGCrDXaZ.jpg,563,537,Microplastic,159,309,210,369
192_jpg.rf.XsUTkihCNkivoGCrDXaZ.jpg,563,537,Microplastic,104,337,130,363
192_jpg.rf.XsUTkihCNkivoGCrDXaZ.jpg,563,537,Microplastic,319,334,352,382
192_jpg.rf.XsUTkihCNkivoGCrDXaZ.jpg,563,537,Microplastic,367,502,401,528
192_jpg.rf.XsUTkihCNkivoGCrDXaZ.jpg,563,537,Microplastic,215,525,254,536
c--92-_jpg.rf.Z3OH1ZXY15XMfuo5Joi2.jpg,563,537,Microplastic,246,4,273,34
c--92-_jpg.rf.Z3OH1ZXY15XMfuo5Joi2.jpg,563,537,Microplastic,367,118,405,162
c--92-_jpg.rf.Z3OH1ZXY15XMfuo5Joi2.jpg,563,537,Microplastic,522,250,562,290
c--92-_jpg.rf.Z3OH1ZXY15XMfuo5Joi2.jpg,563,537,Microplastic,237,279,253,305
c--92-_jpg.rf.Z3OH1ZXY15XMfuo5Joi2.jpg,563,537,Microplastic,507,385,555,418
c--92-_jpg.rf.Z3OH1ZXY15XMfuo5Joi2.jpg,563,537,Microplastic,66,478,107,516
193_jpg.rf.7Rxo9B9AKFugkMnbrYjU.jpg,563,537,Microplastic,419,0,437,10
193_jpg.rf.7Rxo9B9AKFugkMnbrYjU.jpg,563,537,Microplastic,69,60,99,77
193_jpg.rf.7Rxo9B9AKFugkMnbrYjU.jpg,563,537,Microplastic,109,94,148,140
193_jpg.rf.7Rxo9B9AKFugkMnbrYjU.jpg,563,537,Microplastic,145,149,168,176
193_jpg.rf.7Rxo9B9AKFugkMnbrYjU.jpg,563,537,Microplastic,65,162,108,197
193_jpg.rf.7Rxo9B9AKFugkMnbrYjU.jpg,563,537,Microplastic,295,249,330,283
193_jpg.rf.7Rxo9B9AKFugkMnbrYjU.jpg,563,537,Microplastic,489,247,537,294
193_jpg.rf.7Rxo9B9AKFugkMnbrYjU.jpg,563,537,Microplastic,239,274,268,305
193_jpg.rf.7Rxo9B9AKFugkMnbrYjU.jpg,563,537,Microplastic,206,285,237,310
193_jpg.rf.7Rxo9B9AKFugkMnbrYjU.jpg,563,537,Microplastic,362,307,392,343
193_jpg.rf.7Rxo9B9AKFugkMnbrYjU.jpg,563,537,Microplastic,220,317,240,339
193_jpg.rf.7Rxo9B9AKFugkMnbrYjU.jpg,563,537,Microplastic,255,340,285,368
193_jpg.rf.7Rxo9B9AKFugkMnbrYjU.jpg,563,537,Microplastic,437,414,474,457
193_jpg.rf.7Rxo9B9AKFugkMnbrYjU.jpg,563,537,Microplastic,99,517,149,536
193_jpg.rf.7Rxo9B9AKFugkMnbrYjU.jpg,563,537,Microplastic,294,525,326,536
22_jpg.rf.ZmccY4X7RZyVsJIdVpLr.jpg,563,537,Microplastic,149,125,182,159
22_jpg.rf.ZmccY4X7RZyVsJIdVpLr.jpg,563,537,Microplastic,94,20,127,47
22_jpg.rf.ZmccY4X7RZyVsJIdVpLr.jpg,563,537,Microplastic,139,11,166,28
22_jpg.rf.ZmccY4X7RZyVsJIdVpLr.jpg,563,537,Microplastic,221,49,243,75
22_jpg.rf.ZmccY4X7RZyVsJIdVpLr.jpg,563,537,Microplastic,234,76,256,100
22_jpg.rf.ZmccY4X7RZyVsJIdVpLr.jpg,563,537,Microplastic,216,116,231,137
22_jpg.rf.ZmccY4X7RZyVsJIdVpLr.jpg,563,537,Microplastic,253,103,283,125
22_jpg.rf.ZmccY4X7RZyVsJIdVpLr.jpg,563,537,Microplastic,321,231,332,255
22_jpg.rf.ZmccY4X7RZyVsJIdVpLr.jpg,563,537,Microplastic,161,250,177,271
22_jpg.rf.ZmccY4X7RZyVsJIdVpLr.jpg,563,537,Microplastic,293,255,310,276
22_jpg.rf.ZmccY4X7RZyVsJIdVpLr.jpg,563,537,Microplastic,361,332,389,357
22_jpg.rf.ZmccY4X7RZyVsJIdVpLr.jpg,563,537,Microplastic,187,437,218,472
22_jpg.rf.ZmccY4X7RZyVsJIdVpLr.jpg,563,537,Microplastic,243,481,282,511
22_jpg.rf.ZmccY4X7RZyVsJIdVpLr.jpg,563,537,Microplastic,285,522,305,536
22_jpg.rf.ZmccY4X7RZyVsJIdVpLr.jpg,563,537,Microplastic,490,341,508,365
22_jpg.rf.ZmccY4X7RZyVsJIdVpLr.jpg,563,537,Microplastic,491,296,513,323
22_jpg.rf.ZmccY4X7RZyVsJIdVpLr.jpg,563,537,Microplastic,100,390,114,403
22_jpg.rf.ZmccY4X7RZyVsJIdVpLr.jpg,563,537,Microplastic,124,429,143,450
22_jpg.rf.ZmccY4X7RZyVsJIdVpLr.jpg,563,537,Microplastic,169,376,186,393
22_jpg.rf.ZmccY4X7RZyVsJIdVpLr.jpg,563,537,Microplastic,158,342,173,360
22_jpg.rf.ZmccY4X7RZyVsJIdVpLr.jpg,563,537,Microplastic,75,320,93,336
22_jpg.rf.ZmccY4X7RZyVsJIdVpLr.jpg,563,537,Microplastic,0,244,10,276
22_jpg.rf.ZmccY4X7RZyVsJIdVpLr.jpg,563,537,Microplastic,35,262,46,272
22_jpg.rf.ZmccY4X7RZyVsJIdVpLr.jpg,563,537,Microplastic,54,177,69,202
22_jpg.rf.ZmccY4X7RZyVsJIdVpLr.jpg,563,537,Microplastic,91,119,112,129
22_jpg.rf.ZmccY4X7RZyVsJIdVpLr.jpg,563,537,Microplastic,98,163,111,174
22_jpg.rf.ZmccY4X7RZyVsJIdVpLr.jpg,563,537,Microplastic,95,207,108,217
174_jpg.rf.T3Y7unRx3tsCjDkVgldi.jpg,563,537,Microplastic,502,15,533,49
174_jpg.rf.T3Y7unRx3tsCjDkVgldi.jpg,563,537,Microplastic,317,37,333,57
174_jpg.rf.T3Y7unRx3tsCjDkVgldi.jpg,563,537,Microplastic,408,68,426,95
174_jpg.rf.T3Y7unRx3tsCjDkVgldi.jpg,563,537,Microplastic,138,138,158,157
174_jpg.rf.T3Y7unRx3tsCjDkVgldi.jpg,563,537,Microplastic,480,140,503,164
174_jpg.rf.T3Y7unRx3tsCjDkVgldi.jpg,563,537,Microplastic,350,155,367,173
174_jpg.rf.T3Y7unRx3tsCjDkVgldi.jpg,563,537,Microplastic,155,154,172,176
174_jpg.rf.T3Y7unRx3tsCjDkVgldi.jpg,563,537,Microplastic,82,160,100,182
174_jpg.rf.T3Y7unRx3tsCjDkVgldi.jpg,563,537,Microplastic,255,185,277,202
174_jpg.rf.T3Y7unRx3tsCjDkVgldi.jpg,563,537,Microplastic,372,290,386,316
174_jpg.rf.T3Y7unRx3tsCjDkVgldi.jpg,563,537,Microplastic,355,290,369,320
174_jpg.rf.T3Y7unRx3tsCjDkVgldi.jpg,563,537,Microplastic,225,338,247,361
150_jpg.rf.lhJdc9OzT6bVV7UxZVfr.jpg,563,537,Microplastic,420,24,447,62
150_jpg.rf.lhJdc9OzT6bVV7UxZVfr.jpg,563,537,Microplastic,455,122,502,168
150_jpg.rf.lhJdc9OzT6bVV7UxZVfr.jpg,563,537,Microplastic,415,185,447,242
150_jpg.rf.lhJdc9OzT6bVV7UxZVfr.jpg,563,537,Microplastic,115,227,140,248
150_jpg.rf.lhJdc9OzT6bVV7UxZVfr.jpg,563,537,Microplastic,365,274,390,301
150_jpg.rf.lhJdc9OzT6bVV7UxZVfr.jpg,563,537,Microplastic,101,279,116,302
150_jpg.rf.lhJdc9OzT6bVV7UxZVfr.jpg,563,537,Microplastic,197,307,219,324
150_jpg.rf.lhJdc9OzT6bVV7UxZVfr.jpg,563,537,Microplastic,347,304,365,331
150_jpg.rf.lhJdc9OzT6bVV7UxZVfr.jpg,563,537,Microplastic,379,314,400,334
150_jpg.rf.lhJdc9OzT6bVV7UxZVfr.jpg,563,537,Microplastic,232,320,255,351
150_jpg.rf.lhJdc9OzT6bVV7UxZVfr.jpg,563,537,Microplastic,314,325,340,355
150_jpg.rf.lhJdc9OzT6bVV7UxZVfr.jpg,563,537,Microplastic,269,334,294,354
150_jpg.rf.lhJdc9OzT6bVV7UxZVfr.jpg,563,537,Microplastic,84,324,100,366
150_jpg.rf.lhJdc9OzT6bVV7UxZVfr.jpg,563,537,Microplastic,112,390,145,426
150_jpg.rf.lhJdc9OzT6bVV7UxZVfr.jpg,563,537,Microplastic,470,389,511,429
150_jpg.rf.lhJdc9OzT6bVV7UxZVfr.jpg,563,537,Microplastic,282,405,316,441
150_jpg.rf.lhJdc9OzT6bVV7UxZVfr.jpg,563,537,Microplastic,140,420,165,439
150_jpg.rf.lhJdc9OzT6bVV7UxZVfr.jpg,563,537,Microplastic,42,454,76,485
150_jpg.rf.lhJdc9OzT6bVV7UxZVfr.jpg,563,537,Microplastic,174,470,202,501
187_jpg.rf.kKShR7WU31bYGTxOmwkA.jpg,563,537,Microplastic,222,105,236,130
187_jpg.rf.kKShR7WU31bYGTxOmwkA.jpg,563,537,Microplastic,269,124,316,162
187_jpg.rf.kKShR7WU31bYGTxOmwkA.jpg,563,537,Microplastic,309,134,340,166
187_jpg.rf.kKShR7WU31bYGTxOmwkA.jpg,563,537,Microplastic,64,147,95,180
187_jpg.rf.kKShR7WU31bYGTxOmwkA.jpg,563,537,Microplastic,80,174,118,215
187_jpg.rf.kKShR7WU31bYGTxOmwkA.jpg,563,537,Microplastic,309,179,369,219
187_jpg.rf.kKShR7WU31bYGTxOmwkA.jpg,563,537,Microplastic,375,222,418,257
187_jpg.rf.kKShR7WU31bYGTxOmwkA.jpg,563,537,Microplastic,219,227,240,253
187_jpg.rf.kKShR7WU31bYGTxOmwkA.jpg,563,537,Microplastic,142,237,164,256
187_jpg.rf.kKShR7WU31bYGTxOmwkA.jpg,563,537,Microplastic,447,244,476,278
187_jpg.rf.kKShR7WU31bYGTxOmwkA.jpg,563,537,Microplastic,202,274,221,294
187_jpg.rf.kKShR7WU31bYGTxOmwkA.jpg,563,537,Microplastic,294,274,320,302
187_jpg.rf.kKShR7WU31bYGTxOmwkA.jpg,563,537,Microplastic,222,297,245,315
187_jpg.rf.kKShR7WU31bYGTxOmwkA.jpg,563,537,Microplastic,402,292,461,346
187_jpg.rf.kKShR7WU31bYGTxOmwkA.jpg,563,537,Microplastic,514,335,544,368
187_jpg.rf.kKShR7WU31bYGTxOmwkA.jpg,563,537,Microplastic,75,334,109,370
187_jpg.rf.kKShR7WU31bYGTxOmwkA.jpg,563,537,Microplastic,99,394,146,439
187_jpg.rf.kKShR7WU31bYGTxOmwkA.jpg,563,537,Microplastic,95,445,146,488
187_jpg.rf.kKShR7WU31bYGTxOmwkA.jpg,563,537,Microplastic,302,472,326,506
187_jpg.rf.kKShR7WU31bYGTxOmwkA.jpg,563,537,Microplastic,382,484,435,536
189_jpg.rf.krzSGdZDnlBvUWDmmQrT.jpg,563,537,Microplastic,189,57,227,92
189_jpg.rf.krzSGdZDnlBvUWDmmQrT.jpg,563,537,Microplastic,102,125,124,137
189_jpg.rf.krzSGdZDnlBvUWDmmQrT.jpg,563,537,Microplastic,144,132,166,147
189_jpg.rf.krzSGdZDnlBvUWDmmQrT.jpg,563,537,Microplastic,117,139,137,158
189_jpg.rf.krzSGdZDnlBvUWDmmQrT.jpg,563,537,Microplastic,89,140,108,161
189_jpg.rf.krzSGdZDnlBvUWDmmQrT.jpg,563,537,Microplastic,487,152,518,176
189_jpg.rf.krzSGdZDnlBvUWDmmQrT.jpg,563,537,Microplastic,419,214,449,234
189_jpg.rf.krzSGdZDnlBvUWDmmQrT.jpg,563,537,Microplastic,229,237,268,268
189_jpg.rf.krzSGdZDnlBvUWDmmQrT.jpg,563,537,Microplastic,507,247,540,274
189_jpg.rf.krzSGdZDnlBvUWDmmQrT.jpg,563,537,Microplastic,100,257,124,282
189_jpg.rf.krzSGdZDnlBvUWDmmQrT.jpg,563,537,Microplastic,0,262,17,296
189_jpg.rf.krzSGdZDnlBvUWDmmQrT.jpg,563,537,Microplastic,130,274,149,299
189_jpg.rf.krzSGdZDnlBvUWDmmQrT.jpg,563,537,Microplastic,0,310,13,342
189_jpg.rf.krzSGdZDnlBvUWDmmQrT.jpg,563,537,Microplastic,109,327,127,350
189_jpg.rf.krzSGdZDnlBvUWDmmQrT.jpg,563,537,Microplastic,125,355,152,377
189_jpg.rf.krzSGdZDnlBvUWDmmQrT.jpg,563,537,Microplastic,302,360,333,391
189_jpg.rf.krzSGdZDnlBvUWDmmQrT.jpg,563,537,Microplastic,312,517,343,536
189_jpg.rf.krzSGdZDnlBvUWDmmQrT.jpg,563,537,Microplastic,235,520,275,536
172_jpg.rf.Y0qEVjFlwcNNPMlGE6IN.jpg,563,537,Microplastic,289,202,316,231
172_jpg.rf.Y0qEVjFlwcNNPMlGE6IN.jpg,563,537,Microplastic,134,216,155,245
172_jpg.rf.Y0qEVjFlwcNNPMlGE6IN.jpg,563,537,Microplastic,77,254,117,279
172_jpg.rf.Y0qEVjFlwcNNPMlGE6IN.jpg,563,537,Microplastic,282,295,312,321
172_jpg.rf.Y0qEVjFlwcNNPMlGE6IN.jpg,563,537,Microplastic,187,344,208,374
172_jpg.rf.Y0qEVjFlwcNNPMlGE6IN.jpg,563,537,Microplastic,182,385,205,407
172_jpg.rf.Y0qEVjFlwcNNPMlGE6IN.jpg,563,537,Microplastic,349,417,376,451
172_jpg.rf.Y0qEVjFlwcNNPMlGE6IN.jpg,563,537,Microplastic,310,460,331,483
191_jpg.rf.NxdNORWXQ5Oawq7dxHSi.jpg,563,537,Microplastic,275,37,297,60
191_jpg.rf.NxdNORWXQ5Oawq7dxHSi.jpg,563,537,Microplastic,219,60,268,120
191_jpg.rf.NxdNORWXQ5Oawq7dxHSi.jpg,563,537,Microplastic,119,94,142,110
191_jpg.rf.NxdNORWXQ5Oawq7dxHSi.jpg,563,537,Microplastic,329,130,351,148
191_jpg.rf.NxdNORWXQ5Oawq7dxHSi.jpg,563,537,Microplastic,55,140,73,162
191_jpg.rf.NxdNORWXQ5Oawq7dxHSi.jpg,563,537,Microplastic,102,175,127,201
191_jpg.rf.NxdNORWXQ5Oawq7dxHSi.jpg,563,537,Microplastic,355,179,377,204
191_jpg.rf.NxdNORWXQ5Oawq7dxHSi.jpg,563,537,Microplastic,122,214,139,242
191_jpg.rf.NxdNORWXQ5Oawq7dxHSi.jpg,563,537,Microplastic,490,244,518,267
191_jpg.rf.NxdNORWXQ5Oawq7dxHSi.jpg,563,537,Microplastic,432,267,454,300
191_jpg.rf.NxdNORWXQ5Oawq7dxHSi.jpg,563,537,Microplastic,279,280,303,304
191_jpg.rf.NxdNORWXQ5Oawq7dxHSi.jpg,563,537,Microplastic,89,302,122,330
191_jpg.rf.NxdNORWXQ5Oawq7dxHSi.jpg,563,537,Microplastic,429,312,444,339
191_jpg.rf.NxdNORWXQ5Oawq7dxHSi.jpg,563,537,Microplastic,222,337,236,360
191_jpg.rf.NxdNORWXQ5Oawq7dxHSi.jpg,563,537,Microplastic,277,337,302,370
191_jpg.rf.NxdNORWXQ5Oawq7dxHSi.jpg,563,537,Microplastic,190,380,213,403
191_jpg.rf.NxdNORWXQ5Oawq7dxHSi.jpg,563,537,Microplastic,342,377,378,419
191_jpg.rf.NxdNORWXQ5Oawq7dxHSi.jpg,563,537,Microplastic,119,482,158,512
191_jpg.rf.NxdNORWXQ5Oawq7dxHSi.jpg,563,537,Microplastic,334,500,357,523
191_jpg.rf.NxdNORWXQ5Oawq7dxHSi.jpg,563,537,Microplastic,282,507,312,536
191_jpg.rf.NxdNORWXQ5Oawq7dxHSi.jpg,563,537,Microplastic,325,527,346,536
190_jpg.rf.v3A3xBDfTQQUyQYeqrgE.jpg,563,537,Microplastic,229,62,248,88
190_jpg.rf.v3A3xBDfTQQUyQYeqrgE.jpg,563,537,Microplastic,262,84,283,102
190_jpg.rf.v3A3xBDfTQQUyQYeqrgE.jpg,563,537,Microplastic,100,89,129,127
190_jpg.rf.v3A3xBDfTQQUyQYeqrgE.jpg,563,537,Microplastic,370,97,398,123
190_jpg.rf.v3A3xBDfTQQUyQYeqrgE.jpg,563,537,Microplastic,229,100,244,121
190_jpg.rf.v3A3xBDfTQQUyQYeqrgE.jpg,563,537,Microplastic,307,127,326,163
190_jpg.rf.v3A3xBDfTQQUyQYeqrgE.jpg,563,537,Microplastic,165,199,204,228
190_jpg.rf.v3A3xBDfTQQUyQYeqrgE.jpg,563,537,Microplastic,375,214,397,239
190_jpg.rf.v3A3xBDfTQQUyQYeqrgE.jpg,563,537,Microplastic,77,219,91,240
190_jpg.rf.v3A3xBDfTQQUyQYeqrgE.jpg,563,537,Microplastic,522,219,548,243
190_jpg.rf.v3A3xBDfTQQUyQYeqrgE.jpg,563,537,Microplastic,370,250,385,273
190_jpg.rf.v3A3xBDfTQQUyQYeqrgE.jpg,563,537,Microplastic,196,253,221,280
190_jpg.rf.v3A3xBDfTQQUyQYeqrgE.jpg,563,537,Microplastic,355,280,385,301
190_jpg.rf.v3A3xBDfTQQUyQYeqrgE.jpg,563,537,Microplastic,65,294,86,317
190_jpg.rf.v3A3xBDfTQQUyQYeqrgE.jpg,563,537,Microplastic,174,340,199,371
190_jpg.rf.v3A3xBDfTQQUyQYeqrgE.jpg,563,537,Microplastic,274,360,304,395
190_jpg.rf.v3A3xBDfTQQUyQYeqrgE.jpg,563,537,Microplastic,234,380,254,401
190_jpg.rf.v3A3xBDfTQQUyQYeqrgE.jpg,563,537,Microplastic,139,394,171,418
190_jpg.rf.v3A3xBDfTQQUyQYeqrgE.jpg,563,537,Microplastic,140,424,168,455
190_jpg.rf.v3A3xBDfTQQUyQYeqrgE.jpg,563,537,Microplastic,54,494,120,536
190_jpg.rf.v3A3xBDfTQQUyQYeqrgE.jpg,563,537,Microplastic,359,514,386,536
190_jpg.rf.v3A3xBDfTQQUyQYeqrgE.jpg,563,537,Microplastic,284,0,310,11
165_jpg.rf.lS6rYRB5BGOQUukjpWli.jpg,563,537,Microplastic,262,17,289,43
165_jpg.rf.lS6rYRB5BGOQUukjpWli.jpg,563,537,Microplastic,85,102,106,131
165_jpg.rf.lS6rYRB5BGOQUukjpWli.jpg,563,537,Microplastic,249,142,271,165
165_jpg.rf.lS6rYRB5BGOQUukjpWli.jpg,563,537,Microplastic,365,144,385,168
165_jpg.rf.lS6rYRB5BGOQUukjpWli.jpg,563,537,Microplastic,20,187,42,217
165_jpg.rf.lS6rYRB5BGOQUukjpWli.jpg,563,537,Microplastic,289,207,304,224
165_jpg.rf.lS6rYRB5BGOQUukjpWli.jpg,563,537,Microplastic,189,259,207,275
165_jpg.rf.lS6rYRB5BGOQUukjpWli.jpg,563,537,Microplastic,227,274,244,302
165_jpg.rf.lS6rYRB5BGOQUukjpWli.jpg,563,537,Microplastic,35,285,63,306
165_jpg.rf.lS6rYRB5BGOQUukjpWli.jpg,563,537,Microplastic,252,289,273,319
165_jpg.rf.lS6rYRB5BGOQUukjpWli.jpg,563,537,Microplastic,142,317,172,355
165_jpg.rf.lS6rYRB5BGOQUukjpWli.jpg,563,537,Microplastic,409,334,428,354
165_jpg.rf.lS6rYRB5BGOQUukjpWli.jpg,563,537,Microplastic,109,400,131,423
157_jpg.rf.u6wX3KqxqZDg77U154jK.jpg,563,537,Microplastic,377,34,461,72
157_jpg.rf.u6wX3KqxqZDg77U154jK.jpg,563,537,Microplastic,195,87,217,111
157_jpg.rf.u6wX3KqxqZDg77U154jK.jpg,563,537,Microplastic,215,167,242,192
157_jpg.rf.u6wX3KqxqZDg77U154jK.jpg,563,537,Microplastic,85,174,116,202
157_jpg.rf.u6wX3KqxqZDg77U154jK.jpg,563,537,Microplastic,69,235,119,260
157_jpg.rf.u6wX3KqxqZDg77U154jK.jpg,563,537,Microplastic,499,242,520,275
157_jpg.rf.u6wX3KqxqZDg77U154jK.jpg,563,537,Microplastic,9,255,31,284
157_jpg.rf.u6wX3KqxqZDg77U154jK.jpg,563,537,Microplastic,297,265,325,297
157_jpg.rf.u6wX3KqxqZDg77U154jK.jpg,563,537,Microplastic,75,277,98,298
157_jpg.rf.u6wX3KqxqZDg77U154jK.jpg,563,537,Microplastic,127,280,160,320
157_jpg.rf.u6wX3KqxqZDg77U154jK.jpg,563,537,Microplastic,474,345,521,419
157_jpg.rf.u6wX3KqxqZDg77U154jK.jpg,563,537,Microplastic,100,379,122,403
157_jpg.rf.u6wX3KqxqZDg77U154jK.jpg,563,537,Microplastic,229,384,266,415
157_jpg.rf.u6wX3KqxqZDg77U154jK.jpg,563,537,Microplastic,164,400,187,425
157_jpg.rf.u6wX3KqxqZDg77U154jK.jpg,563,537,Microplastic,424,420,469,472
177_jpg.rf.v9BMVxKUyDxYrHR2y8gQ.jpg,563,537,Microplastic,102,170,123,196
177_jpg.rf.v9BMVxKUyDxYrHR2y8gQ.jpg,563,537,Microplastic,395,247,424,281
177_jpg.rf.v9BMVxKUyDxYrHR2y8gQ.jpg,563,537,Microplastic,160,254,188,290
177_jpg.rf.v9BMVxKUyDxYrHR2y8gQ.jpg,563,537,Microplastic,187,307,213,346
177_jpg.rf.v9BMVxKUyDxYrHR2y8gQ.jpg,563,537,Microplastic,175,379,209,427
167_jpg.rf.TDGKjcsjuhBMz0Afjzld.jpg,563,537,Microplastic,194,120,220,156
167_jpg.rf.TDGKjcsjuhBMz0Afjzld.jpg,563,537,Microplastic,515,154,533,179
167_jpg.rf.TDGKjcsjuhBMz0Afjzld.jpg,563,537,Microplastic,255,194,281,216
167_jpg.rf.TDGKjcsjuhBMz0Afjzld.jpg,563,537,Microplastic,407,204,441,247
167_jpg.rf.TDGKjcsjuhBMz0Afjzld.jpg,563,537,Microplastic,120,305,146,337
167_jpg.rf.TDGKjcsjuhBMz0Afjzld.jpg,563,537,Microplastic,349,309,364,341
167_jpg.rf.TDGKjcsjuhBMz0Afjzld.jpg,563,537,Microplastic,305,355,325,377
167_jpg.rf.TDGKjcsjuhBMz0Afjzld.jpg,563,537,Microplastic,142,365,163,385
167_jpg.rf.TDGKjcsjuhBMz0Afjzld.jpg,563,537,Microplastic,47,400,88,448
197_jpg.rf.FEeKMTPZ7DtquJkoeJ5G.jpg,563,537,Microplastic,49,0,71,16
197_jpg.rf.FEeKMTPZ7DtquJkoeJ5G.jpg,563,537,Microplastic,415,7,446,45
197_jpg.rf.FEeKMTPZ7DtquJkoeJ5G.jpg,563,537,Microplastic,214,54,236,90
197_jpg.rf.FEeKMTPZ7DtquJkoeJ5G.jpg,563,537,Microplastic,329,72,356,95
197_jpg.rf.FEeKMTPZ7DtquJkoeJ5G.jpg,563,537,Microplastic,282,104,305,131
197_jpg.rf.FEeKMTPZ7DtquJkoeJ5G.jpg,563,537,Microplastic,242,117,265,137
197_jpg.rf.FEeKMTPZ7DtquJkoeJ5G.jpg,563,537,Microplastic,209,127,227,149
197_jpg.rf.FEeKMTPZ7DtquJkoeJ5G.jpg,563,537,Microplastic,242,147,265,171
197_jpg.rf.FEeKMTPZ7DtquJkoeJ5G.jpg,563,537,Microplastic,17,160,49,193
197_jpg.rf.FEeKMTPZ7DtquJkoeJ5G.jpg,563,537,Microplastic,87,175,116,208
197_jpg.rf.FEeKMTPZ7DtquJkoeJ5G.jpg,563,537,Microplastic,442,194,484,224
197_jpg.rf.FEeKMTPZ7DtquJkoeJ5G.jpg,563,537,Microplastic,312,235,338,252
197_jpg.rf.FEeKMTPZ7DtquJkoeJ5G.jpg,563,537,Microplastic,39,310,75,340
197_jpg.rf.FEeKMTPZ7DtquJkoeJ5G.jpg,563,537,Microplastic,282,347,297,368
197_jpg.rf.FEeKMTPZ7DtquJkoeJ5G.jpg,563,537,Microplastic,495,381,511,405
197_jpg.rf.FEeKMTPZ7DtquJkoeJ5G.jpg,563,537,Microplastic,164,412,196,430
197_jpg.rf.FEeKMTPZ7DtquJkoeJ5G.jpg,563,537,Microplastic,284,447,312,472
188_jpg.rf.nT0fDc0WZash9YaoKNIi.jpg,563,537,Microplastic,52,69,64,95
188_jpg.rf.nT0fDc0WZash9YaoKNIi.jpg,563,537,Microplastic,454,54,491,111
188_jpg.rf.nT0fDc0WZash9YaoKNIi.jpg,563,537,Microplastic,255,95,288,118
188_jpg.rf.nT0fDc0WZash9YaoKNIi.jpg,563,537,Microplastic,337,115,361,137
188_jpg.rf.nT0fDc0WZash9YaoKNIi.jpg,563,537,Microplastic,122,135,152,158
188_jpg.rf.nT0fDc0WZash9YaoKNIi.jpg,563,537,Microplastic,364,139,389,154
188_jpg.rf.nT0fDc0WZash9YaoKNIi.jpg,563,537,Microplastic,74,177,95,203
188_jpg.rf.nT0fDc0WZash9YaoKNIi.jpg,563,537,Microplastic,330,182,355,204
188_jpg.rf.nT0fDc0WZash9YaoKNIi.jpg,563,537,Microplastic,227,207,252,237
188_jpg.rf.nT0fDc0WZash9YaoKNIi.jpg,563,537,Microplastic,245,279,268,311
188_jpg.rf.nT0fDc0WZash9YaoKNIi.jpg,563,537,Microplastic,307,294,325,330
188_jpg.rf.nT0fDc0WZash9YaoKNIi.jpg,563,537,Microplastic,109,357,159,388
188_jpg.rf.nT0fDc0WZash9YaoKNIi.jpg,563,537,Microplastic,327,354,361,393
188_jpg.rf.nT0fDc0WZash9YaoKNIi.jpg,563,537,Microplastic,145,455,174,492
160_jpg.rf.tTfIiTfbYHiTEeVygIoy.jpg,563,537,Microplastic,94,0,121,8
160_jpg.rf.tTfIiTfbYHiTEeVygIoy.jpg,563,537,Microplastic,169,22,227,67
160_jpg.rf.tTfIiTfbYHiTEeVygIoy.jpg,563,537,Microplastic,489,144,523,194
160_jpg.rf.tTfIiTfbYHiTEeVygIoy.jpg,563,537,Microplastic,399,222,445,261
160_jpg.rf.tTfIiTfbYHiTEeVygIoy.jpg,563,537,Microplastic,20,255,49,279
160_jpg.rf.tTfIiTfbYHiTEeVygIoy.jpg,563,537,Microplastic,35,299,93,323
160_jpg.rf.tTfIiTfbYHiTEeVygIoy.jpg,563,537,Microplastic,314,302,329,327
160_jpg.rf.tTfIiTfbYHiTEeVygIoy.jpg,563,537,Microplastic,215,314,238,350
160_jpg.rf.tTfIiTfbYHiTEeVygIoy.jpg,563,537,Microplastic,14,332,47,364
160_jpg.rf.tTfIiTfbYHiTEeVygIoy.jpg,563,537,Microplastic,312,337,328,362
160_jpg.rf.tTfIiTfbYHiTEeVygIoy.jpg,563,537,Microplastic,279,347,294,370
160_jpg.rf.tTfIiTfbYHiTEeVygIoy.jpg,563,537,Microplastic,485,363,509,396
160_jpg.rf.tTfIiTfbYHiTEeVygIoy.jpg,563,537,Microplastic,157,424,183,457
160_jpg.rf.tTfIiTfbYHiTEeVygIoy.jpg,563,537,Microplastic,384,414,435,470
160_jpg.rf.tTfIiTfbYHiTEeVygIoy.jpg,563,537,Microplastic,0,460,44,508
160_jpg.rf.tTfIiTfbYHiTEeVygIoy.jpg,563,537,Microplastic,342,520,377,536
160_jpg.rf.tTfIiTfbYHiTEeVygIoy.jpg,563,537,Microplastic,220,527,258,536
Screenshot 2026-04-16 at 4-29-19 PM_png.rf.6A5gCueQkyjM4rR3OQCd.png,1334,738,Microplastic,1005,165,1144,290
Screenshot 2026-04-16 at 4-29-19 PM_png.rf.6A5gCueQkyjM4rR3OQCd.png,1334,738,Microplastic,537,297,645,409
Screenshot 2026-04-16 at 4-29-19 PM_png.rf.6A5gCueQkyjM4rR3OQCd.png,1334,738,Microplastic,203,341,293,424
Screenshot 2026-04-16 at 4-29-19 PM_png.rf.6A5gCueQkyjM4rR3OQCd.png,1334,738,Microplastic,1262,192,1316,245
Screenshot 2026-04-16 at 4-29-19 PM_png.rf.6A5gCueQkyjM4rR3OQCd.png,1334,738,Microplastic,912,179,960,227
Screenshot 2026-04-16 at 4-29-19 PM_png.rf.6A5gCueQkyjM4rR3OQCd.png,1334,738,Microplastic,1041,608,1089,658
Screenshot 2026-04-16 at 4-29-19 PM_png.rf.6A5gCueQkyjM4rR3OQCd.png,1334,738,Microplastic,1073,2,1116,42
Screenshot 2026-04-16 at 4-29-19 PM_png.rf.6A5gCueQkyjM4rR3OQCd.png,1334,738,Microplastic,40,341,116,407
Screenshot 2026-04-16 at 4-29-19 PM_png.rf.6A5gCueQkyjM4rR3OQCd.png,1334,738,Microplastic,394,550,433,590
Screenshot 2026-04-16 at 4-29-19 PM_png.rf.6A5gCueQkyjM4rR3OQCd.png,1334,738,Microplastic,379,522,536,678
Screenshot 2026-04-16 at 4-29-19 PM_png.rf.6A5gCueQkyjM4rR3OQCd.png,1334,738,Microplastic,368,84,422,141
Screenshot 2026-04-16 at 4-50-06 PM_png.rf.1qbJkvxjETWAl1gDeXH8.png,1572,846,Microplastic,1338,769,1413,836
Screenshot 2026-04-16 at 4-50-06 PM_png.rf.1qbJkvxjETWAl1gDeXH8.png,1572,846,Microplastic,1252,421,1323,497
Screenshot 2026-04-16 at 4-50-06 PM_png.rf.1qbJkvxjETWAl1gDeXH8.png,1572,846,Microplastic,144,102,223,169
Screenshot 2026-04-16 at 4-50-06 PM_png.rf.1qbJkvxjETWAl1gDeXH8.png,1572,846,Microplastic,1337,738,1572,844
Screenshot 2026-04-16 at 4-50-06 PM_png.rf.1qbJkvxjETWAl1gDeXH8.png,1572,846,Microplastic,322,660,645,827
Screenshot 2026-04-16 at 4-50-06 PM_png.rf.1qbJkvxjETWAl1gDeXH8.png,1572,846,Microplastic,1006,59,1058,104
Screenshot 2026-04-16 at 4-32-33 PM_png.rf.4Eg4Lr66E5HRTzojrTf3.png,1508,846,Microplastic,202,30,239,62
Screenshot 2026-04-16 at 4-32-33 PM_png.rf.4Eg4Lr66E5HRTzojrTf3.png,1508,846,Microplastic,11,224,54,264
Screenshot 2026-04-16 at 4-32-33 PM_png.rf.4Eg4Lr66E5HRTzojrTf3.png,1508,846,Microplastic,1391,412,1438,457
Screenshot 2026-04-16 at 4-32-33 PM_png.rf.4Eg4Lr66E5HRTzojrTf3.png,1508,846,Microplastic,893,290,1166,450
Screenshot 2026-04-16 at 4-32-33 PM_png.rf.4Eg4Lr66E5HRTzojrTf3.png,1508,846,Microplastic,1025,549,1215,660
Screenshot 2026-04-16 at 4-32-33 PM_png.rf.4Eg4Lr66E5HRTzojrTf3.png,1508,846,Microplastic,390,592,447,637
Screenshot 2026-04-16 at 4-32-33 PM_png.rf.4Eg4Lr66E5HRTzojrTf3.png,1508,846,Microplastic,842,30,896,82
Screenshot 2026-04-16 at 4-32-33 PM_png.rf.4Eg4Lr66E5HRTzojrTf3.png,1508,846,Microplastic,1401,6,1450,56
Screenshot 2026-04-16 at 4-32-33 PM_png.rf.4Eg4Lr66E5HRTzojrTf3.png,1508,846,Microplastic,490,434,683,540
Screenshot 2026-04-16 at 4-32-33 PM_png.rf.4Eg4Lr66E5HRTzojrTf3.png,1508,846,Microplastic,942,63,999,109
Screenshot 2026-04-16 at 4-32-33 PM_png.rf.4Eg4Lr66E5HRTzojrTf3.png,1508,846,Microplastic,35,402,87,441
Screenshot 2026-04-16 at 4-32-33 PM_png.rf.4Eg4Lr66E5HRTzojrTf3.png,1508,846,Microplastic,853,177,920,236
Screenshot 2026-04-16 at 4-32-33 PM_png.rf.4Eg4Lr66E5HRTzojrTf3.png,1508,846,Microplastic,102,478,144,514
Screenshot 2026-04-16 at 4-32-33 PM_png.rf.4Eg4Lr66E5HRTzojrTf3.png,1508,846,Microplastic,1032,603,1079,643
Screenshot 2026-04-16 at 4-32-33 PM_png.rf.4Eg4Lr66E5HRTzojrTf3.png,1508,846,Microplastic,920,397,969,437
Screenshot 2026-04-16 at 4-32-33 PM_png.rf.4Eg4Lr66E5HRTzojrTf3.png,1508,846,Microplastic,1299,585,1337,619
Screenshot 2026-04-16 at 4-32-33 PM_png.rf.4Eg4Lr66E5HRTzojrTf3.png,1508,846,Microplastic,349,742,398,786
Screenshot 2026-04-16 at 4-32-33 PM_png.rf.4Eg4Lr66E5HRTzojrTf3.png,1508,846,Microplastic,13,0,52,22
Screenshot 2026-04-16 at 4-32-33 PM_png.rf.4Eg4Lr66E5HRTzojrTf3.png,1508,846,Microplastic,132,767,180,804
Screenshot 2026-04-16 at 4-32-33 PM_png.rf.4Eg4Lr66E5HRTzojrTf3.png,1508,846,Microplastic,78,503,297,664
Screenshot 2026-04-16 at 4-32-33 PM_png.rf.4Eg4Lr66E5HRTzojrTf3.png,1508,846,Microplastic,815,1,870,35
Screenshot 2026-04-16 at 4-32-33 PM_png.rf.4Eg4Lr66E5HRTzojrTf3.png,1508,846,Microplastic,1156,0,1198,18
Screenshot 2026-04-16 at 4-32-33 PM_png.rf.4Eg4Lr66E5HRTzojrTf3.png,1508,846,Microplastic,709,338,768,391
Screenshot 2026-04-16 at 4-32-33 PM_png.rf.4Eg4Lr66E5HRTzojrTf3.png,1508,846,Microplastic,889,604,933,641
Screenshot 2026-04-16 at 4-32-33 PM_png.rf.4Eg4Lr66E5HRTzojrTf3.png,1508,846,Microplastic,1252,737,1291,771
Screenshot 2026-04-16 at 4-32-33 PM_png.rf.4Eg4Lr66E5HRTzojrTf3.png,1508,846,Microplastic,732,766,768,792
Screenshot 2026-04-16 at 4-32-33 PM_png.rf.4Eg4Lr66E5HRTzojrTf3.png,1508,846,Microplastic,1148,181,1211,225
Screenshot 2026-04-16 at 4-32-33 PM_png.rf.4Eg4Lr66E5HRTzojrTf3.png,1508,846,Microplastic,1456,238,1490,269
Screenshot 2026-04-16 at 4-32-33 PM_png.rf.4Eg4Lr66E5HRTzojrTf3.png,1508,846,Microplastic,719,681,762,721
Screenshot 2026-04-16 at 4-32-33 PM_png.rf.4Eg4Lr66E5HRTzojrTf3.png,1508,846,Microplastic,1340,198,1373,230
Screenshot 2026-04-16 at 4-32-33 PM_png.rf.4Eg4Lr66E5HRTzojrTf3.png,1508,846,Microplastic,714,97,773,139
Screenshot 2026-04-16 at 4-47-31 PM_png.rf.AzvHEI56PbZ1997tu5bU.png,1552,872,Microplastic,1053,336,1112,391
Screenshot 2026-04-16 at 4-47-31 PM_png.rf.AzvHEI56PbZ1997tu5bU.png,1552,872,Microplastic,227,626,325,718
Screenshot 2026-04-16 at 4-47-31 PM_png.rf.AzvHEI56PbZ1997tu5bU.png,1552,872,Microplastic,1100,617,1172,690
Screenshot 2026-04-16 at 4-47-31 PM_png.rf.AzvHEI56PbZ1997tu5bU.png,1552,872,Microplastic,775,221,841,289
Screenshot 2026-04-16 at 4-47-31 PM_png.rf.AzvHEI56PbZ1997tu5bU.png,1552,872,Microplastic,787,126,817,165
Screenshot 2026-04-16 at 4-47-31 PM_png.rf.AzvHEI56PbZ1997tu5bU.png,1552,872,Microplastic,511,146,546,181
Screenshot 2026-04-16 at 4-47-31 PM_png.rf.AzvHEI56PbZ1997tu5bU.png,1552,872,Microplastic,852,452,891,483
Screenshot 2026-04-16 at 4-47-31 PM_png.rf.AzvHEI56PbZ1997tu5bU.png,1552,872,Microplastic,1519,692,1538,711
Screenshot 2026-04-16 at 4-27-26 PM_png.rf.4iWrLL2HR183LfZXb8Gv.png,1600,902,Microplastic,15,842,127,897
Screenshot 2026-04-16 at 4-27-26 PM_png.rf.4iWrLL2HR183LfZXb8Gv.png,1600,902,Microplastic,519,414,717,595
Screenshot 2026-04-16 at 4-27-26 PM_png.rf.4iWrLL2HR183LfZXb8Gv.png,1600,902,Microplastic,124,99,188,194
Screenshot 2026-04-16 at 4-27-26 PM_png.rf.4iWrLL2HR183LfZXb8Gv.png,1600,902,Microplastic,1163,101,1355,229
Screenshot 2026-04-16 at 4-27-26 PM_png.rf.4iWrLL2HR183LfZXb8Gv.png,1600,902,Microplastic,248,686,446,847
Screenshot 2026-04-16 at 4-27-26 PM_png.rf.4iWrLL2HR183LfZXb8Gv.png,1600,902,Microplastic,74,500,193,662
Screenshot 2026-03-25 at 1-02-57 PM_png.rf.HnsEdFa6jGFsZ3HByiRP.png,1014,546,Microplastic,618,248,685,300
Screenshot 2026-03-25 at 1-02-57 PM_png.rf.HnsEdFa6jGFsZ3HByiRP.png,1014,546,Microplastic,279,257,329,305
Screenshot 2026-03-25 at 1-02-57 PM_png.rf.HnsEdFa6jGFsZ3HByiRP.png,1014,546,Microplastic,289,413,343,459
168_jpg.rf.r13OLP7wAyGoUjJWrGCB.jpg,563,537,Microplastic,249,85,270,104
168_jpg.rf.r13OLP7wAyGoUjJWrGCB.jpg,563,537,Microplastic,309,114,347,146
168_jpg.rf.r13OLP7wAyGoUjJWrGCB.jpg,563,537,Microplastic,269,157,286,179
168_jpg.rf.r13OLP7wAyGoUjJWrGCB.jpg,563,537,Microplastic,389,167,413,189
168_jpg.rf.r13OLP7wAyGoUjJWrGCB.jpg,563,537,Microplastic,515,209,537,258
168_jpg.rf.r13OLP7wAyGoUjJWrGCB.jpg,563,537,Microplastic,282,224,306,255
168_jpg.rf.r13OLP7wAyGoUjJWrGCB.jpg,563,537,Microplastic,275,275,294,295
168_jpg.rf.r13OLP7wAyGoUjJWrGCB.jpg,563,537,Microplastic,134,287,158,323
168_jpg.rf.r13OLP7wAyGoUjJWrGCB.jpg,563,537,Microplastic,212,320,239,348
168_jpg.rf.r13OLP7wAyGoUjJWrGCB.jpg,563,537,Microplastic,285,327,311,359
168_jpg.rf.r13OLP7wAyGoUjJWrGCB.jpg,563,537,Microplastic,239,357,270,376
168_jpg.rf.r13OLP7wAyGoUjJWrGCB.jpg,563,537,Microplastic,182,359,195,387
168_jpg.rf.r13OLP7wAyGoUjJWrGCB.jpg,563,537,Microplastic,135,360,152,387
168_jpg.rf.r13OLP7wAyGoUjJWrGCB.jpg,563,537,Microplastic,202,367,223,386
Screenshot 2026-04-16 at 4-47-57 PM_png.rf.EZ9pWKgKT6pEragLNIIt.png,1476,828,Microplastic,1085,440,1181,530
Screenshot 2026-04-16 at 4-47-57 PM_png.rf.EZ9pWKgKT6pEragLNIIt.png,1476,828,Microplastic,184,400,212,428
Screenshot 2026-04-16 at 4-47-57 PM_png.rf.EZ9pWKgKT6pEragLNIIt.png,1476,828,Microplastic,860,640,884,663
Screenshot 2026-04-16 at 4-47-57 PM_png.rf.EZ9pWKgKT6pEragLNIIt.png,1476,828,Microplastic,686,93,768,177
Screenshot 2026-04-16 at 4-47-57 PM_png.rf.EZ9pWKgKT6pEragLNIIt.png,1476,828,Microplastic,1160,665,1260,757
Screenshot 2026-04-16 at 4-47-57 PM_png.rf.EZ9pWKgKT6pEragLNIIt.png,1476,828,Microplastic,818,796,869,825
Screenshot 2026-04-16 at 4-47-57 PM_png.rf.EZ9pWKgKT6pEragLNIIt.png,1476,828,Microplastic,1202,335,1264,398
Screenshot 2026-04-16 at 4-47-57 PM_png.rf.EZ9pWKgKT6pEragLNIIt.png,1476,828,Microplastic,1182,286,1205,308
Screenshot 2026-04-16 at 4-47-57 PM_png.rf.EZ9pWKgKT6pEragLNIIt.png,1476,828,Microplastic,1374,698,1410,733
Screenshot 2026-04-16 at 4-47-57 PM_png.rf.EZ9pWKgKT6pEragLNIIt.png,1476,828,Microplastic,189,465,243,505
Screenshot 2026-04-16 at 4-47-57 PM_png.rf.EZ9pWKgKT6pEragLNIIt.png,1476,828,Microplastic,1394,756,1426,795
Screenshot 2026-04-16 at 4-47-57 PM_png.rf.EZ9pWKgKT6pEragLNIIt.png,1476,828,Microplastic,1183,612,1206,637
Screenshot 2026-04-16 at 4-47-57 PM_png.rf.EZ9pWKgKT6pEragLNIIt.png,1476,828,Microplastic,1387,281,1415,307
Screenshot 2026-04-16 at 4-46-41 PM_png.rf.BkHXuQSZyi3g3b9vyZoe.png,1440,838,Microplastic,842,171,893,229
Screenshot 2026-04-16 at 4-46-41 PM_png.rf.BkHXuQSZyi3g3b9vyZoe.png,1440,838,Microplastic,1020,57,1051,87
Screenshot 2026-04-16 at 4-46-41 PM_png.rf.BkHXuQSZyi3g3b9vyZoe.png,1440,838,Microplastic,454,31,474,49
Screenshot 2026-04-16 at 4-46-41 PM_png.rf.BkHXuQSZyi3g3b9vyZoe.png,1440,838,Microplastic,657,282,711,313
Screenshot 2026-04-16 at 4-46-41 PM_png.rf.BkHXuQSZyi3g3b9vyZoe.png,1440,838,Microplastic,889,406,918,440
Screenshot 2026-04-16 at 4-46-41 PM_png.rf.BkHXuQSZyi3g3b9vyZoe.png,1440,838,Microplastic,539,695,570,719
Screenshot 2026-04-16 at 4-46-41 PM_png.rf.BkHXuQSZyi3g3b9vyZoe.png,1440,838,Microplastic,761,553,861,639
Screenshot 2026-04-16 at 4-46-41 PM_png.rf.BkHXuQSZyi3g3b9vyZoe.png,1440,838,Microplastic,1256,349,1277,368
Screenshot 2026-04-16 at 4-46-41 PM_png.rf.BkHXuQSZyi3g3b9vyZoe.png,1440,838,Microplastic,656,11,690,38
Screenshot 2026-04-16 at 4-46-41 PM_png.rf.BkHXuQSZyi3g3b9vyZoe.png,1440,838,Microplastic,803,476,891,540
Screenshot 2026-04-16 at 4-46-41 PM_png.rf.BkHXuQSZyi3g3b9vyZoe.png,1440,838,Microplastic,875,311,928,348
Screenshot 2026-04-16 at 4-46-41 PM_png.rf.BkHXuQSZyi3g3b9vyZoe.png,1440,838,Microplastic,945,553,967,574
Screenshot 2026-04-16 at 4-46-41 PM_png.rf.BkHXuQSZyi3g3b9vyZoe.png,1440,838,Microplastic,1240,278,1384,385
Screenshot 2026-04-16 at 4-46-41 PM_png.rf.BkHXuQSZyi3g3b9vyZoe.png,1440,838,Microplastic,156,488,175,507
Screenshot 2026-04-16 at 4-46-41 PM_png.rf.BkHXuQSZyi3g3b9vyZoe.png,1440,838,Microplastic,785,498,809,518
Screenshot 2026-04-19 at 4-32-53 PM_png.rf.HdzrxGa84cofU0c44XQC.png,1562,820,Microplastic,1400,748,1437,789
Screenshot 2026-04-19 at 4-32-53 PM_png.rf.HdzrxGa84cofU0c44XQC.png,1562,820,Microplastic,294,712,335,742
Screenshot 2026-04-19 at 4-32-53 PM_png.rf.HdzrxGa84cofU0c44XQC.png,1562,820,Microplastic,0,596,30,623
Screenshot 2026-04-19 at 4-32-53 PM_png.rf.HdzrxGa84cofU0c44XQC.png,1562,820,Microplastic,765,687,790,707
Screenshot 2026-03-25 at 1-03-13 PM_png.rf.BEX4Uq07BaHIDpTYCngp.png,1112,558,Microplastic,484,394,566,494